9.999999993901691475e-01,9.999999993446303526e-01,9.999999993704713486e-01,9.999999994410557758e-01,9.999999993987489511e-01,9.999999994638859580e-01,9.999999993939991949e-01,9.999999993948528454e-01,9.999999993254361508e-01,9.999999994384826119e-01
9.960920888232056569e-01,9.992504849310853698e-01,9.961569672803328723e-01,9.979038103766669776e-01,9.454180502905108474e-01,9.994925416841070609e-01,9.933072650271353998e-01,9.982746643684766719e-01,9.951749593666212590e-01,9.989420707098732866e-01
9.655680344066264187e-01,9.938988919066191752e-01,9.965267600248001179e-01,9.834062240914370756e-01,nan,9.957961822061809354e-01,9.451325107323951258e-01,9.890792104950478780e-01,9.836181502055838521e-01,9.955168194928715186e-01
9.298699082974947183e-01,9.879076393870399597e-01,9.872642364204207155e-01,9.632940137433940730e-01,nan,9.930869179143390069e-01,9.075591434961924886e-01,9.873340232431574437e-01,9.540880451175896004e-01,9.972648463613107417e-01
9.389388447935930193e-01,9.890251457660181877e-01,9.970049172435406781e-01,9.676571083608612733e-01,9.415351520382998496e-01,9.951248247246489154e-01,9.363769996463969791e-01,9.904510184998392974e-01,9.678640639018253333e-01,9.970179519986687167e-01
9.838529199451753193e-01,9.954465361648573429e-01,9.978614651227232235e-01,9.919496487099339621e-01,9.749481186996679094e-01,9.964435534203289757e-01,9.715719160631373086e-01,9.910198827737416449e-01,9.909008380354205059e-01,9.990507231731229343e-01
9.983007968634722840e-01,9.961677209590258375e-01,9.995045842024138372e-01,9.990423702682126317e-01,9.925236553691254571e-01,9.943492715525532599e-01,9.613507368536665654e-01,9.857015536132756051e-01,9.991386456330111354e-01,9.997809615311615827e-01
9.842778154390707801e-01,9.899144366969763187e-01,9.963923557673255438e-01,9.910679597879176184e-01,8.300715352102504552e-01,9.881306914970322541e-01,9.510994482554285812e-01,9.734328825404396923e-01,9.899959015544144147e-01,9.984350532016333934e-01
9.852970656266878402e-01,9.846181202651622666e-01,9.892965297258593527e-01,9.902122234335639650e-01,8.649935393256606986e-01,9.798714789907043698e-01,9.739766205940345589e-01,9.553137284827952769e-01,9.866768814093530571e-01,9.961404953518229188e-01
9.925181496739506892e-01,9.833706105858959212e-01,9.933308608478113033e-01,9.925522642711581689e-01,9.489269205492883996e-01,9.716457801036813002e-01,9.512267482354449522e-01,9.349395275591282362e-01,9.945336834038432938e-01,9.969389414903147006e-01
9.875470563209275410e-01,9.838019761430925048e-01,9.907077359271211359e-01,9.920100985274804550e-01,8.216819738031774234e-01,9.614583558942693120e-01,8.862434913437248207e-01,9.148718961513975234e-01,9.884041148577407121e-01,9.971020851763034987e-01
9.897720109809657885e-01,9.833097837741515690e-01,9.966093593822145102e-01,9.946488372693478297e-01,9.478653412349281604e-01,9.481858997639315279e-01,9.288516390743843942e-01,8.943788638615480791e-01,9.951838326998456719e-01,9.985668501726991941e-01
9.872895623907189666e-01,9.817843875474674409e-01,9.953165850061155284e-01,9.939552288725223006e-01,9.745780328246064217e-01,9.307866345819004739e-01,9.905869154665332132e-01,8.685416781051532586e-01,9.933918200395485121e-01,9.984419779185368382e-01
9.445637323081929049e-01,9.772625064935073214e-01,9.943662766468136516e-01,9.707548497656308673e-01,9.461299482612137712e-01,9.085557443787480869e-01,8.687766835941332921e-01,8.411222249366222536e-01,9.724753934836704028e-01,9.963702477964022641e-01
9.028276484238505484e-01,9.717283601193716924e-01,9.791843732215741447e-01,9.484904703666765524e-01,7.808068798949184819e-01,8.820356588716377066e-01,7.319902993795878166e-01,8.140917279755888192e-01,9.406340794166987429e-01,9.926272224099262909e-01
9.176891029343076100e-01,9.705390618718287010e-01,9.894180992016099463e-01,9.589081230492141339e-01,nan,8.549102280520877173e-01,8.181399008239849113e-01,7.888193448889907478e-01,9.601001089287600765e-01,9.936328497218571698e-01
9.604280556556956672e-01,9.759592906719715133e-01,9.861582949334309900e-01,9.813208686771310862e-01,8.109532157281817977e-01,8.289981389733906969e-01,9.630799183151996790e-01,7.776913130930902529e-01,9.760818901990576668e-01,9.953432125685283127e-01
9.712484816218033279e-01,9.797348079362321327e-01,9.901718053710852896e-01,9.904382670608218309e-01,9.730810845411250742e-01,8.001093139485863093e-01,8.552737805861162501e-01,7.717987930984441247e-01,9.863896882446852032e-01,9.952010609524861717e-01
9.649338316670563742e-01,9.753339123652693399e-01,9.874075352437866604e-01,9.883508554781806899e-01,9.580840434706258124e-01,7.676459624918440250e-01,6.875185828544030375e-01,7.699579928671591578e-01,9.825666117484848083e-01,9.939776755681464238e-01
9.483892782783129860e-01,9.649491788832387229e-01,9.836455365569776177e-01,9.790814694678684482e-01,7.455672968222448738e-01,7.334227191092683729e-01,8.047489598088686247e-01,7.726981393061018721e-01,9.734706070730645422e-01,9.913469669370600368e-01
9.127638168800472629e-01,9.554984734577727234e-01,9.779978807781584127e-01,9.592824799033035088e-01,nan,6.993802213523903077e-01,9.339189216012856454e-01,7.894438536081412883e-01,9.506474412121138640e-01,9.881764688246134076e-01
8.857920791212564593e-01,9.460510062484546179e-01,9.754956898125856091e-01,9.473889865887019646e-01,7.991685382541686700e-01,6.682766554424904859e-01,7.346935670863747880e-01,8.144827949513365750e-01,9.379066656075412123e-01,9.869856462440548261e-01
9.057263142829796720e-01,9.323487492345540195e-01,9.803623420865965610e-01,9.641646928272247230e-01,9.266175922872852411e-01,6.394035572678643531e-01,5.412336220732768544e-01,8.437247223310190281e-01,9.533751030819455075e-01,9.877330478001981051e-01
9.248054362226978409e-01,9.154197972447348786e-01,9.799627280754242831e-01,9.778529771956750993e-01,9.326808976468614620e-01,6.122247798560154219e-01,7.402659484780694799e-01,8.765243712203817372e-01,9.640734611613254179e-01,9.870499217897021893e-01
9.022036617738166120e-01,8.956164914983335557e-01,9.766434797566803105e-01,9.659275555897641752e-01,8.324178120433887162e-01,5.869989806515567565e-01,9.550848953434659672e-01,9.050791218488822842e-01,9.523779206649163331e-01,9.844351645531969064e-01
8.788325149762062916e-01,8.715656424144774261e-01,9.646942009978587418e-01,9.518391427696740736e-01,7.211656766310784450e-01,5.644001880944877758e-01,7.056199160055885988e-01,9.263376596001515750e-01,9.335136487984352360e-01,9.798391181987089471e-01
8.816903116713440403e-01,8.501561068114437125e-01,9.687748293341684747e-01,9.514201345170448798e-01,8.836262052515369003e-01,5.476130030948679339e-01,4.206843018576633675e-01,9.484174495689674522e-01,9.431531833679045462e-01,9.762302551025693331e-01
8.795175883792260008e-01,8.414779518308195261e-01,9.553749171527112782e-01,9.551236506427746020e-01,8.222060246659173011e-01,5.381477484917869258e-01,6.578377959661868557e-01,9.615857131688795301e-01,9.330992215600401041e-01,9.744367322729097225e-01
8.660408587778469780e-01,8.416388871226946344e-01,9.612140809486324766e-01,9.529273751477949084e-01,8.074622147949924722e-01,5.343748492797069094e-01,9.529330352287491701e-01,9.604586250266105019e-01,9.348063499852454772e-01,9.732772359909505067e-01
8.572833405223094783e-01,8.426763987574844572e-01,9.561608366154218386e-01,9.512038358699999030e-01,8.702775361683399158e-01,5.347676235331577654e-01,6.615333818105064712e-01,9.444892841338199396e-01,9.300505627441297829e-01,9.712175800027282868e-01
8.254267897222771211e-01,8.441066224717008737e-01,9.487314613701934851e-01,9.323926139817650949e-01,8.218887387854780791e-01,5.394178041931688705e-01,2.990709469341654714e-01,9.091362006064098722e-01,9.125039258662930308e-01,9.668515965752805252e-01
7.696409639607417752e-01,8.506154181981550044e-01,9.330880853047630596e-01,8.980722789733007749e-01,7.962106430917340605e-01,5.479809719626438369e-01,5.448684367543039642e-01,8.530074406752652383e-01,8.754585285253362326e-01,9.609434009769899365e-01
7.472581251620415976e-01,8.594100833935831574e-01,9.311161896505826263e-01,8.871297613476766264e-01,nan,5.603285848531907032e-01,8.541228116043382279e-01,7.832112074357756581e-01,8.668743502465431350e-01,9.587946102563087436e-01
7.730284201913314446e-01,8.675945315750437370e-01,9.228656809784873127e-01,9.035174034877755389e-01,nan,5.780105494596505800e-01,5.778893943822637214e-01,7.127280860874656288e-01,8.798107352434226813e-01,9.555181229944295085e-01
7.893588045399572151e-01,8.752642140050095332e-01,9.186118058011740750e-01,9.181772048169575262e-01,7.855073156523274536e-01,5.998849710314659855e-01,1.956976875946049299e-01,6.287404714573057163e-01,8.920805048213608091e-01,9.518036847921615973e-01
7.796352319001710329e-01,8.771172524540614690e-01,9.112418596180108521e-01,9.144285020800626551e-01,8.064839354269156546e-01,6.230260761875757725e-01,5.304423256766067629e-01,5.356483115493967384e-01,8.871265220220658776e-01,9.469738307821714551e-01
7.652991389149998991e-01,8.665948756625234672e-01,8.984553038759647281e-01,9.049785946972608297e-01,7.347346047652132395e-01,6.457494940910568637e-01,9.272897948277176727e-01,4.403180713609768371e-01,8.755925432561424415e-01,9.408401252083149480e-01
7.427165042328719435e-01,8.473662645807430449e-01,8.903340285519951713e-01,8.901529775758443286e-01,nan,6.677422373548066448e-01,5.399926103021845947e-01,3.490801130122456741e-01,8.640141710460054192e-01,9.311388715371293756e-01
7.076197696639733303e-01,8.265911974536780393e-01,8.745415637137688991e-01,8.694131489369317789e-01,nan,6.899875627631200103e-01,1.031862391837662929e-01,2.681148570708624113e-01,8.358567251886207528e-01,9.264750964559999025e-01
6.992020453405882741e-01,8.037460564681502273e-01,8.771026485820939689e-01,8.690537692829304328e-01,7.296667701292576247e-01,7.103424875319638288e-01,4.597533607080144247e-01,2.024665006467782358e-01,8.382158629986765641e-01,9.235881703811192889e-01
7.108947695061496042e-01,7.747659483134965441e-01,8.694620792186359415e-01,8.795904188892074149e-01,7.563708417719374744e-01,7.258399298224930130e-01,9.151320112882016522e-01,1.532847431495895640e-01,8.428787392629364383e-01,9.184613731974572426e-01
6.973261338516032470e-01,7.391552712846307660e-01,8.628547747736277085e-01,8.720085197713058900e-01,7.237769777686645645e-01,7.360484377494921349e-01,5.156443413601931036e-01,1.233018824464256619e-01,8.339482891669317555e-01,9.127973089741393542e-01
6.643453372387205791e-01,7.033586308322382630e-01,8.495907581853382462e-01,8.513449079513898399e-01,5.628130269152220588e-01,7.404328380101408147e-01,4.225962852487123028e-02,1.148574115450737010e-01,8.078312848764800380e-01,9.062438294527093152e-01
6.551680780312305608e-01,6.731492595898946885e-01,8.453857672714030214e-01,8.430666486315534502e-01,6.396315432129423550e-01,7.387774795341025547e-01,4.243678496159370428e-01,1.290302643058039433e-01,8.036331984087408120e-01,8.965101840367333264e-01
6.606237029310121356e-01,6.521218665814951798e-01,8.326728236443189379e-01,8.488843305945243944e-01,7.285076838722068793e-01,7.316365305944766417e-01,8.974410667384553619e-01,1.636017848426392085e-01,7.969219636140545404e-01,8.894081724093066965e-01
6.545048911586275331e-01,6.419855983905408126e-01,8.344736531831193904e-01,8.472426508841831572e-01,6.475640419552242122e-01,7.193002649467611365e-01,4.914332910698414603e-01,2.172205789288745581e-01,7.958566166957984356e-01,8.834504290477532829e-01
6.457698868458483510e-01,6.430550348361273594e-01,8.292154167468603898e-01,8.431030359645896866e-01,7.004640581165371138e-01,6.994327578904071530e-01,9.469864593753814924e-03,2.873949251598608146e-01,7.865567140157014858e-01,8.754319516076948249e-01
6.317216448121147909e-01,6.521366907940033819e-01,8.213598035974835065e-01,8.337198572830193388e-01,6.892585862947838704e-01,6.712280467479374568e-01,4.078028691622748170e-01,3.666426485455449580e-01,7.721398765534061015e-01,8.661583867339700538e-01
5.953860417108890468e-01,6.657673011571809685e-01,8.123390803776403546e-01,8.085771197455430270e-01,7.205170095446223888e-01,6.377743133382300922e-01,8.427773114413552591e-01,4.499057965335023224e-01,7.428580449659026863e-01,8.573473106436063640e-01
5.624341631649426576e-01,6.857251067766709784e-01,7.995145529647633698e-01,7.873911071579325904e-01,5.970993839503561107e-01,6.013938425145345379e-01,4.345552272524106363e-01,5.316803690082912981e-01,7.116932398708183394e-01,8.474215716740225446e-01
5.695154401355658758e-01,7.138151476850300714e-01,7.958285796120627698e-01,7.898450042785054581e-01,nan,5.645147076315099044e-01,4.735662547540255181e-03,6.117829921865812759e-01,7.131494045452464459e-01,8.388837687996943959e-01
5.926904990852924771e-01,7.416270436273690869e-01,7.873549536101899227e-01,8.054499532862628985e-01,6.276069290019908875e-01,5.269956784264699934e-01,3.886169864850993472e-01,6.821214834236410951e-01,7.187749098827926897e-01,8.337078469381453694e-01
5.974004596048411164e-01,7.579649773730915419e-01,7.802607447948808339e-01,8.072347931608127025e-01,7.273812413869600313e-01,4.873108884653062356e-01,8.553289687190916979e-01,7.387085928944772117e-01,7.147001723386818828e-01,8.266706846637978945e-01
5.902557595134502177e-01,7.607532632285342045e-01,7.659739847552178293e-01,7.992290397921462120e-01,7.213619474977674972e-01,4.462689926949184316e-01,4.692911828701987753e-01,7.748005350572273464e-01,6.986496496157129643e-01,8.161146943779812313e-01
5.856939291718357143e-01,7.496581412947530554e-01,7.551786246481568821e-01,7.916381993402518136e-01,5.319868458729357652e-01,4.046741350013358662e-01,2.790261783909513127e-02,7.907604806923227425e-01,6.873992830100748019e-01,8.047957359131762134e-01
5.709168899963610322e-01,7.230812517179765475e-01,7.333367359112810124e-01,7.760956767137920931e-01,nan,3.657804445747407374e-01,3.763634975929552318e-01,7.919778719313310678e-01,6.601921790993664496e-01,7.935804443413453368e-01
5.613772782919148607e-01,6.845139814153977653e-01,7.275386935763393792e-01,7.640737661944930759e-01,6.175225628259590760e-01,3.319741625740185165e-01,7.717013104781882404e-01,7.802789992669413310e-01,6.491199707299937227e-01,7.814802989940514699e-01
5.711846064551858726e-01,6.398269161531983107e-01,7.130514427634645491e-01,7.624894009337854772e-01,7.016640307530452869e-01,3.017434932984164320e-01,4.581958076932713397e-01,7.494832037548238013e-01,6.403588001246588446e-01,7.721384407992349930e-01
5.774796760019859088e-01,5.888320674910713093e-01,7.000143651761080443e-01,7.574029719898635049e-01,6.970301931397031581e-01,2.743108199584665119e-01,7.359264216694788585e-02,7.047492409638121957e-01,6.313934869750065237e-01,7.617851329092155677e-01
5.595044932208467214e-01,5.331213090722888293e-01,6.826212058527677540e-01,7.359199660572779411e-01,5.861283852178862386e-01,2.497589423076053139e-01,3.779991646867383870e-01,6.466297205650834989e-01,6.059121322003785393e-01,7.498491970448986077e-01
5.482156153658833686e-01,4.831664270562934793e-01,6.656939100438831192e-01,7.153011687923369610e-01,5.256350260051402268e-01,2.282278480565773371e-01,6.970757151237021443e-01,5.845174330850880784e-01,5.837790098139284956e-01,7.394163765901878849e-01
5.631539680775037304e-01,4.476470327494583845e-01,6.522594073697340900e-01,7.135436784448073722e-01,6.657066946884343528e-01,2.098845887095336926e-01,4.347811972439201700e-01,5.212147933324229321e-01,5.756241333379555902e-01,7.281032446807831349e-01
5.810146488748656468e-01,4.275223654629210501e-01,6.397600756086612162e-01,7.135632753831882003e-01,6.307031633902381307e-01,1.949493476196979547e-01,1.285345445084402627e-01,4.606103167417291977e-01,5.687445112159356109e-01,7.188256890372917152e-01
5.892148535625999495e-01,4.227103096309257069e-01,6.309693515274761300e-01,7.055599309358587812e-01,6.636807484272808644e-01,1.837831691258481892e-01,3.943630656119546662e-01,4.070404896291670016e-01,5.578746167329825534e-01,7.092881049496518875e-01
5.936603073065815916e-01,4.335238754642048442e-01,6.196076904739316049e-01,6.958070709615011840e-01,7.036898785197068795e-01,1.758563743447096595e-01,6.900582840290516717e-01,3.595974481799023015e-01,5.429169180162520814e-01,6.970793953722517200e-01
5.852723717473320431e-01,4.583720541661047143e-01,6.093087476444519757e-01,6.791266127811852460e-01,6.650254386031021481e-01,1.704632252705955975e-01,4.390897408643979483e-01,3.211936046353273677e-01,5.228532793332325568e-01,6.841220380045993643e-01
5.620451045079776220e-01,4.935176480432780233e-01,5.922849070613211975e-01,6.559916460164799679e-01,6.304948607809220951e-01,1.669924670295999947e-01,1.743464325029064621e-01,2.941259245164234981e-01,4.905439359783968500e-01,6.693253898365674193e-01
5.616476326085820814e-01,5.359210153607555371e-01,5.913856318340249274e-01,6.447134309549991116e-01,nan,1.650397721701192810e-01,3.658119828776955074e-01,2.828960673475307552e-01,4.787750127260677613e-01,6.562545190407447215e-01
5.943680227207406297e-01,5.821443831061281493e-01,5.818281612439831774e-01,6.560121627783025433e-01,5.590534154560183877e-01,1.643907041586518403e-01,6.123227994476452274e-01,2.858245042553739235e-01,4.735708225033405383e-01,6.454689932361232785e-01
6.242076249784522801e-01,6.229104128491738113e-01,5.790701000303442036e-01,6.666518630043986038e-01,7.037074758755142989e-01,1.640705531210260582e-01,4.555296197806438241e-01,2.993904815807064135e-01,4.713502814637413607e-01,6.334032787751303628e-01
6.307606613745949664e-01,6.480483854311132053e-01,5.719375721229525977e-01,6.628096220930544957e-01,6.781650222976327580e-01,1.637360680517233602e-01,2.519242820378010395e-01,3.207505877709626030e-01,4.570606749179883521e-01,6.215959876783039295e-01
6.360231985611385364e-01,6.540055308435105408e-01,5.652682021463385498e-01,6.584912453214729622e-01,5.991726883649417523e-01,1.634449298102057246e-01,4.116640902015163972e-01,3.472145803543608134e-01,4.437668973488924640e-01,6.088088458934373115e-01
6.402894297555008496e-01,6.430408543340688787e-01,5.542211169687887296e-01,6.546262731545003932e-01,nan,1.629922929850217694e-01,5.950511572354507672e-01,3.762835832457600560e-01,4.278887458084251194e-01,5.960788550355825555e-01
6.375163390316909151e-01,6.173376513018160594e-01,5.502888659085576339e-01,6.480685544028353950e-01,nan,1.629284760347407546e-01,4.575825303715215231e-01,4.094426678039034262e-01,4.142800339612116578e-01,5.835819432507346471e-01
6.418708199073475118e-01,5.754604006093290147e-01,5.449189425512678264e-01,6.462720476133833047e-01,6.449766761434267970e-01,1.630548986724271454e-01,3.106479914960028066e-01,4.411099501604809903e-01,4.028711248654828214e-01,5.724825708867943286e-01
6.547844052293603223e-01,5.185310946795792519e-01,5.380888621162681629e-01,6.489468499860735484e-01,6.517448158015304305e-01,1.625011413769494872e-01,4.423137870959707452e-01,4.686757681977299916e-01,3.951454449306743277e-01,5.605847284519680507e-01
6.438580886157130312e-01,4.538675461907771269e-01,5.282733537756687525e-01,6.369230474723913682e-01,5.999310106106344742e-01,1.609305767481112037e-01,5.671788805302110381e-01,4.885818702571792516e-01,3.801759536563003028e-01,5.473277431292438155e-01
6.166600516887391636e-01,3.893298643783087432e-01,5.137720764732131018e-01,6.120574170354282639e-01,nan,1.585451192224948680e-01,4.545725913704653509e-01,5.035952872240672118e-01,3.588387373275011005e-01,5.324791791272578401e-01
6.137264877117393214e-01,3.327436174655243328e-01,5.041509352607632666e-01,6.012784943135117688e-01,5.058278583143253071e-01,1.561678742022105937e-01,3.573681144990908387e-01,5.098761250809926704e-01,3.503502728749493533e-01,5.191292014901774943e-01
6.354865535052571790e-01,2.928403386578972700e-01,4.870208531832184717e-01,6.035709760491430043e-01,6.009140825317467183e-01,1.539310680914888207e-01,4.540661352440064080e-01,5.102909176017332848e-01,3.438788361838771568e-01,5.057241915878639693e-01
6.459686132543260850e-01,2.747242690704189694e-01,4.779635734637411315e-01,5.975329943975794533e-01,5.838133681701562772e-01,1.512814385731248434e-01,5.629671107197894431e-01,5.113926703071236535e-01,3.399820485738629938e-01,4.945241148553025101e-01
6.413926296886157674e-01,2.785384209553815049e-01,4.626695117832198556e-01,5.850732652174421844e-01,5.809477570599665963e-01,1.479345252747419348e-01,5.030417981341555045e-01,5.070664772765579587e-01,3.301368815317995975e-01,4.831893961333013632e-01
6.291329247869443808e-01,3.018690483584112183e-01,4.466089635175493067e-01,5.682141689166575471e-01,4.970208469262148432e-01,1.436731698320430628e-01,4.333918863455776815e-01,4.975173622887931746e-01,3.195898781133692523e-01,4.705697385064355753e-01
5.980082018891916817e-01,3.428986785064455090e-01,4.265119286104991914e-01,5.421019614535327324e-01,5.257162173442123665e-01,1.382998214324348552e-01,4.713918191445684580e-01,4.865570012913634779e-01,3.019428149289055119e-01,4.587454400845321079e-01
5.660023528357009948e-01,3.976261497524555266e-01,4.140396637886560871e-01,5.171955585867928917e-01,4.834592754830048245e-01,1.320799948204976759e-01,5.011272869651567374e-01,4.767812742778334556e-01,2.893204043807937609e-01,4.491823654775097818e-01
5.643062338760543861e-01,4.555024255267962063e-01,3.966890011726958432e-01,5.112379838852437741e-01,4.132561077056209897e-01,1.258080263613030603e-01,4.788666949034259823e-01,4.678163284042153314e-01,2.820165667314263880e-01,4.371956340881428260e-01
5.794645393467883210e-01,5.066332528539563285e-01,3.850677237423924537e-01,5.145884839404843980e-01,4.878699259589217574e-01,1.195681873381937987e-01,4.681816140108693292e-01,4.613008936902834867e-01,2.815402531131528385e-01,4.275367853170897181e-01
5.699327652635943764e-01,5.436766499836257482e-01,3.717867443505916136e-01,5.073021352370106207e-01,5.019544141553394789e-01,1.130551276763723245e-01,5.027751357188315895e-01,4.548206287284852767e-01,2.744246483242867019e-01,4.147663333278701070e-01
5.470771773508538161e-01,5.585515111826648837e-01,3.578648544986459124e-01,4.956788787084077108e-01,5.009687358034914384e-01,1.065000118908599469e-01,5.218672613497123969e-01,4.475728622228634657e-01,2.640188585085689321e-01,4.014294788437790529e-01
5.303567075424877597e-01,5.473632540982386052e-01,3.460539998506030335e-01,4.898718151879272731e-01,nan,1.000234048125415581e-01,4.981193885049449710e-01,4.412104422391997516e-01,2.562818183503018932e-01,3.881034944568170775e-01
5.139169205992660805e-01,5.153988411456539298e-01,3.347172931659684325e-01,4.849257610275226615e-01,nan,9.380696213596427524e-02,4.830338448742904078e-01,4.412465891740628421e-01,2.464573370886272985e-01,3.768418636052357495e-01
4.907910570734397848e-01,4.679197399131375668e-01,3.289229374642566595e-01,4.824848667258840318e-01,4.425694114712267480e-01,8.803960128549545572e-02,4.911523093811829832e-01,4.394088345061243905e-01,2.392546203803283811e-01,3.666502536921784627e-01
4.750467299146674538e-01,4.050408479355877001e-01,3.216247870286915722e-01,4.846655349778866695e-01,4.831424216001611316e-01,8.275029024038076109e-02,4.970685242539414350e-01,4.369428883314501744e-01,2.320971049918542917e-01,3.574192361985490396e-01
4.544219981739632264e-01,3.310900556929946004e-01,3.155225065547885288e-01,4.822693562787979116e-01,4.376447015920562067e-01,7.813173475934655221e-02,4.840336800593799671e-01,4.337343102489528146e-01,2.242123280691381559e-01,3.482038915839207882e-01
4.156445209604944790e-01,2.569531192932489327e-01,3.070223239986840102e-01,4.677858272782790539e-01,3.240785872244149601e-01,7.427253412075962569e-02,4.532691036672762963e-01,4.265196018580710291e-01,2.105557208117554702e-01,3.395500530206060907e-01
3.835532643719886114e-01,1.917199099131426943e-01,3.022889963540904557e-01,4.574702172912523679e-01,nan,7.121962663642705804e-02,4.332707494015801131e-01,4.162705490097539651e-01,2.011646871409907278e-01,3.293948463727207066e-01
3.771685843089571666e-01,1.408114982263034276e-01,2.941645404142702591e-01,4.620012293941772596e-01,4.394456462351533643e-01,6.901881571568288520e-02,4.417934942622854244e-01,4.065142169840242348e-01,1.946074297959214661e-01,3.213880242595988923e-01
3.762488708025792383e-01,1.079901007665219070e-01,2.916289519929257668e-01,4.662410401804635840e-01,4.085127510547441054e-01,6.749119576009399157e-02,4.503290196838786175e-01,3.971334072599859155e-01,1.929879056492306844e-01,3.107266967791174617e-01
3.630289452927618621e-01,9.396738911897528634e-02,2.852653167371739240e-01,4.632682820891582121e-01,3.530200073111160464e-01,6.630029522793397245e-02,4.444622921283660766e-01,3.833786301753351333e-01,1.866165520362529917e-01,3.000295723917395518e-01
3.471318217045799570e-01,9.750707924120241565e-02,2.780022238137953572e-01,4.538968422874046227e-01,3.363448629328057438e-01,6.534192047858211616e-02,4.324564067926037203e-01,3.665460174231188750e-01,1.794625118826686516e-01,2.896851261385574583e-01
3.278524720659092284e-01,1.148394566225645896e-01,2.691984220285991158e-01,4.374661149998352871e-01,3.709629163895438175e-01,6.480316446269474007e-02,4.148538771045344187e-01,3.478617455864297936e-01,1.706047024917047850e-01,2.796311967877008198e-01
3.021096726752399153e-01,1.413720994860382107e-01,2.596662143797177635e-01,4.169002720462043343e-01,3.781220655267145681e-01,6.460036822627604480e-02,3.870956492109897118e-01,3.277019875154258410e-01,1.603731082971600330e-01,2.704500209932838573e-01
2.848933206488739600e-01,1.728877734136880784e-01,2.507336350005275327e-01,4.012979818643881424e-01,2.783837107466133332e-01,6.460642992170487209e-02,3.640958517697385766e-01,3.099045296700294605e-01,1.533185604525481305e-01,2.636259737469625608e-01
2.837780050988765734e-01,2.040280412162622237e-01,2.414373107724976097e-01,3.953224254528128756e-01,2.800154445025097583e-01,6.470238591405458317e-02,3.679539584036137234e-01,2.951833232392882533e-01,1.498479462966185172e-01,2.569154158583251135e-01
2.786905811671447353e-01,2.287796350374164400e-01,2.312576481117037119e-01,3.860350142699879306e-01,3.330792852192918096e-01,6.440961438398352945e-02,3.734634688614814624e-01,2.799892434001901576e-01,1.458520047436427658e-01,2.509348373042462610e-01
2.620438543288791666e-01,2.428335952835816158e-01,2.187221305148851769e-01,3.685267841037522252e-01,3.329736110680089345e-01,6.346480196269381480e-02,3.447023122408185980e-01,2.649398943379528970e-01,1.385584857537245640e-01,2.434658978617770808e-01
2.478135843128143612e-01,2.455202629345367149e-01,2.071779644640568407e-01,3.519912149383131461e-01,2.819173233920346799e-01,6.195886550329623293e-02,3.132786274298829388e-01,2.506363414381779786e-01,1.326667624124978351e-01,2.355747100404566863e-01
2.399079154587868135e-01,2.375605160267241500e-01,1.927733389007622034e-01,3.383872063437406985e-01,nan,6.023321170162770910e-02,3.116689489027951732e-01,2.391655519728363710e-01,1.262575407230614732e-01,2.274072704285937940e-01
2.284890379263413429e-01,2.187072981318567977e-01,1.829943527819057336e-01,3.269021530611416759e-01,2.492254653716589052e-01,5.852019085487749489e-02,3.134926374190754594e-01,2.284135085560017320e-01,1.223564506209102593e-01,2.191885050072629459e-01
2.161280697689352270e-01,1.909654942496238350e-01,1.710914040182542062e-01,3.141460953629567343e-01,2.908304882779254585e-01,5.655473345513477995e-02,2.846437471105528472e-01,2.198821852579321279e-01,1.164850531658606358e-01,2.115479202087217903e-01
2.051829765714762166e-01,1.581210076685182764e-01,1.605579597967919103e-01,3.020904948093514619e-01,2.638065060043468524e-01,5.425523314084783333e-02,2.445798579965693664e-01,2.112410614901824857e-01,1.117526926854008201e-01,2.046467521997845096e-01
1.875915464517003695e-01,1.222885203543941784e-01,1.494949790476585716e-01,2.862118635737257999e-01,2.321026469949359905e-01,5.174134130873033616e-02,2.403734762046099982e-01,2.019748816487158538e-01,1.050507860797098569e-01,1.972043588806835224e-01
1.661540394312957525e-01,8.740742349333352479e-02,1.400323068105604474e-01,2.682610895693788300e-01,nan,4.911258357130286051e-02,2.440639135522815195e-01,1.926814443783388953e-01,9.792382228678239708e-02,1.914833611976663186e-01
1.545081293056060623e-01,5.793033143228511900e-02,1.311767242349959339e-01,2.574372686588909942e-01,2.232804035688888411e-01,4.663144615149319300e-02,2.087317647761090245e-01,1.828363624192899106e-01,9.284542788233346444e-02,1.856284351085737416e-01
1.501847590440338054e-01,3.602628198551179745e-02,1.245359429443617799e-01,2.526194512954075821e-01,2.214013497087124194e-01,4.453678791760058014e-02,1.713614484191232912e-01,1.725006276271273953e-01,9.109030854577235270e-02,1.805459002766262588e-01
1.426190171368546811e-01,2.329824449323203081e-02,1.188794744881974813e-01,2.469100981748154622e-01,2.014559647504527984e-01,4.296072053051955969e-02,1.915479330467910191e-01,1.617266439709299231e-01,8.837095108547191047e-02,1.757664013640885814e-01
1.310968827951534132e-01,2.095467011724387249e-02,1.137560078024325572e-01,2.369726517777951125e-01,2.126035378148107002e-01,4.190270836958943923e-02,2.240766289678656209e-01,1.498900761659585357e-01,8.445313557470024435e-02,1.702734122189387966e-01
1.193621386243208932e-01,2.908612270344275788e-02,1.094658775617673441e-01,2.256632976624209086e-01,2.021773455065286051e-01,4.137884713995479413e-02,1.848503341818913959e-01,1.370305397893866461e-01,8.056397646180639416e-02,1.649500500646935985e-01
1.057109470281034497e-01,4.666647284278961638e-02,1.048003926791300361e-01,2.141558807123833119e-01,1.978854261435120387e-01,4.142239067140282560e-02,1.243073791225531577e-01,1.233930419483932200e-01,7.547004866104826959e-02,1.591079948243318554e-01
9.244777516148369734e-02,7.105372597254708267e-02,1.028505816686130503e-01,2.006862223087277075e-01,1.637225932159913355e-01,4.199388859925146100e-02,1.431860659221629029e-01,1.101120177219452462e-01,7.175086547597069042e-02,1.535653844448099659e-01
8.427184126311175472e-02,9.980659773587073624e-02,1.000046420098917171e-01,1.917960818335836815e-01,1.473020905594381036e-01,4.310258910342496669e-02,1.909632917920464079e-01,9.818345073017745173e-02,6.854883416368380555e-02,1.488945308566818060e-01
7.762031545070825767e-02,1.295665422210488527e-01,9.851854551538172244e-02,1.857876088470165887e-01,1.675717232247908861e-01,4.459304090225466727e-02,1.579706193177611295e-01,8.648498850533788140e-02,6.700251733869186377e-02,1.431540296079872598e-01
6.837941168951658377e-02,1.551811979907401773e-01,9.614105895464622464e-02,1.762702670855521569e-01,1.648044487446766737e-01,4.631236815361929743e-02,9.434221490203405225e-02,7.593313354256434056e-02,6.400339374372350509e-02,1.386947641331632564e-01
5.851617679554382140e-02,1.731188456624213334e-01,9.385706131680041087e-02,1.648267157223959334e-01,1.577269831093451591e-01,4.820379785247936449e-02,1.226843204862561321e-01,6.668114658451110288e-02,6.071667724838409469e-02,1.343753857060322465e-01
5.180224115838456822e-02,1.818319930316636690e-01,9.053744128967732008e-02,1.565087013555254425e-01,nan,5.012268378271814151e-02,1.818297858393564947e-01,5.997839825652582363e-02,5.790444541133565881e-02,1.297312098077553211e-01
4.604266649118037014e-02,1.815246646570244649e-01,8.886024042915006971e-02,1.507265014352178190e-01,nan,5.217676743441546083e-02,1.439528500054845228e-01,5.558945150995581869e-02,5.667352469431134049e-02,1.263365203258924319e-01
4.037082828973544146e-02,1.714893634858045135e-01,8.598027444541388176e-02,1.427174579672974009e-01,1.281374410228928729e-01,5.423601576176290129e-02,6.995486889414812004e-02,5.327454748843477028e-02,5.436148457627655584e-02,1.227327178723157108e-01
3.560120443627335513e-02,1.509973990607285932e-01,8.323246765397709912e-02,1.349996576138550175e-01,1.355133356243797549e-01,5.575487446912560929e-02,1.131971744877684760e-01,5.309951343083441078e-02,5.241667812556436573e-02,1.191138610480152737e-01
3.114089576672978213e-02,1.225769789589312292e-01,7.978329908665079961e-02,1.270658314852089465e-01,1.305815012652901397e-01,5.650624543109821624e-02,1.881827944220288706e-01,5.465715630353800564e-02,5.023130997516539464e-02,1.155230852341539299e-01
2.642906667186517913e-02,9.077896478686653392e-02,7.571850688596257206e-02,1.166383429938157718e-01,nan,5.652665947388409856e-02,1.292622135284586526e-01,5.754336353006708760e-02,4.706106046972144408e-02,1.110014945070430525e-01
2.304675059600742523e-02,5.955678690013425230e-02,7.193337266678999364e-02,1.074654108317655288e-01,nan,5.597212201792712422e-02,4.395203771044037949e-02,6.173957311942553094e-02,4.465250112511771202e-02,1.064428103571896517e-01
2.188719806454596933e-02,3.307381944267571983e-02,6.776684965040520592e-02,1.024103219038181717e-01,1.046895287658421991e-01,5.493735326262994684e-02,9.346791078767360816e-02,6.692619082330494851e-02,4.346135299925354967e-02,1.019077805678648835e-01
2.150608001426801419e-02,1.425104949494526360e-02,6.438950762737176425e-02,9.833819539530108678e-02,1.100395320443500330e-01,5.345550261662038172e-02,1.868427259867424806e-01,7.242398538056973867e-02,4.309512727126392495e-02,9.807346171413085234e-02
2.087608871931570867e-02,4.825441585100730645e-03,6.023141594916196773e-02,9.185171773267893081e-02,1.027867217075348477e-01,5.161357808386785734e-02,1.287967994686216866e-01,7.742299752048582839e-02,4.167531063769261412e-02,9.477625079527382534e-02
2.033734063126150723e-02,5.507357660657637155e-03,5.626030726569192231e-02,8.476571911776147050e-02,8.219050982047226839e-02,4.943832049376933185e-02,2.859592878773898825e-02,8.113095921104464259e-02,4.006978206814557075e-02,9.156059561993751261e-02
2.012924237013207288e-02,1.509110741502067352e-02,5.198132898128840496e-02,7.837698214420635301e-02,8.312986858679735636e-02,4.709941161432997653e-02,8.353271441077295134e-02,8.260717502463969797e-02,3.809399076859813077e-02,8.889334500223039504e-02
1.994413135422271055e-02,3.158178747729680630e-02,4.896308405476160891e-02,7.106838110459341717e-02,9.002640613485225762e-02,4.482973217353373313e-02,1.704190736536749795e-01,8.235676707996429646e-02,3.654347569919269567e-02,8.656323409665697688e-02
2.028489495899030853e-02,5.212112816882124439e-02,4.564098982617603023e-02,6.547457018127582351e-02,7.255089611451048803e-02,4.281839598710249911e-02,1.069594761233847169e-01,8.091569004150479805e-02,3.458684233897788007e-02,8.402036939407972471e-02
2.151798528855423595e-02,7.301602937880860567e-02,4.356136359010696901e-02,6.201928303697801237e-02,6.983197071775536224e-02,4.112671038441315097e-02,1.308263115409860622e-02,7.696431995040062257e-02,3.375376299656752954e-02,8.193046848961794970e-02
2.265660943257448434e-02,9.116164573169845131e-02,4.151284758316953899e-02,5.814350369212070019e-02,7.395521411746981688e-02,3.965850938363243983e-02,6.604032654195833574e-02,7.056287251603543531e-02,3.252189245181279914e-02,7.891916807329078798e-02
2.300209500455832612e-02,1.040941057112293594e-01,3.984774148551527284e-02,5.336549646221876164e-02,7.968766317683270706e-02,3.840029616429637555e-02,1.459233145946931542e-01,6.238185169193044555e-02,3.063370846760419056e-02,7.527900133842688191e-02
2.382413359889755389e-02,1.101466526986551592e-01,3.871853563452454933e-02,5.002958890305443662e-02,6.920120693789136301e-02,3.727880176932974604e-02,8.730570708671375746e-02,5.355877372578949497e-02,2.900601787373633528e-02,7.189782795544194527e-02
2.567657766085447782e-02,1.091416493157746498e-01,3.814453317743998068e-02,4.843650231779575432e-02,nan,3.619571231648632814e-02,4.409495687045863165e-03,4.417225226333788141e-02,2.808816945090182940e-02,6.850797795777603671e-02
2.759096581053619573e-02,1.018457556064280567e-01,3.806738912546330650e-02,4.722486695934740436e-02,5.682696733567776937e-02,3.509794598388680381e-02,4.904880043583640520e-02,3.519841047892895841e-02,2.716692871980574964e-02,6.600816587683726311e-02
2.920724166237330388e-02,8.966259281673258363e-02,3.830778855505164587e-02,4.635569878303077984e-02,6.793466357511267206e-02,3.382634596962907914e-02,1.193488538603061366e-01,2.712878349430128747e-02,2.591359400678817926e-02,6.406128746126946161e-02
3.073900040319006710e-02,7.351018399706236994e-02,3.877073751195122403e-02,4.582156806551124228e-02,6.550735847207173057e-02,3.227248889780048868e-02,7.095236209426802887e-02,2.005166477763788840e-02,2.472761879718528982e-02,6.198402088846692581e-02
3.142033098719343442e-02,5.533685233225664468e-02,3.897610790554419807e-02,4.445783200930458062e-02,5.015344633962203619e-02,3.042498421862555036e-02,2.038827923446413521e-03,1.420163939117051813e-02,2.308973380259319794e-02,6.045990824122884216e-02
3.155663191090110620e-02,3.795845426052910088e-02,3.960259516491445447e-02,4.302545480570090647e-02,nan,2.839742193729695788e-02,3.357740700333290695e-02,9.719535280739577052e-03,2.156767072988531250e-02,5.848929100360318600e-02
3.309339204665735085e-02,2.292376915692539291e-02,3.980406038679951825e-02,4.302480431590413601e-02,5.313836824586789381e-02,2.634478959508447168e-02,8.131365586417918512e-02,6.423326295643884409e-03,2.028777579414274557e-02,5.661469658568032276e-02
3.659180250400962536e-02,1.120060656008222896e-02,4.066303512185417274e-02,4.411186721563757629e-02,5.673479670956912274e-02,2.427585357307664171e-02,5.162875553938860856e-02,4.268225075401905697e-03,1.991888745641731684e-02,5.451593556930967033e-02
3.959395901775733528e-02,3.714822758300375186e-03,4.076640789728920578e-02,4.462428212830928109e-02,4.760431550377793031e-02,2.220060704297085671e-02,2.973293588679307240e-03,3.044978073990298097e-03,1.911735718780179297e-02,5.187123057764350675e-02
4.125279216525659653e-02,8.406769073314099283e-04,4.068382334391027616e-02,4.426100503715138523e-02,3.943100610934425349e-02,2.023122421984256680e-02,2.801358890499196230e-02,2.571026058899516901e-03,1.806167568270350410e-02,4.948457251872261792e-02
4.267998674883664856e-02,2.369906424876919420e-03,4.008220367944748119e-02,4.345365194462438851e-02,4.385747091296497702e-02,1.849717039072598657e-02,6.487109770644235163e-02,2.728709209631011937e-03,1.695199601649220039e-02,4.696282462965533505e-02
4.392353695844129768e-02,7.774273521521305255e-03,3.935736463378874256e-02,4.191633900263256468e-02,4.988945639587338138e-02,1.706783205067144427e-02,3.954735804218129092e-02,3.420118444327293044e-03,1.597392782820686308e-02,4.482202957734621185e-02
4.446842648818500471e-02,1.620521136493736913e-02,3.829331755479366967e-02,4.021017592564259807e-02,4.162982522814922398e-02,1.600846677839864313e-02,4.924226068579358635e-03,4.609170255198124892e-03,1.485941197320069310e-02,4.327611705640921347e-02
4.555423084454859883e-02,2.683115476579261277e-02,3.723260869875488072e-02,3.880119621271819336e-02,3.673605374123754819e-02,1.536077762927739315e-02,2.176632436783027674e-02,6.163276299616824924e-03,1.397988495912034189e-02,4.178672121666913986e-02
4.725710185465745172e-02,3.826678413450453065e-02,3.575625619339028310e-02,3.701552180037857159e-02,4.065192123846718408e-02,1.507141462265532139e-02,4.780570063084099014e-02,8.055297414451764032e-03,1.320075308906962577e-02,4.066695978909554143e-02
4.655204023606410169e-02,4.898719672531929442e-02,3.377507938746825145e-02,3.441350162017069864e-02,4.246637803838814590e-02,1.514915397498000325e-02,3.001716448888371025e-02,1.019087662504154952e-02,1.216801458125592837e-02,3.928032953602154931e-02
4.479313851428278620e-02,5.787215605371511667e-02,3.187083232050130777e-02,3.174002848466853793e-02,3.828910271849554625e-02,1.568087913882380141e-02,6.466395313456241647e-03,1.239585008514122386e-02,1.115907166175786162e-02,3.769985444824516807e-02
4.442222301504991644e-02,6.418001192712254055e-02,2.954215316344533521e-02,2.962123738550246146e-02,nan,1.674608548578510742e-02,1.733912391986281928e-02,1.462023505264458366e-02,1.035842012523466651e-02,3.620364005233694948e-02
4.518106001781618808e-02,6.731128742216083150e-02,2.784731621561210499e-02,2.825353230989812586e-02,nan,1.843401986170869339e-02,3.451407611056203639e-02,1.682909239657727485e-02,9.904152652405228199e-03,3.442716211748653166e-02
4.464760507441292714e-02,6.641583144330717725e-02,2.592502181252148707e-02,2.689251017953333059e-02,3.656485404730503569e-02,2.074538778456624238e-02,2.361800464098524552e-02,1.870302704123035301e-02,9.216417820350415388e-03,3.282820824564507828e-02
4.321625699295748163e-02,6.125513394675454609e-02,2.430939154062251167e-02,2.554320721809503342e-02,3.517024068653562541e-02,2.362417823950776347e-02,8.157634440790225913e-03,2.000561635562640023e-02,8.572938126595916475e-03,3.118543391242773258e-02
4.115795296457001873e-02,5.269872147197764145e-02,2.265901519711184878e-02,2.425326630703485489e-02,3.192809417849321041e-02,2.700044290986119630e-02,1.522245605159869286e-02,2.064341549899667214e-02,7.876641464129922193e-03,2.942125849161193740e-02
3.786897507112253758e-02,4.187077433588405617e-02,2.141359697529575390e-02,2.323978916097952513e-02,nan,3.073940977101840069e-02,2.510931399401409789e-02,2.062432418278871069e-02,7.189154068406870997e-03,2.798204882886638073e-02
3.498650356747033674e-02,3.029902662557689905e-02,2.030664660321960038e-02,2.265438913229760390e-02,nan,3.472302506426415414e-02,1.751983042449047068e-02,2.001142509499823779e-02,6.533344127345378990e-03,2.669006190299378495e-02
3.418429109447094355e-02,1.973694675748305719e-02,1.984065317739693371e-02,2.287841693025436524e-02,2.635294230880739705e-02,3.879913805586461539e-02,8.512518248800074461e-03,1.896769732747191281e-02,6.200674338866905659e-03,2.548867514114763408e-02
3.411441359280085323e-02,1.129329377468490762e-02,1.951521124086666101e-02,2.370958749821923742e-02,2.419845308616041732e-02,4.267585583161552509e-02,1.357747003761147937e-02,1.749217948992224519e-02,5.895799793052142364e-03,2.457858564315482455e-02
3.241094070388333276e-02,5.999655205804472861e-03,1.946061724824954889e-02,2.426864012182456537e-02,2.430738799313242327e-02,4.592886866717074690e-02,2.082781276547250593e-02,1.567721248272643808e-02,5.512413336662275176e-03,2.341994452267596658e-02
3.023467882665971038e-02,4.520881506047853826e-03,1.961803150982623090e-02,2.443648147080601865e-02,2.165523869902841181e-02,4.831713598625197309e-02,1.628951205095109309e-02,1.370892141898265824e-02,5.106108695486604766e-03,2.233337379736035841e-02
2.856497085643948386e-02,6.747754040965621425e-03,1.982139590424778983e-02,2.481516214157889963e-02,2.149310537575913407e-02,4.976679696658863755e-02,9.823145782599313619e-03,1.178512359154457352e-02,4.759694391020952674e-03,2.127605034140997789e-02
2.669397841778993474e-02,1.195452843983348806e-02,2.032100638520576222e-02,2.505143401088973446e-02,2.096490925839586059e-02,5.004482864721277596e-02,1.282211470453678559e-02,1.006430201645556327e-02,4.488215810526082275e-03,2.015516400401915278e-02
2.480099917572664570e-02,1.893105455702919632e-02,2.071112137494371050e-02,2.500753752826036930e-02,1.882013980582738708e-02,4.920005882714802853e-02,1.782769336305833549e-02,8.592308372000827602e-03,4.170999557764208839e-03,1.904694516117356670e-02
2.356578359183239893e-02,2.637077182743799431e-02,2.125364037793066319e-02,2.471639545840592644e-02,1.880584061766135684e-02,4.744123986093445877e-02,1.545146196469051117e-02,7.396523426900039090e-03,3.953140765260059267e-03,1.783159464973020289e-02
2.195207194978210027e-02,3.293541937701074951e-02,2.140575924828471213e-02,2.415754083613778566e-02,1.646635370953844144e-02,4.488598631629713009e-02,1.119295973697187474e-02,6.401521569524089642e-03,3.700698952821551788e-03,1.664034212664836435e-02
1.954901633195010521e-02,3.733509592631432256e-02,2.144882482836447252e-02,2.268222436111635293e-02,1.668985687699994433e-02,4.180308641148763882e-02,1.297767388219224667e-02,5.619643269112774286e-03,3.411898439099908358e-03,1.571503073675270534e-02
1.781536045108835994e-02,3.912431232845067774e-02,2.103816120563756914e-02,2.095006564709567254e-02,1.486196971181917396e-02,3.851749555726108332e-02,1.600248455342340864e-02,5.060810621683646190e-03,3.155939462513637165e-03,1.476693736038079720e-02
1.721035307581268020e-02,3.857014257125902790e-02,2.089295415208355933e-02,1.994280511292041008e-02,nan,3.546237442879925789e-02,1.500215323304015039e-02,4.682061450374704926e-03,3.073018372686568949e-03,1.418088954782886421e-02
1.671568185326774772e-02,3.590375531181540930e-02,2.020525075168584303e-02,1.871356372552666208e-02,1.562657707962260625e-02,3.282038745754695119e-02,1.305212544257614536e-02,4.414508379885394122e-03,2.945960546735171964e-03,1.348061383631912573e-02
1.582805309404779898e-02,3.143987562635213590e-02,1.952606327302532779e-02,1.701668117412037315e-02,1.525814564550818930e-02,3.057260934621747889e-02,1.495363158392146695e-02,4.251595223402788830e-03,2.812454282776598834e-03,1.282259248400451253e-02
1.494202137734114595e-02,2.573304702020061396e-02,1.851022177756929746e-02,1.535467517811971855e-02,1.454889263262820927e-02,2.885376875346555570e-02,1.733196052085004754e-02,4.131071836790130292e-03,2.661569484058468136e-03,1.225027424125868167e-02
1.399199983656232958e-02,1.967873437810829448e-02,1.724595573909340138e-02,1.374336617047960951e-02,1.079145290686157888e-02,2.767439354334733093e-02,1.579614594449837983e-02,4.087806303147084076e-03,2.504385907748961533e-03,1.149629228135355674e-02
1.285053785468856860e-02,1.411863843969880794e-02,1.589433355911494192e-02,1.205644993383912095e-02,nan,2.698912103105374424e-02,1.357953242944925747e-02,4.044366759030351352e-03,2.348192877278157051e-03,1.074050398905171920e-02
1.234694286215799394e-02,9.532686141483002681e-03,1.458759144567787699e-02,1.075539344127136691e-02,1.253584855149784787e-02,2.674830236952139076e-02,1.436173495898452473e-02,4.009792745805712197e-03,2.238545443844385929e-03,9.985513737004016524e-03
1.245658506038256272e-02,6.125767410280258396e-03,1.329924634816399831e-02,1.000067223514056886e-02,1.369989931714561682e-02,2.676218266511999275e-02,1.604391094210651930e-02,4.011764747032959058e-03,2.201985424101860454e-03,9.149993580732920448e-03
1.232098480383816627e-02,3.896536399714060385e-03,1.193120835778601133e-02,9.195161269608263105e-03,1.166015884102106562e-02,2.681044685139115022e-02,1.556749055918387088e-02,3.983009018488702785e-03,2.138010582544163166e-03,8.539102613016743074e-03
1.171944062108052839e-02,2.690743614231532171e-03,1.065263726987359348e-02,8.276237171440471718e-03,8.550712183907752117e-03,2.667760325170340230e-02,1.401091402312293864e-02,3.921767550110543538e-03,2.030947308511967669e-03,7.930992728361639654e-03
1.133880760006496582e-02,2.307851054762311525e-03,9.376361099879234814e-03,7.615737255416882116e-03,8.469319800148918803e-03,2.626608991129820991e-02,1.359455123883411033e-02,3.804489764471640813e-03,1.931712077343310718e-03,7.490271246142050920e-03
1.105657951465525458e-02,2.513068374603715047e-03,8.372869979297049500e-03,7.042543744473881047e-03,1.003578124049016654e-02,2.555215955478583323e-02,1.348015843266877657e-02,3.679103058777930414e-03,1.890591116834105167e-03,7.112020674625621139e-03
1.056452073272311741e-02,3.078017742405748589e-03,7.456586250937327631e-03,6.504689213211233521e-03,1.008745893547465487e-02,2.447933318344360648e-02,1.237870588947194081e-02,3.537812229327170523e-03,1.794342439666100171e-03,6.742588140707730070e-03
1.019321630162331287e-02,3.787867115864660197e-03,6.851287625069812058e-03,6.061067620379257358e-03,7.081564419794423443e-03,2.302279068143602350e-02,1.126530867572109358e-02,3.359790601796160299e-03,1.732269185376493709e-03,6.417451323727636943e-03
9.754261366941895453e-03,4.457786687711014911e-03,6.320796297405129223e-03,5.727343851154229754e-03,6.093277897936962006e-03,2.118562223247633797e-02,1.048523108356291984e-02,3.131959778072132463e-03,1.660206038135413021e-03,6.031456686947901484e-03
8.951961416288201426e-03,5.002790509349001359e-03,5.937308129346023991e-03,5.231920893860407713e-03,6.912929512140673569e-03,1.907955816159149012e-02,9.140168864183811914e-03,2.873210248422924332e-03,1.553839714422978026e-03,5.561259559228651922e-03
8.000643093156588337e-03,5.397045131746975796e-03,5.688262305099168505e-03,4.750313859183110006e-03,7.082335994774019601e-03,1.679871637352264857e-02,7.757541112644285135e-03,2.618389546551982972e-03,1.438819146153586231e-03,5.118758846558169213e-03
7.524212101090114319e-03,5.616026579821107451e-03,5.587328049895980489e-03,4.491752307362027220e-03,nan,1.444592771555842751e-02,6.944339050953389839e-03,2.404864215868686688e-03,1.383826349830004267e-03,4.644042984122727022e-03
7.232565724819883628e-03,5.651551421597697175e-03,5.526882537956386357e-03,4.269543723402733325e-03,5.979968592440577935e-03,1.219940150028266286e-02,6.379374601341860143e-03,2.197621053723578400e-03,1.344151564737310544e-03,4.269116337724365717e-03
6.714812565044040761e-03,5.502295961813201061e-03,5.537796024058357081e-03,3.966805685924112979e-03,5.376181075755342813e-03,1.013408147683755173e-02,5.758349936307857915e-03,1.997450430437625220e-03,1.285470043409458899e-03,3.961524993482601863e-03
6.039051878913370176e-03,5.167195143917491934e-03,5.550502619935762140e-03,3.672279204546814030e-03,5.336016038613778691e-03,8.295505641886795345e-03,5.054856116305290852e-03,1.834090499705944401e-03,1.204913475393505976e-03,3.696305486966180477e-03
5.372427628752945473e-03,4.689351098627803430e-03,5.470886897460882844e-03,3.351641182245558744e-03,4.696513672206032407e-03,6.750981667802097991e-03,4.355534758187866104e-03,1.694702330007459481e-03,1.116412948364751750e-03,3.490281208326248205e-03
4.631510743365940125e-03,4.146890472562785208e-03,5.406533651743285901e-03,2.995509061641673468e-03,nan,5.529315169869377170e-03,3.654345654061571212e-03,1.565697545448991538e-03,1.032657548143774053e-03,3.297716398691931481e-03
3.976870601452127223e-03,3.606152305325982868e-03,5.244829312380828133e-03,2.700673998195950165e-03,nan,4.619897290445848341e-03,3.146559019660813937e-03,1.470522639053627656e-03,9.393623833683525893e-04,3.093438659946864521e-03
3.607748495993504546e-03,3.095226586295397615e-03,5.101715847873389276e-03,2.527029030550160139e-03,4.880683989651716723e-03,3.978363632354134719e-03,2.852016208706136327e-03,1.404533282205799221e-03,8.898934793585640182e-04,2.905228875760303402e-03
3.285533989958927537e-03,2.652822379323968496e-03,4.822207810026352647e-03,2.347204798300742655e-03,4.046857986971843721e-03,3.551956113164338787e-03,2.542421356389579310e-03,1.340833911440749739e-03,8.362997854310703178e-04,2.653700127515840057e-03
2.862371987149308749e-03,2.357023875016171690e-03,4.509895711950753436e-03,2.139030778528065030e-03,3.077396437900190105e-03,3.285540971871813050e-03,2.293061565520536100e-03,1.264756190051601536e-03,7.628171593764070894e-04,2.432238911623307420e-03
2.450475125344579036e-03,2.273297674559671220e-03,4.108812723259076642e-03,1.951687734052977817e-03,3.500060008149639967e-03,3.125824306145521831e-03,2.133572792259662634e-03,1.180685611123069145e-03,6.872387497345105404e-04,2.211376642823953496e-03
2.146248628256997547e-03,2.440965193140659083e-03,3.710600549831519386e-03,1.781959251912182797e-03,4.970631113862541452e-03,3.032761838782007963e-03,1.871353491939279105e-03,1.094923977036928826e-03,6.363955991521636412e-04,1.994512032037801166e-03
1.864826773336805818e-03,2.887356466395859210e-03,3.278176587907492053e-03,1.632881515085933847e-03,4.199244780235734942e-03,2.971712620487627476e-03,1.598139706736547479e-03,1.009328952886395531e-03,5.789617382907777041e-04,1.840950625123397109e-03
1.600023915398670607e-03,3.617582356013506698e-03,2.898655148697537338e-03,1.493683165256869160e-03,2.893362539907686284e-03,2.915260253790560863e-03,1.555400719235543053e-03,9.194736644562675381e-04,5.290025755768065817e-04,1.694160905629531980e-03
1.372088040370999986e-03,4.583864764318022929e-03,2.504845385883631807e-03,1.350058339358252771e-03,2.535254852328968928e-03,2.839046800377981357e-03,1.619215987322049225e-03,8.258311449951837892e-04,4.806825889649441060e-04,1.580291012492712104e-03
1.147945599860189774e-03,5.658338012622849550e-03,2.123202208635180561e-03,1.180338723084787969e-03,2.976508302481156547e-03,2.730812816513306616e-03,1.404831418209174154e-03,7.343581769126456167e-04,4.277225099207508153e-04,1.490826516991151929e-03
9.291546114325993904e-04,6.702966600872047737e-03,1.784290899802723008e-03,1.014852715065739808e-03,3.719271737493494781e-03,2.596626400482849022e-03,1.047269322551951272e-03,6.527657537250282751e-04,3.750654099100132689e-04,1.380067640417618254e-03
7.652260040356211566e-04,7.629879545146983980e-03,1.477464247909984372e-03,8.797585912772142719e-04,3.373761860620480123e-03,2.439235099324846192e-03,1.027251324954908543e-03,5.811747718474907093e-04,3.316774511277829733e-04,1.288878876919499717e-03
6.744211211146139157e-04,8.344547120468700022e-03,1.230623525160996637e-03,7.777155022533261720e-04,nan,2.264546689133054101e-03,1.231962363744656648e-03,5.109007153196380539e-04,3.059577058049235514e-04,1.184349697840173790e-03
5.975174808841414182e-04,8.736949944397850651e-03,1.018824443946652432e-03,6.935906128895796960e-04,1.859763974385757364e-03,2.077241214930028706e-03,1.121262675568807099e-03,4.589297897325531799e-04,2.805339508025022342e-04,1.090439587676898586e-03
5.126505851778556276e-04,8.736666126775136099e-03,8.559565708023359008e-04,6.175698308656755184e-04,2.150233907099827636e-03,1.878304644673845685e-03,7.979771611238752624e-04,4.159582052041192312e-04,2.530175893328671954e-04,1.005806017327084793e-03
4.394702928755637723e-04,8.339521868054363546e-03,7.215411725122510347e-04,5.395596634227649681e-04,2.707274916752226181e-03,1.674588683854590651e-03,8.408310673098811933e-04,3.780744772093057619e-04,2.247452271222853790e-04,9.098400008407581032e-04
3.763632196738984849e-04,7.620510683053538688e-03,6.272261496727902629e-04,4.763095772170259767e-04,nan,1.476454604554009375e-03,1.067100160258344218e-03,3.473854872318820329e-04,2.014589774324022768e-04,8.306426655562428561e-04
3.241928663215512280e-04,6.714292981745471553e-03,5.578582839784908395e-04,4.270032357765533013e-04,nan,1.295246474242167786e-03,8.773603207209805781e-04,3.245082619228355160e-04,1.769832177136212970e-04,7.558836791671635349e-04
2.904420163508812831e-04,5.778750665317064494e-03,5.231789262488397915e-04,3.900134280676066786e-04,1.421592536848242461e-03,1.135848238155318015e-03,5.270505620158813607e-04,3.092080815721698068e-04,1.606565013414736943e-04,6.941401511092523810e-04
2.764919035368799917e-04,4.905997135133408418e-03,4.987672285757931709e-04,3.654910492334238845e-04,1.489405824583382113e-03,9.973988507076135459e-04,6.335157950279145635e-04,2.968517998359394990e-04,1.472310651377189224e-04,6.539403468608296537e-04
2.616765110347223176e-04,4.125911447942912265e-03,4.873145718370259496e-04,3.488893644011848588e-04,1.573689076115225311e-03,8.824131209828728860e-04,9.287557724517826263e-04,2.864595321845001658e-04,1.331062514302409081e-04,6.068055009480318373e-04
2.447395432856821237e-04,3.501588703768128766e-03,4.826873100706296355e-04,3.278965938784782338e-04,1.810283108106911214e-03,7.966326173443468925e-04,7.285631704824027145e-04,2.776015061090146021e-04,1.181865031224615356e-04,5.662218136503041404e-04
2.359177742180669469e-04,3.086582263007633508e-03,4.796662387118670167e-04,3.109579142360198944e-04,1.593561693910620653e-03,7.434549917503944279e-04,3.636274495296937356e-04,2.703038663941536896e-04,1.068590841538738664e-04,5.264568261412013632e-04
2.361935974360073972e-04,2.860617899351484538e-03,4.783064691808312416e-04,3.038668571363867905e-04,1.266177012615422219e-03,7.213414981354582473e-04,4.858595494195045187e-04,2.643687243664060100e-04,9.879013510928509590e-05,4.858260085417657852e-04
2.370641380643219030e-04,2.744276259633107035e-03,4.766207556777316261e-04,2.969106333907996090e-04,1.017057089637485832e-03,7.272281259434442693e-04,8.176420176741258780e-04,2.586794621404442341e-04,9.120918093066018428e-05,4.501083586214295979e-04
2.340088756988730205e-04,2.658704045056758253e-03,4.736115324899536905e-04,2.803120330648080621e-04,1.107254558412721235e-03,7.547755594329964108e-04,6.485957058042376121e-04,2.474952661988311813e-04,8.431621624160316622e-05,4.115292067231234789e-04
2.325052760567074251e-04,2.554360726317391958e-03,4.586911375507047163e-04,2.633771670391816090e-04,1.349108925545561321e-03,7.936237506516835268e-04,2.488009562691392081e-04,2.312690905958388120e-04,7.692014084738697831e-05,3.690347768820780548e-04
2.249637859590955297e-04,2.406240412947395924e-03,4.412849365753282091e-04,2.418625761853690525e-04,1.458335112437916456e-03,8.356142680554932067e-04,3.661096217036097504e-04,2.083778421837065764e-04,6.968338403173152172e-05,3.346835604956879015e-04
2.168517919164247171e-04,2.214439707664373185e-03,4.148403482803779863e-04,2.132980830325634399e-04,9.701566336756965638e-04,8.729113626557653133e-04,6.855926325266249949e-04,1.803998240530162590e-04,6.225068135208165678e-05,3.026527672549557922e-04
2.204606173735152797e-04,1.999038007996923726e-03,3.919861864909085828e-04,1.881454797266421950e-04,nan,8.989967353395196320e-04,5.256207554234131399e-04,1.505072609119364796e-04,5.850757818598863684e-05,2.812126680394093033e-04
2.348690836738179461e-04,1.768544195515755644e-03,3.590823301688884743e-04,1.680288837263524296e-04,8.161034115804119936e-04,9.102836920524917143e-04,1.473132975679182402e-04,1.199600830687343693e-04,5.583777352812683366e-05,2.641489262678700959e-04
2.408599922144231509e-04,1.525296627761597683e-03,3.303648565981718807e-04,1.440594218357578503e-04,1.267259820703948775e-03,9.011282958750494593e-04,2.900504355886243365e-04,9.112204538167062939e-05,5.305694797070338836e-05,2.468495675401854148e-04
2.391394880972098143e-04,1.284764640118833028e-03,2.968083582627142761e-04,1.167070617153652867e-04,1.468414010059965798e-03,8.668444768062232714e-04,6.658325135550402811e-04,6.668255229494050385e-05,4.898775010369752273e-05,2.330068255781492042e-04
2.359833484798619309e-04,1.065343803421215686e-03,2.623423448896711739e-04,9.433064031783246130e-05,9.466665225875544806e-04,8.078076286303805106e-04,4.835623219032762136e-04,4.853178476435939892e-05,4.556330770154839489e-05,2.170288052637727599e-04
2.288816808271891198e-04,8.770540228779493677e-04,2.282925852187709607e-04,7.489219580339313961e-05,nan,7.312138296462091349e-04,7.820233632235254386e-05,3.736728375693043819e-05,4.200125235003520930e-05,2.000410701402943476e-04
2.211590656621505093e-04,7.195007904024602581e-04,1.994276402630791134e-04,5.756551731534786194e-05,8.050526328610549051e-04,6.461743752316072981e-04,2.042417655869398707e-04,3.213141727817549480e-05,3.885248422366611467e-05,1.850621352994487258e-04
2.194074792110510444e-04,5.921739510233216004e-04,1.710723888903639266e-04,4.526941984745809944e-05,9.865620457985223822e-04,5.576388215100942748e-04,5.304009340409065673e-04,3.103991796673772425e-05,3.663520997728662707e-05,1.652544753518829783e-04
2.210103423708808590e-04,4.952922517963767590e-04,1.454779646136645556e-04,3.638382478714603856e-05,1.237533728684600369e-03,4.673403030695418557e-04,3.688337106580647819e-04,3.219207581708772160e-05,3.441096667001830112e-05,1.501438116533486324e-04
2.121795254504582661e-04,4.249922416732868102e-04,1.237653945849189298e-04,2.867310332130384559e-05,8.840688387394492111e-04,3.793196429564415920e-04,3.376522216836582997e-05,3.384816037787374024e-05,3.139837844843619709e-05,1.356647076482917381e-04
2.010923630684436822e-04,3.750457334893334102e-04,1.043838084184798567e-04,2.316866826581155599e-05,nan,3.008543310942413552e-04,1.264578573216166787e-04,3.448098850072315870e-05,2.830767095239877519e-05,1.242337666392086465e-04
1.973979733683619122e-04,3.423178060923036609e-04,9.001243001761906565e-05,2.008660959833304189e-05,4.885194467195705988e-04,2.358772605946821773e-04,3.435593253197155106e-04,3.400954256869202048e-05,2.644244035497314338e-05,1.174629257853652199e-04
1.966706883390536697e-04,3.253342771931530195e-04,7.942084618767730980e-05,1.819346988567014482e-05,6.128815604216408591e-04,1.851836334906606504e-04,2.316836988119838625e-04,3.232730737042816574e-05,2.453724221484135647e-05,1.105152092785502676e-04
1.886856664863070755e-04,3.206817154012887340e-04,7.390231257750641124e-05,1.657405060229644926e-05,8.107602869671305017e-04,1.489404571566359183e-04,1.438578597147110576e-05,2.976918441964233373e-05,2.280448270622820306e-05,1.057936496772152049e-04
1.775586972713506806e-04,3.219821002992383783e-04,7.070155509584189087e-05,1.586074433012807150e-05,5.823211482259163605e-04,1.255616110406601810e-04,7.273997489251669921e-05,2.677318738195595590e-05,2.069813052234305306e-05,1.006879379883471976e-04
1.645943851378283166e-04,3.258494840062182052e-04,7.052385029410520180e-05,1.519604989032248428e-05,4.210329619785083024e-04,1.130851097310141843e-04,1.919209877467694596e-04,2.355872394097011560e-05,1.862976183158943842e-05,9.301716818319594724e-05
1.441624309699281268e-04,3.319108277482517625e-04,7.273662429390849611e-05,1.428598665682195651e-05,3.691691673315607462e-04,1.094064422922003577e-04,1.142705456317473462e-04,2.097618822057283573e-05,1.627524399945440913e-05,8.673643487038219465e-05
1.276265856799633364e-04,3.378413531888506361e-04,7.733474999276965917e-05,1.376933757522798068e-05,4.008362263236761179e-04,1.121084680487938461e-04,8.036865385404995445e-06,1.877131083036811783e-05,1.448394997121762949e-05,7.827733271566271554e-05
1.189697124455657237e-04,3.415130915205181008e-04,8.210091653781389576e-05,1.380093002194694792e-05,7.675791700721271756e-04,1.192933164723379032e-04,3.517181781834770971e-05,1.722504559396461038e-05,1.326263248642288139e-05,7.115051372392159213e-05
1.109143896020072336e-04,3.414662414485030231e-04,8.823866604530157141e-05,1.350489671398247808e-05,7.014473093304951458e-04,1.290181228612655986e-04,9.578189080174482424e-05,1.630527053180812398e-05,1.220834061150613660e-05,6.526496226201086736e-05
9.871065796571783409e-05,3.347059124921703400e-04,9.338924618556569050e-05,1.281327329499941301e-05,4.478529439240922037e-04,1.393685122573414556e-04,6.095467490104502286e-05,1.583327347975296202e-05,1.081668053482593339e-05,5.964582476434446241e-05
8.637420513578991600e-05,3.186791943791614104e-04,9.604740832740834091e-05,1.211828235237344075e-05,3.477991103110641383e-04,1.483740860423203762e-04,7.102634498187550854e-06,1.575596743328742488e-05,9.536682132395929120e-06,5.615223876765224981e-05
7.620830610735125816e-05,2.974876441067954400e-04,9.783065353729867685e-05,1.118695389624515107e-05,nan,1.539263778212428008e-04,2.152891129950508007e-05,1.594263004306462975e-05,8.452922074268374154e-06,5.352080064351450898e-05
6.582372698753531236e-05,2.771394330170457538e-04,9.763946259086230841e-05,9.964239080703183590e-06,nan,1.550745453747981375e-04,5.254132531950793562e-05,1.613028425201667936e-05,7.351504187320363835e-06,5.117934119219342089e-05
5.760449526943698615e-05,2.582003712159194821e-04,9.641804947513778342e-05,9.067831799655959755e-06,7.555685862659974189e-04,1.511938664582385865e-04,3.637040905216978707e-05,1.639925624256700399e-05,6.567324455280718664e-06,4.917645411390253300e-05
5.163721342354906383e-05,2.373888244430749780e-04,9.204087639731837068e-05,8.194170826022659069e-06,5.325703170132644942e-04,1.419725907682708392e-04,7.805396481150647450e-06,1.654780330713454231e-05,5.860526455360537014e-06,4.599411200235591047e-05
4.617699832799803495e-05,2.147426638850178130e-04,8.672555890120468901e-05,7.130895542515471975e-06,3.279807255256490675e-04,1.280114041213792960e-04,1.683523414621583772e-05,1.617192113766528088e-05,5.111461961575616987e-06,4.273330388076856988e-05
4.020828708349275963e-05,1.923458407940451887e-04,7.901893348634617272e-05,6.165347813684380369e-06,nan,1.108835716503948150e-04,3.725869805583064944e-05,1.539552599215234446e-05,4.350976287066778799e-06,3.935742943121147281e-05
3.684270914448692429e-05,1.717664060557226645e-04,7.096505386698477515e-05,5.487517799668861535e-06,nan,9.317319990231340894e-05,2.845223516589113591e-05,1.446632009178442622e-05,3.807480635682331333e-06,3.572414331703285492e-05
3.618950560982127894e-05,1.534188894747692301e-04,6.178223000315501633e-05,4.989680600857572356e-06,6.846919708245017026e-04,7.673728409521426638e-05,9.598934570898227990e-06,1.382727488489012712e-05,3.373951594469492752e-06,3.286347883328204618e-05
3.533567507098797405e-05,1.367880938069746042e-04,5.371439790937468096e-05,4.628088116347933481e-06,6.507817079346840889e-04,6.215255100334956585e-05,1.705947913377394703e-05,1.320705454122383808e-05,3.054769399193987929e-06,3.007109900457475182e-05
3.429685188096399565e-05,1.213529548013023661e-04,4.507148249310053632e-05,4.413154519080666577e-06,2.198868773817970457e-04,4.942401670276851513e-05,3.569207525055595920e-05,1.269201863548747904e-05,2.709074182138185141e-06,2.783451084552613993e-05
3.324139787104290426e-05,1.067205414188477513e-04,3.691085586285299127e-05,4.175443023659489450e-06,1.693736571977288335e-04,3.869380137878579683e-05,2.929881398152885049e-05,1.259129691622495276e-05,2.390676085990056369e-06,2.667736398327677231e-05
3.154827483373013865e-05,9.323651183040192723e-05,2.984386235953363434e-05,3.986507478561377959e-06,2.161746136680310984e-04,3.027111944716748433e-05,1.282238438075420060e-05,1.274435478077065110e-05,2.074915229972036275e-06,2.538695211202517734e-05
2.943508662682043105e-05,8.110393407221529909e-05,2.374165150592222131e-05,3.947895895498762612e-06,5.792022225728196737e-04,2.413293353199731225e-05,1.799798374699982287e-05,1.295522723662144370e-05,1.786906713951048480e-06,2.444555385385380878e-05
2.929113287072064275e-05,6.992478079505342573e-05,1.880942372889149493e-05,4.067257247318389128e-06,4.901055571739425199e-04,2.015577432317771633e-05,3.268062822396285339e-05,1.313465619206013268e-05,1.608755498188102607e-06,2.336058431557486471e-05
3.007217514281633274e-05,5.924225698628315115e-05,1.498392110261865117e-05,4.306381904420481949e-06,1.996142541181121629e-04,1.809883106364903218e-05,3.010178896648536294e-05,1.318363043839892113e-05,1.483758340697012143e-06,2.163754153054353810e-05
3.005486138077831412e-05,4.922191808911683075e-05,1.226584806737437451e-05,4.670234772551872581e-06,1.432958840797995915e-04,1.751661760714520448e-05,1.821736812310745878e-05,1.304355342565913125e-05,1.352629690184234215e-06,2.039146904219799359e-05
2.900844260270819420e-05,4.028447094565348278e-05,1.029931931460163160e-05,5.037877569988724540e-06,1.953433247666360860e-04,1.799335587625810787e-05,2.389139301343136808e-05,1.270799376018949858e-05,1.222109117175416132e-06,1.862082273170384463e-05
2.819913762950795121e-05,3.271830223542015667e-05,9.205234506206526110e-06,5.405742837666320200e-06,2.784186126445387815e-04,1.918373481758570148e-05,3.701553457363025251e-05,1.215624656792696640e-05,1.120021319959191981e-06,1.699309626326905544e-05
2.738070802984803040e-05,2.625717059286644862e-05,8.699386153377377048e-06,5.841540239619483325e-06,nan,2.082011345882024410e-05,3.419902164259928874e-05,1.161385954476885063e-05,1.016128791745756436e-06,1.552781291871176207e-05
2.587607385651077900e-05,2.081004353513996274e-05,8.851849222437431253e-06,6.359927714272848192e-06,2.293427626502491333e-04,2.270344108489931069e-05,2.436862506220676794e-05,1.126171056483835413e-05,9.576043487837003417e-07,1.406623846970192074e-05
2.484219617293968567e-05,1.645336228284522629e-05,9.118585292086306559e-06,6.670401860784996345e-06,1.810203039282456061e-04,2.460359338120027313e-05,2.898863289382024844e-05,1.083027395896425137e-05,9.035878374586663776e-07,1.331225280683652266e-05
2.362625641189987491e-05,1.301043308436252346e-05,9.596989830473803479e-06,6.868664822705759352e-06,1.128846540431776614e-04,2.642639734623069054e-05,3.948801200051772504e-05,1.029460905138877667e-05,8.567525024530342639e-07,1.259446737877060210e-05
2.155695292013500342e-05,1.024947398209516472e-05,1.004331726146508703e-05,6.875189585974033322e-06,1.414972636155970747e-04,2.811299298972677195e-05,3.497653624272939151e-05,9.586896633757598576e-06,8.036444914566727849e-07,1.194174697456863004e-05
1.934762117754605261e-05,8.086495854458826727e-06,1.036114297807745316e-05,6.651934630534831262e-06,nan,2.952537501877153272e-05,2.576400467105810206e-05,8.864864956040314497e-06,7.552241287681132477e-07,1.144106658139180550e-05
1.839628185263938385e-05,6.525537179484211371e-06,1.045071345278397287e-05,6.430574528733340616e-06,4.164109093115655308e-04,3.050233952861291768e-05,2.827691436406265361e-05,7.987791272642714719e-06,7.333527491267490094e-07,1.061057479940436110e-05
1.760778682886295830e-05,5.441594205412709781e-06,1.052159197716313028e-05,6.394161739483450757e-06,1.280776002150527224e-04,3.083226387456773697e-05,3.450789863971362719e-05,6.898562744496584780e-06,7.401993806385433030e-07,9.997816790385689189e-06
1.615660480856121364e-05,4.651662009423977696e-06,1.031532514401164659e-05,6.171131002733042323e-06,7.761297093255397608e-05,3.047063245237244345e-05,3.166704078471289420e-05,5.904938902958955515e-06,7.413924439724278285e-07,9.249392663204833822e-06
1.449615910334895618e-05,4.064256518790058355e-06,9.730964582760202902e-06,5.816867282287620050e-06,9.289256231642782776e-05,2.944240219707718395e-05,2.610888377336923301e-05,4.975803417692353588e-06,7.354267658773564946e-07,8.385636484460909184e-06
1.251003322252314374e-05,3.629139507299988539e-06,9.019016937061687176e-06,5.543268198264275107e-06,4.216463739561331168e-04,2.774971814393742227e-05,2.623334579572579145e-05,4.146418927489227979e-06,7.302682375697608389e-07,7.659502473522724434e-06
1.047148514490160975e-05,3.288830549549153406e-06,8.087861071429501631e-06,5.276585010404338860e-06,3.247560471428935307e-04,2.546557060338808758e-05,2.684747900551287929e-05,3.457200201476327604e-06,7.082855713922699833e-07,6.890140900475753873e-06
8.739717393004161721e-06,3.051865896438880711e-06,7.151752061755630818e-06,4.872608047378334694e-06,1.287083183793042047e-04,2.272561657756314227e-05,2.369937064037730474e-05,2.945260796678882587e-06,7.107593023628495410e-07,6.371629588328260294e-06
7.621507418881275329e-06,2.916692313445058136e-06,6.099487810372422006e-06,4.601379583486018032e-06,6.564255417441792247e-05,1.977863992078332739e-05,2.146597810974171803e-05,2.608586932203374228e-06,7.272244658739257340e-07,6.019988819963872837e-06
6.647759501881537318e-06,2.832366161303812660e-06,5.167460567948214285e-06,4.373650943799144005e-06,8.973821090828635997e-05,1.693491528677365366e-05,2.146466527408295047e-05,2.430470813266114210e-06,7.545182506673543501e-07,5.675141340945912739e-06
5.557034969347168752e-06,2.757668220101727173e-06,4.219241675792627877e-06,3.883167682833401453e-06,2.102606642623498605e-04,1.451721994556285968e-05,2.063916201815144840e-05,2.318668239561047533e-06,7.630972894319683372e-07,5.464994297625997309e-06
4.610840099316052400e-06,2.707269228041373828e-06,3.350401567239050066e-06,3.329648276706616120e-06,2.959677074148905082e-04,1.281728823548296619e-05,1.868247313775115107e-05,2.270059598005506413e-06,7.650689844959298776e-07,5.168341812126865820e-06
3.879428093761169874e-06,2.721731194006849953e-06,2.601190706788859711e-06,2.896380673999977457e-06,nan,1.211904210473548356e-05,1.670497491281152934e-05,2.258940658939927879e-06,7.646743151933429596e-07,4.819657824721346911e-06
3.247203739401262083e-06,2.799803690165105259e-06,2.008074959973484163e-06,2.452715031017015446e-06,nan,1.261145455508990310e-05,1.510541602880672302e-05,2.257690567733217323e-06,7.822975559412190227e-07,4.508667756832896872e-06
2.668635271396931389e-06,2.910647384109691263e-06,1.490553471176781554e-06,2.000781795651508202e-06,6.978440422858685004e-05,1.426899795426778277e-05,1.384317301833775273e-05,2.237359150933746044e-06,7.909407285691453205e-07,4.077084412475329579e-06
2.244270146712674641e-06,3.045866220518782477e-06,1.090622572143749029e-06,1.676322238076029608e-06,1.023943911747862842e-04,1.686699006996596390e-05,1.240208051871814680e-05,2.150413234494872358e-06,8.047636897991880819e-07,3.682475869413922476e-06
1.845719995944412058e-06,3.202246033730119988e-06,7.947257118491926456e-07,1.413649844013161065e-06,2.032440898700462134e-04,2.016110351753700610e-05,1.050773954289201280e-05,2.068823849733292098e-06,8.124725609504607961e-07,3.327262070371680329e-06
1.496229175804696358e-06,3.384142333047234435e-06,5.757291055770566176e-07,1.165969182863375761e-06,nan,2.394781429929003844e-05,8.651567841276973860e-06,1.997843816915816126e-06,7.901883509983396673e-07,2.958005592585864155e-06
1.270699463767670646e-06,3.599238216190041922e-06,4.344901468465730829e-07,1.005365685696940271e-06,nan,2.795846888570451347e-05,7.379132284250064463e-06,1.953276116893878711e-06,7.835454999191775786e-07,2.733433880129779455e-06
1.155599058722005559e-06,3.795152430793996105e-06,3.564916816972246300e-07,9.347519356715835790e-07,4.159161396007622180e-05,3.167606821182399941e-05,6.669238542387956205e-06,1.958516481861084308e-06,8.019406709672278107e-07,2.538614911691595327e-06
1.071189191986456981e-06,3.946620940292327780e-06,3.251926040871233590e-07,8.577145099902765619e-07,5.372782691593882876e-05,3.446605283121065700e-05,6.051662120049776561e-06,2.013249884749982196e-06,8.290788667930876678e-07,2.411386216234455630e-06
9.804760501812137197e-07,4.049317577059803117e-06,3.156508273519741979e-07,7.933571295789860024e-07,1.778373953902265801e-04,3.590225213658091059e-05,5.414710022549877006e-06,2.111751829255078371e-06,8.365935153398132546e-07,2.339721137362355756e-06
9.089220755186642389e-07,4.093272160957466633e-06,3.237000920464765751e-07,7.583604489805599686e-07,1.998096113015381003e-04,3.572966284702154332e-05,4.870418019010948986e-06,2.227214440064069899e-06,8.476497610407988540e-07,2.188347191295385858e-06
8.475037065501056887e-07,4.102416754091529846e-06,3.340323837109001373e-07,7.292599049769259552e-07,5.896120792216719527e-05,3.386034898097437190e-05,4.368554640615341248e-06,2.340582594291048407e-06,8.351129579188752622e-07,2.058257408025787842e-06
8.153542156592483855e-07,4.080637763483218137e-06,3.453654714833151043e-07,6.928312189186091522e-07,3.900173940997178965e-05,3.055531342278907314e-05,3.886600745785740621e-06,2.463046643043552179e-06,8.276384114256957020e-07,1.880590274490087250e-06
8.170241796711549319e-07,4.005598589780570605e-06,3.461726333536106900e-07,7.047464556093379917e-07,8.335019190220856742e-05,2.632096207819220696e-05,3.646674047683529058e-06,2.574624856736515736e-06,8.268485628256089898e-07,1.691569558967506374e-06
8.752009871962983856e-07,3.871587663463834554e-06,3.466008087532190848e-07,7.333163044811126935e-07,1.085649545642264769e-04,2.186683625639322808e-05,3.684901954853314295e-06,2.596007679822570439e-06,8.518152704345368567e-07,1.553443455451873236e-06
9.217100462050305925e-07,3.677457993730899570e-06,3.364023989693919236e-07,7.347016714033045282e-07,2.200383302602390069e-04,1.780019324420950588e-05,3.470859127675045609e-06,2.543820798126377270e-06,8.598359562513543768e-07,1.373230301460501693e-06
9.503573227022980134e-07,3.411902173860039185e-06,3.139758603971179774e-07,7.309629797144167396e-07,9.432647098523622208e-05,1.423929281848248625e-05,2.884450158584085030e-06,2.436766773571727938e-06,8.509881109737394927e-07,1.247823589227962674e-06
1.012741611516903466e-06,3.052339865474685377e-06,2.875289249973104050e-07,7.352560925434197503e-07,9.829427442688058421e-05,1.113293890980207177e-05,2.662085214944837128e-06,2.246843416275200341e-06,8.461121521775467567e-07,1.155989518597156655e-06
1.091288105126569997e-06,2.644257645285476595e-06,2.587913661336428288e-07,7.075039106750729751e-07,nan,8.571252911828462984e-06,2.784858535238439189e-06,2.002988067202454579e-06,8.510581241440215643e-07,1.081340732114460279e-06
1.162346392280930141e-06,2.271504612605162668e-06,2.277375515442571920e-07,6.659335821446823380e-07,5.500762626475354716e-05,6.648855439080260415e-06,2.490296072007970418e-06,1.693432244633156100e-06,8.554586780002537201e-07,1.058623179149836770e-06
1.219061947512135847e-06,1.926139385083340108e-06,1.946918799903561547e-07,6.216771395351267130e-07,1.893523251131541435e-04,5.363824915970046760e-06,1.936265281242467993e-06,1.381818373092015196e-06,8.559968764519266325e-07,1.006931079459228469e-06
1.279503415983720126e-06,1.582867268200408817e-06,1.647120824984424993e-07,5.534861255239620219e-07,2.771747750319494656e-04,4.641747153865952499e-06,1.830479271943104873e-06,1.080293830458623148e-06,8.612087310534257788e-07,9.411271724667775920e-07
1.277520812408646759e-06,1.262006031449070093e-06,1.343523342399238077e-07,4.606041116471455251e-07,3.699978994000150914e-05,4.385015978010073434e-06,1.940686574555106121e-06,7.989273099287700918e-07,8.345715005086467554e-07,8.742866109381003847e-07
1.279647976227719902e-06,9.849723521801592163e-07,1.078351827195846883e-07,3.855615316111021515e-07,nan,4.474470381941138436e-06,1.679258060942092140e-06,5.622386602807706105e-07,8.104560818193101320e-07,7.779619148822942082e-07
1.351145814479155138e-06,7.572156395851368283e-07,8.457974545354360147e-08,3.229432872916527311e-07,3.118523242952153240e-05,4.717762729668781395e-06,1.292612047163595407e-06,3.774557743098652085e-07,8.066010226342034632e-07,7.049712558394033429e-07
1.466900476599273818e-06,5.752130083832568716e-07,6.646178430392623484e-08,2.642314908250539075e-07,2.419155344370284766e-04,4.917220432353182788e-06,1.415777165934911479e-06,2.455083243533598989e-07,8.298838245073090674e-07,6.243496479072932987e-07
1.535409512230882268e-06,4.315373094882887563e-07,5.033889906440823563e-08,2.180003290236648521e-07,1.796398923711303513e-04,4.966082123519809120e-06,1.951608019408592657e-06,1.557002076991389906e-07,8.357654477087875618e-07,5.526780275068187092e-07
1.524419638971315814e-06,3.191804789945783213e-07,3.739326415825778381e-08,1.808935237548273446e-07,2.931802048292916454e-05,4.849409958534029304e-06,1.967854544744082129e-06,9.833678286072082005e-08,8.433566677352547562e-07,5.078578257259516464e-07
1.505005456139680268e-06,2.323147564049362908e-07,2.747278522855833943e-08,1.512954473135062558e-07,1.841675166106651696e-05,4.632292000216188523e-06,1.477698796809436891e-06,6.616786172960542069e-08,8.327611484357011310e-07,4.731846258123345614e-07
1.419166523553726940e-06,1.691902725271662565e-07,2.009112814098812997e-08,1.334133806019081837e-07,5.254621551178924939e-05,4.346349776748990935e-06,1.761702975462243559e-06,5.077324226220434127e-08,8.135166154582306874e-07,4.569165686976147297e-07
1.297409658536820205e-06,1.255115962078775647e-07,1.462567937331662594e-08,1.298099175281443249e-07,6.971347662047705528e-05,3.977419623155441510e-06,2.941421767285735330e-06,4.462438160043467246e-08,8.018020196523208364e-07,4.461856835638524265e-07
1.202690436909814366e-06,9.400460170359165870e-08,1.121991913463977591e-08,1.345673193932120524e-07,1.726660220660723884e-04,3.515813309172536555e-06,3.200493752553615962e-06,4.654130029680531044e-08,8.061282155806343782e-07,4.175450860245063493e-07
1.099524213127053114e-06,7.083194388525472694e-08,9.463684601518303203e-09,1.481634484448105761e-07,3.967663821434282183e-05,2.991981517145724057e-06,2.064462717191654394e-06,5.540670313076565683e-08,8.127729153363986892e-07,3.937668952326641459e-07
9.380847659846340518e-07,5.432725333878257845e-08,8.983123043634020110e-09,1.711233526213040628e-07,5.134369692605320328e-05,2.475063351599052579e-06,2.590092924200796088e-06,7.159886025940259583e-08,8.029746143948021673e-07,3.575383744034871506e-07
7.915338542162084938e-07,4.294880217903567925e-08,9.845044783943636040e-09,1.998596961479070404e-07,2.140008781321266291e-05,1.994579912326971985e-06,4.820771456985186855e-06,9.696979571209608395e-08,7.838839182438445069e-07,3.198025894552375528e-07
6.979686170023586774e-07,3.510434021315516328e-08,1.179182473508195997e-08,2.324748980265737755e-07,nan,1.560895031140187799e-06,4.598762632913443605e-06,1.331986203093834940e-07,7.642348838404908218e-07,2.880172153822884319e-07
6.080996187556418407e-07,2.933158793271135714e-08,1.492355808248105074e-08,2.766957709256891061e-07,nan,1.188646740632910297e-06,2.177029500453343832e-06,1.850191130933855779e-07,7.593164612119018877e-07,2.520571577138534860e-07
5.179326996077520454e-07,2.466045811832937864e-08,1.855979518660560297e-08,3.155810049165717714e-07,1.324707780492988274e-04,8.800237685204015561e-07,2.777421660623827574e-06,2.485263047043191742e-07,7.354001542001944473e-07,2.282529678034708487e-07
4.289309805732327480e-07,2.071293875005541887e-08,2.313937042380318610e-08,3.343354500009786145e-07,2.156225752246159830e-05,6.353732713038287179e-07,5.631839876451744943e-06,3.160254656273452299e-07,7.186622251560224918e-07,2.113888738234677797e-07
3.456870328830291483e-07,1.745602293051831581e-08,2.808185028957843073e-08,3.351831009305800254e-07,9.662193430094697112e-06,4.539172121234795917e-07,4.523561048825029922e-06,3.819412901947420978e-07,6.870820042314575753e-07,1.959295308898908264e-07
2.637380130780167072e-07,1.487805239412653072e-08,3.304799313191576005e-08,3.246227287490299123e-07,nan,3.301084985116337746e-07,1.323832580689028856e-06,4.408402615777108966e-07,6.422191704894180155e-07,1.893015647616712333e-07
2.038374556981535497e-07,1.291175890678902299e-08,3.769057864271111804e-08,2.940475777016754375e-07,2.239334362789409242e-04,2.549632191158306753e-07,1.604511141296940445e-06,4.840665685307469378e-07,6.022911530824832501e-07,1.755025643191342080e-07
1.651989203937765613e-07,1.155725788698908425e-08,4.284951933887125898e-08,2.641656357703092958e-07,9.687657093535406000e-05,2.193930313547886086e-07,3.683461467567112333e-06,5.012492702379592595e-07,5.804267329995187506e-07,1.621529438496900776e-07
1.332866009272259496e-07,1.078473944267825460e-08,4.689644155604374170e-08,2.297906723591473934e-07,1.918339868254245354e-05,2.165422562282367962e-07,2.854672609716154518e-06,4.797331968775670769e-07,5.561469139086612504e-07,1.486047918075075667e-07
1.034781638024983546e-07,1.048722148408528424e-08,4.929532563009138503e-08,1.832986001035400210e-07,8.722786414393260244e-06,2.429992953801415334e-07,5.613575186401396326e-07,4.308408582040291150e-07,5.284356727762823060e-07,1.295332714767646469e-07
7.944611876994836983e-08,1.064153135672703700e-08,5.088000066345736569e-08,1.364800072408849081e-07,3.918778301542172348e-05,2.967624616640577358e-07,7.356399570792062538e-07,3.682416063858074896e-07,4.933868623260240387e-07,1.156739615917003163e-07
6.167438713462385762e-08,1.125412153594977077e-08,5.082101556167107814e-08,1.016542203538683910e-07,6.860451149675640421e-05,3.754720094444162125e-07,1.867626832296362268e-06,2.908982969649674128e-07,4.541778666194501192e-07,1.008182038306754623e-07
4.604790846884183555e-08,1.226158680555491637e-08,4.922373662665059136e-08,7.284293995490878993e-08,1.048495855606054684e-04,4.773103392526391068e-07,1.279708200796734540e-06,2.155602540483336066e-07,4.234644495459782738e-07,8.841531021427150350e-08
3.638735891356379379e-08,1.364776140301846897e-08,4.623162224225447217e-08,5.079373902725872223e-08,3.172997233265802716e-05,6.044287005807677324e-07,1.656986565125179608e-07,1.502584047650343653e-07,3.889724744361228611e-07,8.044316919895438622e-08
3.017831253188216396e-08,1.545897320675222013e-08,4.285198707459230677e-08,3.671944212774962298e-08,2.561205823400800348e-05,7.548225553419068964e-07,2.733290556058134615e-07,9.792437646716959836e-08,3.675913912902342923e-07,7.225640872060718487e-08
2.533143542401112433e-08,1.741014548992004004e-08,3.760274521733730276e-08,2.680009541335646788e-08,1.242730909779617103e-05,9.166234848122057024e-07,7.972831279810682520e-07,6.044918080808779375e-08,3.458753385156175957e-07,6.757869624885389407e-08
2.185883732443526947e-08,1.891390984295858372e-08,3.185083451634081435e-08,1.883131613312502155e-08,1.891555826763247793e-05,1.076067180793195865e-06,5.198729484779919244e-07,3.557712853073309277e-08,3.169850208426506327e-07,6.351264343726295449e-08
2.055896011263592619e-08,1.982734194312080383e-08,2.614027540739046132e-08,1.391585558116580284e-08,5.774497075401150591e-05,1.209911606414091977e-06,5.554985757568544814e-08,2.089426515651048979e-08,2.910426753337067943e-07,5.849455719570422591e-08
2.086747924207975779e-08,2.029651199529358020e-08,2.111080110395725591e-08,1.120147108045792765e-08,nan,1.305377798823297350e-06,1.138129624054727223e-07,1.239631210201732893e-08,2.788053733791849303e-07,5.476804753610275912e-08
2.101187062548208783e-08,2.010142417478505540e-08,1.600897274430691789e-08,9.032006413176108494e-09,1.329592450908118547e-05,1.362973871998342143e-06,4.070646538375695620e-07,7.464027292465710061e-09,2.605440004476232764e-07,4.844553826038753731e-08
2.135861163947785133e-08,1.913428007248455435e-08,1.195926548534195920e-08,7.472347358928433399e-09,5.113963424240324384e-06,1.362749578573323940e-06,3.339137066366674447e-07,4.577570815079526751e-09,2.460057922702840305e-07,4.303334481103606142e-08
2.139867633486833258e-08,1.764795219495115251e-08,8.875769201340013155e-09,6.717735800628360630e-09,8.983919701016162098e-06,1.309818354345688569e-06,4.375538978997669408e-08,2.895046530468175434e-09,2.330520525595818789e-07,3.803110898571975562e-08
2.101816456993113724e-08,1.595672503273164626e-08,6.859757993972339510e-09,6.125746755299115940e-09,1.270656240661372448e-04,1.228630406328167405e-06,1.044103089443640462e-07,1.978109201877012252e-09,2.150840824704951991e-07,3.278157971867754833e-08
2.025324020226032056e-08,1.438206266633850980e-08,6.097333832634874629e-09,5.472709547075717677e-09,nan,1.126581101116827116e-06,4.216122473435610365e-07,1.598864156637792590e-09,1.985599752165116943e-07,2.889772982757988078e-08
2.075041366153050486e-08,1.314854257567071295e-08,6.664477508166034701e-09,5.201121124996088958e-09,9.195833910884460461e-06,9.983933980847988240e-07,4.001375386598130409e-07,1.522073751962253828e-09,1.860049560137516621e-07,2.552850982547607007e-08
2.226946187248345552e-08,1.228073144004994087e-08,8.536254330198100472e-09,4.978971563138315120e-09,5.125603309961061089e-06,8.482238089944616298e-07,7.082469162289752556e-08,1.593652925117113342e-09,1.790227531641109445e-07,2.282672655796727913e-08
2.292301580714861522e-08,1.160650091754279749e-08,1.139962492847683811e-08,4.488922383303099378e-09,2.207285678437829590e-05,7.034549624339604058e-07,1.457606297910475187e-07,1.764544971321912789e-09,1.713398458553021771e-07,2.171675086822492236e-08
2.349154705850460939e-08,1.105590971934751055e-08,1.523756473788615161e-08,3.962272036086869287e-09,4.296711416153854338e-05,5.975158645522723089e-07,5.078730382238822063e-07,2.070985560983948887e-09,1.616520998258030316e-07,2.025846242441628750e-08
2.442659340200585050e-08,1.076922846164935617e-08,1.958479421154245205e-08,3.598840074339901988e-09,5.821591908260829567e-05,5.471768705682155173e-07,4.171300093001650341e-07,2.828128972738526170e-09,1.512339033243212211e-07,1.901724977754221284e-08
2.520855911173386902e-08,1.071358373860982852e-08,2.412733164477825919e-08,3.095794597817118274e-09,1.609341710264831514e-05,5.373729818886629897e-07,8.489124109578530769e-08,4.314172456452253787e-09,1.436140157606044644e-07,1.742938021210631653e-08
2.548584388875940849e-08,1.068050734423067904e-08,2.822899157975649307e-08,2.659740089222661927e-09,2.491992428019344118e-05,5.711934631495263393e-07,1.239215312182086133e-07,6.766499409507948521e-09,1.302141725675325548e-07,1.528051328398491813e-08
2.579655258704534804e-08,1.047516116780481825e-08,3.263038811155994302e-08,2.383329363867256639e-09,8.616882961900524724e-06,6.490621474950631987e-07,3.103885016889164375e-07,9.982673557009460802e-09,1.217619741868719989e-07,1.369382735813430104e-08
2.462013326294068653e-08,9.908570192894591227e-09,3.611040411740648921e-08,2.131110106398368727e-09,1.039145629988642287e-05,7.377008456074166864e-07,2.216642710644118752e-07,1.310095556139082715e-08,1.146358333682725460e-07,1.185924279195451230e-08
2.174812537420035997e-08,9.012257292976357334e-09,3.809241423670593214e-08,1.868162603973372712e-09,7.284885686546039912e-05,8.083920997069640771e-07,5.437373331990393462e-08,1.569294289185229111e-08,1.040522888581312991e-07,1.023722195564806505e-08
1.877788885907915055e-08,7.889159227898522179e-09,3.927953627253694963e-08,1.768662133321736636e-09,1.095660732529573034e-04,8.418170716302852822e-07,5.566413308591486358e-08,1.748360592047832980e-08,9.406889117708309864e-08,9.140105470280115275e-09
1.684864447670071934e-08,6.626063082936713519e-09,3.962093846220258060e-08,1.763800415840221464e-09,nan,8.396506605780423252e-07,9.890721299970126728e-08,1.798057591097140218e-08,8.760599229188062635e-08,8.113027789568135963e-09
1.561615513360548672e-08,5.392246297071675089e-09,3.834740752346505767e-08,1.744934426048023211e-09,2.765556394912419912e-06,8.226651338706637051e-07,6.876503513094837063e-08,1.694983139204765311e-08,7.970043704206249412e-08,7.776270909469171515e-09
1.400933326316957836e-08,4.283363496881620351e-09,3.612945017367956293e-08,1.729771529550534566e-09,4.629819401599642244e-06,7.946591003279080145e-07,2.238903216738435101e-08,1.494197281255810749e-08,7.176225225137941249e-08,7.522277615665836579e-09
1.253800758070879016e-08,3.373838377038540611e-09,3.342348188717308958e-08,1.729413915106460517e-09,9.886021872096425827e-05,7.413691787321738072e-07,2.216390548236627666e-08,1.250827572892506716e-08,6.480657364157092349e-08,7.086800920720164881e-09
1.097817827446051870e-08,2.701265520595374432e-09,2.938121843181679451e-08,1.603418514514094807e-09,9.210324195809106382e-05,6.674567712836402674e-07,3.766159442309431337e-08,1.021508651516589853e-08,5.659869896496971115e-08,6.747453855755190886e-09
9.420577789416534951e-09,2.228122193857765226e-09,2.500303887421629371e-08,1.438623564640949227e-09,nan,5.878915654170415599e-07,3.343281261233530986e-08,8.330736577302699044e-09,4.901213542035813502e-08,5.977928239825403960e-09
8.056155456562249020e-09,1.932731637603569743e-09,2.045481621749738574e-08,1.310390939279281576e-09,nan,5.060551918116013395e-07,1.934666516896391900e-08,7.217469185116680738e-09,4.170765629941990149e-08,5.394984310589747811e-09
7.204633817375569562e-09,1.790503216296531289e-09,1.651194937926979139e-08,1.182865957062321061e-09,1.527720840242909568e-05,4.200038375509248909e-07,2.694073110648162001e-08,6.815414046658885767e-09,3.631647815177567732e-08,4.794070019229329323e-09
6.334867882020854897e-09,1.785314122582231908e-09,1.243269316657428429e-08,1.041456415464185527e-09,2.167403562533164334e-05,3.307694594534451515e-07,5.545314641348087412e-08,6.785910035324916586e-09,3.120533989585061190e-08,4.195469451429033524e-09
5.258852424732234852e-09,1.937588053231970351e-09,8.945097995997689748e-09,9.556965493727090865e-10,3.768040144769217834e-05,2.451277819641256927e-07,6.157573150039707355e-08,7.115258650315533089e-09,2.615512982778678014e-08,3.798715749965524951e-09
4.368707012705378587e-09,2.249869924458439253e-09,6.097655547130707780e-09,9.124534823150121622e-10,nan,1.696068367952086445e-07,4.721255364497955777e-08,7.615118762262219366e-09,2.153993965688602492e-08,3.491389584652002209e-09
3.528562000900980716e-09,2.710544371635441388e-09,3.996351787838951431e-09,8.956704142599053321e-10,1.518348339424919634e-05,1.102188836747961973e-07,6.189444219819496309e-08,8.260194960041789949e-09,1.776934532850761949e-08,3.311609106281349450e-09
2.837167797758314646e-09,3.333595096071051980e-09,2.607472316856639110e-09,9.627864263632398055e-10,7.812573444965238278e-06,6.976170414553763563e-08,9.710714079789953282e-08,8.920925976841322329e-09,1.382148224319814264e-08,3.345483240308927836e-09
2.197295039472654660e-09,4.087983432506239754e-09,2.044224216526489502e-09,1.077641193385971545e-09,3.534766110419009104e-06,4.590618450228517760e-08,9.939231655691430518e-08,9.215370668139025271e-09,1.060781261176625171e-08,3.199019980020356394e-09
1.706174196296173084e-09,4.901584202660655018e-09,1.951281623609992059e-09,1.188722613382827752e-09,-1.008811489343329097e-04,3.498121521104238122e-08,8.112645762288851927e-08,9.300366593281203928e-09,8.096063976992916618e-09,3.169059244508636168e-09
1.308686315895979272e-09,5.671403604289861629e-09,2.205768237148999949e-09,1.299950524338821927e-09,3.026042745715450301e-05,2.816550270507725530e-08,8.496808214789780562e-08,9.259529623068415044e-09,5.967594145596504574e-09,2.975671743786931919e-09
1.013399468219103459e-09,6.410007108583008616e-09,2.889752167764681523e-09,1.446413173793233392e-09,6.475570812980006840e-06,2.268333123280795349e-08,9.748417411172828837e-08,8.881502951404585041e-09,4.352405986314867762e-09,2.762484818804631912e-09
8.814061122114104990e-10,7.307013094600090241e-09,3.820635833432641536e-09,1.597324042323827474e-09,1.323927361131858234e-06,2.090101828173073735e-08,8.939983311596342567e-08,8.120704358612551216e-09,3.195864331371346982e-09,2.566328946645791968e-09
8.820715635645717464e-10,8.188458883429285312e-09,4.794639288908450230e-09,1.829617002456702856e-09,nan,2.042880325539492967e-08,7.198239250742500810e-08,7.220860940016798665e-09,2.349387388642404756e-09,2.365764592131241066e-09
8.839190318011937505e-10,8.727282620299217454e-09,5.597516172568731659e-09,2.219834317270644764e-09,6.615546641309395760e-05,2.024769044446470105e-08,6.704000762899643178e-08,6.133050325424175046e-09,1.711156533713096479e-09,2.172328222776873870e-09
7.752198738407757496e-10,9.011608765847741681e-09,6.302583415542939411e-09,2.693195230045754477e-09,3.763684646516535237e-05,1.985856608013872017e-08,6.537761625943670384e-08,4.867112130227463434e-09,1.255227882378366859e-09,2.091767435268914302e-09
7.082421739369022006e-10,9.022891854082862818e-09,6.754306432938654288e-09,3.144781712769829934e-09,1.887314036235836849e-06,1.900957963601589831e-08,5.168552603517460304e-08,3.398699646987768603e-09,9.076890995526555735e-10,1.940678357437171224e-09
6.917242492837464542e-10,8.820303138466083469e-09,6.936226242438974652e-09,3.768481623863284576e-09,nan,1.784764279362958170e-08,3.495545217474926580e-08,2.112422305204610840e-09,6.691218420221564227e-10,1.943605993160675107e-09
7.102473602998750257e-10,8.555113008874211125e-09,6.865820935257915229e-09,4.353879130720439070e-09,nan,1.665441143241021048e-08,2.570224105711432472e-08,1.163097215942290185e-09,4.905909634723299809e-10,1.894334876450524809e-09
7.730217337793482428e-10,8.232116012649205674e-09,6.822101761864902502e-09,4.801542885695774572e-09,2.580226302272368226e-05,1.545391162871561688e-08,1.966467360756214099e-08,5.528317584502895562e-10,3.701771830296488841e-10,1.902269361707969074e-09
8.502293102161920249e-10,8.005421076041525630e-09,6.433035727569444490e-09,5.176072936293229720e-09,3.909662571895076028e-05,1.439123518416299536e-08,1.332729171950658264e-08,2.862246735141481436e-10,2.892187207381895707e-10,1.907635547457747726e-09
8.856357995449372973e-10,8.137076783949953187e-09,5.864930664956396721e-09,5.449942035208731550e-09,2.918318463914773380e-06,1.332123094674112078e-08,8.341606043472437048e-09,2.483109045763746929e-10,2.302451951200303999e-10,1.844136563159570601e-09
8.770042268145942508e-10,9.081377482351931184e-09,5.264231096567162477e-09,5.149909736715830890e-09,5.694638745581073831e-06,1.154452607262083090e-08,5.175264519055963218e-09,3.252356145485759661e-10,1.858743727359480360e-10,1.753102258263059899e-09
8.783212212333885167e-10,1.127777725545793234e-08,4.545625103856177294e-09,4.729559474965981154e-09,5.428840293210115797e-06,8.995514244692974420e-09,3.294900962417369995e-09,4.430424914086566127e-10,1.571758913693663162e-10,1.681900053108325713e-09
8.713485589881001245e-10,1.469454739337263378e-08,3.733354468070917612e-09,4.314744084446431534e-09,2.447819688700221747e-06,6.542970441773429836e-09,2.376703623865251498e-09,5.832524039698466241e-10,1.361453375573588521e-10,1.528401795968837411e-09
8.458827692894929160e-10,1.901528845217405432e-08,2.984793549092071549e-09,3.604080708853616475e-09,1.996565935859889493e-05,4.770638422138341678e-09,2.003915488213697484e-09,7.840857241803174802e-10,1.178978227020193431e-10,1.507789614573497469e-09
8.006933966596178334e-10,2.336130949241092652e-08,2.323257097500241996e-09,2.818577647947919662e-09,1.850991248730520682e-05,3.553426842931387250e-09,1.932302044827318548e-09,1.112301218356045153e-09,1.053655556668846743e-10,1.399205648487940133e-09
7.516442758583864351e-10,2.663398718482277566e-08,1.684793614728965385e-09,2.232444990401399623e-09,3.360520643899654738e-06,2.675766708442962964e-09,2.159167081121478157e-09,1.608425044087498343e-09,9.541535374366225836e-11,1.382190454380397282e-09
6.545297881779112673e-10,2.848882420541131440e-08,1.165751358258956338e-09,1.710203496545689861e-09,4.865433362713424444e-07,2.082935258957758037e-09,2.517670262921069605e-09,2.298284201551878245e-09,8.867618306948315653e-11,1.390000532113851826e-09
5.573906689553385725e-10,2.838420314066761829e-08,7.673788896923871525e-10,1.321151734429629714e-09,8.414758351477206609e-07,1.814333259723607653e-09,2.947720369733124264e-09,3.200174722027667069e-09,8.458442897862787392e-11,1.426506464000775270e-09
5.173679371854480360e-10,2.628543762678822162e-08,4.836696986049606757e-10,1.179941686913029826e-09,1.625732130202220302e-05,2.278342738373287305e-09,3.687421078124396834e-09,4.314388885704386399e-09,8.516775293997458245e-11,1.498405982693254662e-09
4.945867216515164620e-10,2.286057811312534615e-08,2.807070881721806221e-10,1.222565802546363591e-09,3.076608031500574112e-05,3.132121633593041547e-09,4.637515115031017393e-09,5.626395414908842500e-09,8.828147880038579422e-11,1.539576720840973271e-09
4.685948793494175436e-10,1.840173680554243477e-08,1.670531381536939282e-10,1.338545311728485178e-09,5.390893009307415014e-07,2.229097741974153746e-09,5.298407212594722777e-09,6.715737499146334142e-09,9.345973086297771189e-11,1.479417782187381399e-09
4.387049081474167270e-10,1.380320275876263081e-08,1.420951496101125130e-10,1.635012661963677539e-09,2.947258729039677495e-07,2.564280372118537714e-09,5.651511470750096676e-09,7.546505334459789261e-09,9.916740705669322819e-11,1.469016893968123497e-09
4.196874636450217572e-10,9.660809957223407062e-09,2.087945841650664957e-10,2.216017699034989235e-09,2.345108634466834567e-06,3.353413117651565322e-09,6.068026690732586433e-09,8.255808178863437304e-09,1.092906270842184230e-10,1.346235004118009445e-09
3.871944576169227428e-10,6.231156002530962347e-09,9.680402850289726491e-11,2.917418011269910495e-09,nan,4.420199651620087813e-09,6.301868516633628746e-09,8.678587580063931845e-09,1.211063893524432400e-10,1.314059078885098411e-09
3.634120463633061458e-10,3.755824917684881896e-09,9.797896532267078563e-11,3.786086559843278310e-09,9.679954826061962892e-06,5.594909449323838473e-09,5.996138967700869374e-09,8.831871930797904354e-09,1.328489508223072393e-10,1.238220364068767473e-09
3.478621929643226086e-10,2.138097476070688844e-09,1.269056527483313802e-10,5.019190418489742037e-09,8.642067742772367736e-07,6.706143293609838671e-09,5.550653837642996202e-09,8.509820403286827402e-09,1.511760125848897306e-10,1.190039481486961911e-09
3.229706331464447996e-10,1.214883909640881493e-09,1.629285310832266853e-10,6.256564868536311489e-09,1.496424506161882332e-06,7.755206669253541458e-09,5.156885534545772407e-09,7.855213258259275177e-09,1.723663263129845487e-10,1.200924496088075540e-09
2.902377196489054118e-10,7.926145389267430561e-10,2.075965114393084062e-10,6.760094831805318150e-09,2.945409708510395222e-06,8.749092275168640960e-09,4.670289504583195453e-09,6.991151982788951442e-09,1.920335966593267603e-10,1.251501534497350656e-09
