1.000000000091252783e+00,1.000000000090971009e+00,1.000000000254129828e+00,1.000000000249481991e+00,1.000000000159128488e+00,1.000000000161502367e+00,1.000000000285144353e+00,1.000000000069152684e+00,1.000000000069677375e+00,1.000000000046600501e+00
9.960919014263988069e-01,9.992503868954472068e-01,9.961572176658476385e-01,9.979037864122387580e-01,9.458290479487633240e-01,9.994925326305783564e-01,9.933045461440604962e-01,9.982747172947009640e-01,9.951750530292903241e-01,9.989421031763403569e-01
9.655586789813963566e-01,9.938980337387417485e-01,9.965267340206299673e-01,9.833995457655420047e-01,nan,9.957961749324902856e-01,9.451104500505465023e-01,9.890792743026128875e-01,9.836136905077704773e-01,9.955166535201395162e-01
9.298168265569075608e-01,9.879063988260323725e-01,9.872636296693884095e-01,9.632636078762982779e-01,nan,9.930868354596044112e-01,9.075035452790122248e-01,9.873329774025869643e-01,9.540610347096383226e-01,9.972645628358539627e-01
9.388250588957344211e-01,9.890273376820618578e-01,9.970041224113850298e-01,9.675923846230508607e-01,9.416041115481628143e-01,9.951242657471032205e-01,9.362663785628262403e-01,9.904489457380344364e-01,9.678052022836294288e-01,9.970173680790294091e-01
9.837559175333634442e-01,9.954461478991051271e-01,9.978615096730474310e-01,9.918815350064850156e-01,9.736931944864443134e-01,9.964436850846362104e-01,9.714388714943146264e-01,9.910190255066386733e-01,9.908510393964925500e-01,9.990533113149379085e-01
9.983314418855272487e-01,9.961702080577612417e-01,9.995023204050765830e-01,9.990475320347032007e-01,9.939679967691602558e-01,9.943452446268770117e-01,9.613017840465176711e-01,9.856982010838748476e-01,9.991531318543532825e-01,9.997787081963330769e-01
9.844042298714746897e-01,9.899139252964691549e-01,9.963949592086727147e-01,9.911171105066169940e-01,8.384820277512113895e-01,9.881287538437639739e-01,9.511511761483341099e-01,9.734325997556537713e-01,9.900583078080943400e-01,9.984372246361418179e-01
9.853897934585384988e-01,9.846277040135869019e-01,9.892981707951513659e-01,9.902496071673141387e-01,8.687641436882109769e-01,9.798652741208324635e-01,9.740630930561878786e-01,9.553073737104711416e-01,9.867265009983023916e-01,9.961395249778342009e-01
9.925133609127693157e-01,9.833802046118627072e-01,9.933281378321497934e-01,9.925372302359126708e-01,9.476444033843065551e-01,9.716363847855225000e-01,9.511344073264957899e-01,9.349286998769161805e-01,9.945321839162398758e-01,9.969384949734736434e-01
9.874052634641815596e-01,9.838117723297313821e-01,9.907055399497664006e-01,9.919353719376082790e-01,8.119244408432877425e-01,9.614435078561391901e-01,8.859209761734494482e-01,9.148570094212631343e-01,9.883379285279624282e-01,9.971009897190813431e-01
9.896914228235158539e-01,9.833292194569330791e-01,9.966082462421114174e-01,9.946081649721214557e-01,9.394745271115684249e-01,9.481642783969853605e-01,9.287007602602486145e-01,8.943651386202970954e-01,9.951401453073032144e-01,9.985657509058891712e-01
9.873978090448543021e-01,9.817953217351922390e-01,9.953071072291971300e-01,9.939456769136125747e-01,9.780857417865012060e-01,9.307450155892685872e-01,9.906640436960052476e-01,8.685236287819502188e-01,9.934393623714400379e-01,9.984355314497500578e-01
9.448822435149023535e-01,9.772847993386570842e-01,9.943697961210486991e-01,9.708841658916278483e-01,9.461460892645712217e-01,9.085154463486105891e-01,8.688324930798769774e-01,8.411177090539152523e-01,9.726370189159229129e-01,9.963781162388521961e-01
9.030938195146142045e-01,9.717602171486412477e-01,9.791912037246626177e-01,9.485838747749388844e-01,7.793993340620147814e-01,8.819830611162815526e-01,7.318579478023127249e-01,8.140852796549510328e-01,9.407812668620226804e-01,9.926371241837027570e-01
9.177266521060513105e-01,9.705119608702472700e-01,9.893973645313128840e-01,9.588306800218171499e-01,nan,8.548279791520841941e-01,8.180142382638417864e-01,7.887833611261516609e-01,9.601190505084378213e-01,9.936149357546317784e-01
9.603977905848497532e-01,9.759891536760503250e-01,9.861615556789067316e-01,9.812284271690578930e-01,7.980735562001600725e-01,8.289283537561329407e-01,9.630222838365930516e-01,7.776724440791507043e-01,9.760596365975086064e-01,9.953493601296230509e-01
9.711101728924559362e-01,9.796709430403004459e-01,9.901440492838651242e-01,9.903054038223888522e-01,9.723756616610970127e-01,7.999896221745353975e-01,8.547442756335338343e-01,7.717588157107738711e-01,9.863485045203924662e-01,9.951801041175393214e-01
9.649949766365754078e-01,9.753451205724713580e-01,9.874151645392845733e-01,9.883256144506096241e-01,9.591685513721339706e-01,7.675382901431888616e-01,6.870012025293432689e-01,7.699524521817278089e-01,9.825767900418099776e-01,9.939863370149955024e-01
9.483683893442468316e-01,9.649348769409648030e-01,9.836615648803495038e-01,9.789760706156852565e-01,7.603319959729143429e-01,7.332937201929542459e-01,8.046078411928589968e-01,7.727006602984677341e-01,9.734497541267593812e-01,9.913591797124330363e-01
9.124474711363811386e-01,9.554896855869634553e-01,9.779841457378952718e-01,9.590686782395625443e-01,nan,6.992140494363862091e-01,9.335318813261447302e-01,7.894256768686632730e-01,9.504975091371307139e-01,9.881726117175902990e-01
8.852510071381779477e-01,9.460425178125378975e-01,9.754831384643450898e-01,9.471117552050025701e-01,7.973848353996012550e-01,6.680984005060671693e-01,7.336955607233409671e-01,8.144625900208242175e-01,9.376113281822474610e-01,9.869798881699165527e-01
9.051528022792459938e-01,9.323640570371800607e-01,9.803506517937088383e-01,9.638367757746679754e-01,9.242961731035258532e-01,6.392155382355206861e-01,5.402136031294475504e-01,8.437194108747384513e-01,9.530724680218274347e-01,9.877399546762448690e-01
9.246843077539664835e-01,9.154459773904168873e-01,9.799395444678531408e-01,9.777706568368602635e-01,9.288325845224709720e-01,6.120193034647647412e-01,7.400613962689683856e-01,8.764991128758349292e-01,9.640126927989945971e-01,9.870366036990546599e-01
9.025731542594394030e-01,8.956564661415321593e-01,9.766341383720928970e-01,9.660529567607938350e-01,8.549975933626579039e-01,5.867837658380455901e-01,9.553987659965375023e-01,9.050741903863236404e-01,9.525636707082951737e-01,9.844333228591575224e-01
8.793506741664847137e-01,8.716354160618885460e-01,9.647004708758708524e-01,9.519772803346887580e-01,7.420549976634216449e-01,5.641693204566917696e-01,7.052358655208433857e-01,9.263426963677189319e-01,9.337862829851614199e-01,9.798383056088907361e-01
8.819179989379964946e-01,8.502377043773186038e-01,9.687568643452940664e-01,9.512851527012557984e-01,8.849476940923055590e-01,5.473648515789736324e-01,4.199500060980420613e-01,9.484197304051382726e-01,9.432901675113170015e-01,9.762177419962585478e-01
8.795062747182539331e-01,8.415585150714185447e-01,9.553839973404258945e-01,9.547739337091871725e-01,8.078559968847999206e-01,5.379142937854635154e-01,6.578660898514241406e-01,9.616063493324277234e-01,9.330828506533219713e-01,9.744472063018728702e-01
8.659205481428153828e-01,8.417507083882358465e-01,9.612162295770931841e-01,9.526682249782938428e-01,7.801105027746488840e-01,5.341294877111927297e-01,9.528260040157481292e-01,9.604495780313164754e-01,9.347448502990955976e-01,9.732827232862780731e-01
8.571879202362036043e-01,8.426942874745491086e-01,9.561196240842221306e-01,9.509615525982864082e-01,8.712241487534803097e-01,5.344945425864738864e-01,6.604914132329945398e-01,9.444540196026375289e-01,9.300029665828480896e-01,9.711854606755430108e-01
8.258276956552115244e-01,8.441738116901086331e-01,9.487186306794216373e-01,9.325426333116839661e-01,8.275423067205515126e-01,5.391706677491656663e-01,2.982911945585799973e-01,9.091376979802962000e-01,9.126976492390687090e-01,9.668534758836087040e-01
7.700646651161107137e-01,8.506228038723375739e-01,9.330504590180827007e-01,8.983559977352664205e-01,7.933646805703435945e-01,5.477209227107348033e-01,5.452027794020707363e-01,8.529870510919224103e-01,8.757018565434445678e-01,9.609275504250373023e-01
7.472810660856936682e-01,8.594337895236854319e-01,9.311320113103184193e-01,8.871986754229741479e-01,nan,5.600967110605046262e-01,8.541298724829207156e-01,7.832069618678481060e-01,8.669069744851700676e-01,9.588032533322001782e-01
7.728060057409473771e-01,8.676410227632560535e-01,9.228478270852517040e-01,9.033571149245890330e-01,nan,5.777912635789692608e-01,5.766265827838470415e-01,7.127062992635873062e-01,8.796857508972787398e-01,9.555243024696083998e-01
7.892684309944082433e-01,8.752185714100807479e-01,9.185834594092080474e-01,9.178400737518941366e-01,7.771989965816470392e-01,5.996720581831214147e-01,1.947872442301036844e-01,6.287094650405566920e-01,8.920102405369927379e-01,9.517845342056979741e-01
7.796086256243729418e-01,8.771027886414649588e-01,9.112108069398523469e-01,9.141555112886059486e-01,8.063254904258305711e-01,6.228388583370058074e-01,5.307484645733501205e-01,5.356139036313480872e-01,8.871022605501434066e-01,9.469628352984069686e-01
7.651594603883693502e-01,8.665620610657837064e-01,8.984253559039028225e-01,9.045430375681545732e-01,7.472068471331702044e-01,6.455736486323151446e-01,9.270052525319274483e-01,4.402733770709367778e-01,8.755190595142564591e-01,9.408215824313203024e-01
7.424731677890539228e-01,8.473600359448936192e-01,8.903153087697081025e-01,8.895634565224361801e-01,nan,6.675792332142012064e-01,5.386251008554103770e-01,3.490464652980696525e-01,8.638836587636118391e-01,9.311437055179087041e-01
7.069455202763845758e-01,8.265870620725612739e-01,8.745024761913562372e-01,8.687396176920276769e-01,nan,6.898136774899392698e-01,1.023597526283853004e-01,2.680759937303705542e-01,8.354619722291941608e-01,9.264521373522410785e-01
6.983747735052153738e-01,8.037757964254115262e-01,8.770574031282893923e-01,8.683802717461772680e-01,7.266514933216279282e-01,7.102107408548722356e-01,4.597249254242291028e-01,2.024332851047747350e-01,8.376991748597281129e-01,9.235930192055896715e-01
7.104478656258901292e-01,7.747909740666188982e-01,8.694161647466838172e-01,8.793041900882756501e-01,7.481175428538616723e-01,7.257344531154388267e-01,9.145582457052238157e-01,1.532545071184522323e-01,8.426335811946743526e-01,9.184479288347314752e-01
6.977665275612098261e-01,7.392577787441467763e-01,8.628328980576931428e-01,8.722865489651756565e-01,7.387889664879572216e-01,7.359973358173472757e-01,5.145771320926757486e-01,1.232802246088063047e-01,8.341560357616228938e-01,9.128087609845445538e-01
6.650768891570524310e-01,7.033868855579755719e-01,8.495481347025060082e-01,8.519527283571228793e-01,5.984006132120874843e-01,7.403827669386146004e-01,4.175274751357253844e-02,1.148366451987880149e-01,8.082611324964734667e-01,9.062134175724105845e-01
6.557461016565434564e-01,6.732743326114111193e-01,8.453512294826269757e-01,8.435169631988281846e-01,6.483257568127194226e-01,7.387618865074921937e-01,4.255823932996065095e-01,1.290173926916611813e-01,8.040163630360301905e-01,8.965065307350829071e-01
6.607000345518165840e-01,6.522102831847619298e-01,8.326118995663746025e-01,8.487693463943567496e-01,7.199066672543168455e-01,7.315975487738816119e-01,8.975444812680802853e-01,1.635833011655767610e-01,7.969721507764601087e-01,8.893638613604800680e-01
6.544710087853311542e-01,6.421989246843955446e-01,8.344660663676782830e-01,8.470111835848040949e-01,6.135579933392785179e-01,7.193078879429225525e-01,4.901333461114438239e-01,2.172172587999633142e-01,7.958653792543751715e-01,8.834603099519098279e-01
6.458403979876068401e-01,6.432389140622585266e-01,8.292353499097400160e-01,8.428055447053599547e-01,6.854057223460592319e-01,6.994630633874616699e-01,9.216671228117248246e-03,2.874079466158094842e-01,7.865837642733859436e-01,8.754518956450149103e-01
6.318226007286584789e-01,6.522935199943583617e-01,8.213062728778218746e-01,8.333013055251613510e-01,7.027738329845703014e-01,6.712311090922340462e-01,4.090252149031475271e-01,3.666380060727675305e-01,7.721506796162577180e-01,8.661234449277712688e-01
5.956847779222640415e-01,6.659227156205131948e-01,8.123238077035425109e-01,8.083000215778386455e-01,7.173649148509438911e-01,6.378219572789591840e-01,8.432521145483800051e-01,4.499206329326831399e-01,7.430437632688717819e-01,8.573330421649505428e-01
5.624064520229596909e-01,6.858565458664821479e-01,7.994594484202052209e-01,7.870043636639639795e-01,5.874096524380515438e-01,6.014540049916855535e-01,4.332774951777148553e-01,5.316641447157602896e-01,7.116916543875164702e-01,8.473854197238027686e-01
5.690727857923580935e-01,7.138774613007866643e-01,7.957955392036316633e-01,7.893703518712688050e-01,nan,5.646060025153422091e-01,4.777279374353653706e-03,6.117750184925089263e-01,7.128684024140584663e-01,8.388597145154701451e-01
5.922521081697459389e-01,7.416925128010177781e-01,7.873554485332108221e-01,8.050155570608134026e-01,6.026910933520900349e-01,5.271126834589248134e-01,3.897353752899586632e-01,6.821286163296736982e-01,7.185572859933797574e-01,8.337197874666831821e-01
5.974055630028766162e-01,7.579313055461784909e-01,7.802453584941013709e-01,8.072826017347937144e-01,7.283629802052710156e-01,4.874124512824806743e-01,8.552524986996734579e-01,7.386771621333889648e-01,7.146689184972760955e-01,8.266414273994516781e-01
5.904277431865772030e-01,7.607068206933386145e-01,7.659598602064697781e-01,7.995129404627874248e-01,7.232000345342900482e-01,4.463710212678914657e-01,4.683004658426173084e-01,7.747977426809724566e-01,6.986585141845504943e-01,8.161009519771501575e-01
5.855214193573079484e-01,7.495499904338733810e-01,7.551709348732288385e-01,7.916268793997048858e-01,5.558729907812384186e-01,4.047847097909033631e-01,2.837442410007315341e-02,7.907768353082059720e-01,6.873297355398587660e-01,8.048003177069928959e-01
5.703995601272366933e-01,7.230408269122992060e-01,7.333008056080234649e-01,7.756338316764186391e-01,nan,3.658832229995517271e-01,3.775163096472724522e-01,7.919713840977288255e-01,6.598846638152093824e-01,7.935560010300836131e-01
5.604587445647566391e-01,6.843686538055671065e-01,7.274783486707128155e-01,7.631785873747627402e-01,6.078219743179218426e-01,3.320700150973631137e-01,7.706105046034646966e-01,7.802477511144472189e-01,6.485820962584550875e-01,7.814396700312334909e-01
5.704637636934520861e-01,6.398124489186095554e-01,7.129870935574157409e-01,7.615102018705547371e-01,6.939756171320634603e-01,3.018692205666667072e-01,4.567909823428641380e-01,7.494418790303775113e-01,6.400095846994455773e-01,7.721188141970164454e-01
5.775720866258853281e-01,5.888021663913098891e-01,6.999329549230161041e-01,7.567648897975205458e-01,6.956733546559028536e-01,2.744445240648469286e-01,7.439726463848589377e-02,7.047129300499898052e-01,6.313899255585909698e-01,7.617339252182395715e-01
5.604949456354023640e-01,5.332958917059280601e-01,6.826081383927122825e-01,7.359992943386158837e-01,6.313623332597823046e-01,2.499160393753729614e-01,3.802626507056044991e-01,6.466754399956108346e-01,6.063809781011864075e-01,7.498695370628463142e-01
5.491837680371008945e-01,4.833247625107758294e-01,6.656568614950317819e-01,7.157169863608081606e-01,5.526283059730933145e-01,2.283780383911246104e-01,6.982931326018868567e-01,5.845270797709620769e-01,5.843043052299806694e-01,7.394116524656059175e-01
5.635886844680383367e-01,4.478103430980027166e-01,6.521567728107443562e-01,7.137342105892975352e-01,6.612930015748709200e-01,2.100053830674826483e-01,4.344463893457125025e-01,5.211987237024676700e-01,5.757845271563012401e-01,7.280514590129554264e-01
5.810476812877322095e-01,4.277737566545112280e-01,6.397000524735081406e-01,7.138299882340348734e-01,6.023807854574897425e-01,1.950771732071204800e-01,1.296327777110780066e-01,4.606254927464847326e-01,5.688242670645425880e-01,7.188106146497781346e-01
5.889772521256131377e-01,4.229660816409511193e-01,6.308761039271023607e-01,7.058476353225939803e-01,6.284419650272531355e-01,1.838974311290256236e-01,3.958862378613727251e-01,4.070415482979226063e-01,5.578248917795778361e-01,7.092335060595903462e-01
5.938059265494720629e-01,4.337698269146758601e-01,6.195571861520292600e-01,6.961753631826509414e-01,7.189552847978811778e-01,1.759826390729107570e-01,6.901104654814005368e-01,3.596473337092593869e-01,5.429103268019114248e-01,6.970945976845043246e-01
5.854863961154538332e-01,4.586234662072741219e-01,6.092495523844938532e-01,6.792738962877772346e-01,6.688865190825279416e-01,1.705810040053325205e-01,4.387302616023779356e-01,3.212262464994139477e-01,5.229340781593192489e-01,6.841126665783104910e-01
5.619407328312810979e-01,4.936625455087403358e-01,5.922096546984294552e-01,6.555991188279083337e-01,6.188071485687690609e-01,1.671044090391413661e-01,1.754671714008928241e-01,2.941672732867109952e-01,4.904915344095642782e-01,6.693050946183282113e-01
5.609189256824499425e-01,5.360489716933546367e-01,5.913083083070600487e-01,6.437795397690844190e-01,nan,1.651469482157411350e-01,3.668111269448880996e-01,2.829577450406123296e-01,4.784491317848076353e-01,6.562257277247108833e-01
5.934911477737970786e-01,5.821840157921418513e-01,5.817488756327188204e-01,6.547145453735153664e-01,nan,1.644893857529413639e-01,6.113257691338653821e-01,2.858842616141401560e-01,4.732695686749173736e-01,6.454347824449563342e-01
6.237503836562892090e-01,6.229407624046782166e-01,5.790222663244477541e-01,6.656615370734982884e-01,6.987771073120018217e-01,1.641603313900391881e-01,4.550297986058362554e-01,2.994452407154818419e-01,4.712270222205528492e-01,6.333771423260993183e-01
6.309077572626107244e-01,6.479678919622542388e-01,5.718869555799434012e-01,6.624490267855999148e-01,6.716973995580064472e-01,1.638120027824280789e-01,2.532646080912465125e-01,3.208057502625368262e-01,4.570729179812622611e-01,6.215533063204800035e-01
6.363358409598541821e-01,6.539108846908662231e-01,5.652319669313753403e-01,6.584498836292262958e-01,6.123976393740993007e-01,1.635050243193308384e-01,4.132453810902858571e-01,3.472743602624759340e-01,4.438656841727167679e-01,6.087854405700623417e-01
6.399836655236327276e-01,6.429328615357730037e-01,5.541852243025469082e-01,6.546022304176344342e-01,nan,1.630426062752974303e-01,5.949225431302246347e-01,3.763395712661506964e-01,4.277703986595679519e-01,5.960564862706208000e-01
6.367965385228407937e-01,6.173471246802205714e-01,5.502981533832987937e-01,6.479317335442802417e-01,nan,1.629789625834868472e-01,4.569040731389492072e-01,4.094746272740729665e-01,4.140311881188106224e-01,5.835844043819188309e-01
6.407158841228730584e-01,5.754017271624410901e-01,5.448530179742743229e-01,6.461084195530202301e-01,6.361953240074209592e-01,1.630845874761492065e-01,3.114214380346688738e-01,4.411295146860745864e-01,4.025727111628558674e-01,5.724544505075027656e-01
6.543372778753451247e-01,5.184910617310952707e-01,5.380412404257928216e-01,6.489758420950324513e-01,6.351782701138392051e-01,1.625290361229291825e-01,4.433798246975128587e-01,4.687190933043452468e-01,3.950098938510337443e-01,5.605551046339393162e-01
6.447757609809589008e-01,4.538465543396314472e-01,5.282288605298079975e-01,6.372480320838610490e-01,6.297106584148719488e-01,1.609579237082570113e-01,5.679207093498205294e-01,4.885698888244628391e-01,3.804010424351340069e-01,5.472794279196030454e-01
6.180524690308594193e-01,3.894521116386887027e-01,5.137435512293404560e-01,6.124608500796649979e-01,4.822024003411511939e-01,1.585708147921227884e-01,4.556090764030972240e-01,5.035878648248615086e-01,3.592487499382621130e-01,5.324575839203351535e-01
6.146263224410146719e-01,3.329408194743839755e-01,5.041373229963973523e-01,6.010605771805069830e-01,5.091278203388416301e-01,1.561924931499149016e-01,3.590592938053620009e-01,5.098904247033482218e-01,3.505526893026792434e-01,5.191363225282312754e-01
6.355931177231648466e-01,2.930838277121332047e-01,4.869697031539596543e-01,6.029389145518014859e-01,5.851672971083013985e-01,1.539369793173376300e-01,4.552496703658127086e-01,5.102562479623520275e-01,3.439348546799533279e-01,5.056935355595922887e-01
6.459639343575935833e-01,2.750075818048293708e-01,4.779209213414955526e-01,5.967952750581426713e-01,5.385387119279537727e-01,1.512775826569046078e-01,5.628570979037669231e-01,5.113588058950327975e-01,3.400552254314772593e-01,4.944975366283759222e-01
6.411984584927911124e-01,2.788773583155813585e-01,4.626045599765302718e-01,5.846710962779944065e-01,5.755446873949614517e-01,1.479262859167946587e-01,5.029434627836621985e-01,5.069937110445017492e-01,3.300635328242350619e-01,4.831463021127189172e-01
6.289740090879037959e-01,3.022131229619302584e-01,4.465459984096611379e-01,5.681304045803338143e-01,5.151748331123677804e-01,1.436623936207636620e-01,4.344411241121902134e-01,4.974806678820336003e-01,3.195495096057334727e-01,4.705434776220795423e-01
5.978176209991736823e-01,3.432204051701435721e-01,4.264591913731777817e-01,5.422026147769803961e-01,5.199089312311160338e-01,1.382892603575633927e-01,4.718627035397165437e-01,4.865635230181604709e-01,3.018913400640133027e-01,4.587380942003425055e-01
5.650520721247044298e-01,3.979230985634503170e-01,4.139678753970327252e-01,5.171754724345455356e-01,4.700794031001343520e-01,1.320699801223223224e-01,5.002004764439609286e-01,4.767203988105339074e-01,2.890405227221498063e-01,4.491527248916328263e-01
5.628821352029171887e-01,4.557500920573652747e-01,3.965947790153811492e-01,5.109053559350500429e-01,nan,1.258027174438711704e-01,4.779093586597822907e-01,4.677681245834642287e-01,2.816815278277682300e-01,4.371847710296533074e-01
5.785198199083422255e-01,5.067352223814500789e-01,3.850023379555577163e-01,5.142068701273327935e-01,4.706695123209328480e-01,1.195668522437421527e-01,4.682463352135745605e-01,4.612819806352504992e-01,2.813667028931792768e-01,4.275097794936170703e-01
5.700876803405020565e-01,5.437147754129253441e-01,3.717132270027307950e-01,5.070665352526969594e-01,5.034205596485289425e-01,1.130533351263940667e-01,5.035276663013857901e-01,4.548148518507920679e-01,2.744542003533871899e-01,4.147548876919307514e-01
5.475593305860837479e-01,5.585163390099636693e-01,3.577688037303643487e-01,4.952862754804675527e-01,5.006643769543560607e-01,1.064854938771925552e-01,5.220745885849392698e-01,4.475701576415201388e-01,2.641589538115391433e-01,4.013846354257345483e-01
5.305585151726407434e-01,5.472966683359656859e-01,3.459713216053732499e-01,4.890696272802307898e-01,3.928160256946322537e-01,1.000077263454633297e-01,4.981987413979291346e-01,4.411962142476758553e-01,2.563083824689235124e-01,3.880806000559579028e-01
5.135183730651101675e-01,5.151740802040714051e-01,3.346337223259691074e-01,4.836332272031049206e-01,nan,9.378405405412057472e-02,4.832103853094474322e-01,4.412390940482497914e-01,2.463216831254583239e-01,3.768050684994355137e-01
4.900773371203788753e-01,4.677690589013412947e-01,3.288571111598058705e-01,4.813508436822540593e-01,4.315367475285072918e-01,8.802756210793886982e-02,4.908606872184083092e-01,4.394462766841569223e-01,2.391333623373917416e-01,3.666336941292205331e-01
4.745742117118098014e-01,4.049685530464651184e-01,3.215663195308073874e-01,4.840592108809584349e-01,4.717481141128903044e-01,8.274444097274949450e-02,4.963050824714085318e-01,4.369209423291030014e-01,2.319915317326460280e-01,3.574059095417248533e-01
4.547276880481697092e-01,3.310099284106042816e-01,3.154475364020860595e-01,4.824944260656416350e-01,4.373465174596930516e-01,7.812629225091605178e-02,4.841688007149389517e-01,4.337150427871224179e-01,2.242679858269854831e-01,3.481728093899624232e-01
4.166106657013515235e-01,2.569342675500228546e-01,3.069806075787663846e-01,4.687670592096884192e-01,3.606295031277506613e-01,7.427306495706240130e-02,4.544394461741270153e-01,4.265123004046768029e-01,2.108217844477043301e-01,3.395204351640369045e-01
3.842757082438350569e-01,1.917617460679391650e-01,3.022229309606375702e-01,4.584532370566807291e-01,3.365188041852679723e-01,7.121460661726063124e-02,4.340239716525904345e-01,4.162331622009649013e-01,2.012929586178145158e-01,3.293692869189178141e-01
3.772512828365385262e-01,1.409405782431558674e-01,2.941197613685165302e-01,4.624523476030570346e-01,4.332158896999903086e-01,6.900955974227741818e-02,4.417690351292559159e-01,4.064997194459913366e-01,1.946063852934098726e-01,3.213632573646871271e-01
3.760926121220563578e-01,1.081614740870197322e-01,2.916037236512243336e-01,4.659840188199242395e-01,3.770490686880240139e-01,6.747896771543425432e-02,4.500385078982831466e-01,3.970929566436878222e-01,1.929982925401003691e-01,3.107121177825253877e-01
3.630580169819976888e-01,9.418727958029028680e-02,2.852267807711291736e-01,4.626863500153936548e-01,3.286877175888782698e-01,6.628529677441291623e-02,4.441135907544266348e-01,3.833438565453508584e-01,1.865993675498499038e-01,3.000201148180067223e-01
3.470468085855006879e-01,9.772663553891196286e-02,2.779686244788847627e-01,4.529602349601563605e-01,3.531906160652252269e-01,6.532696856796391116e-02,4.318825634500649824e-01,3.665043302735759290e-01,1.794414243203744930e-01,2.896556551599451801e-01
3.276337204448427909e-01,1.150433657395296960e-01,2.691883214793460155e-01,4.362932269105002647e-01,3.747058080876724540e-01,6.479486704518137852e-02,4.143584987919835538e-01,3.477946699474409598e-01,1.705447266116223437e-01,2.796202946548284607e-01
3.015431867959289525e-01,1.415387608492824356e-01,2.596416372854513654e-01,4.156166232554192597e-01,3.703426009405186847e-01,6.459313997366956939e-02,3.861298334617711547e-01,3.276489608258727482e-01,1.601738669381749247e-01,2.704225399331122714e-01
2.839773556723109715e-01,1.730237513349263401e-01,2.506906738499187770e-01,4.000843448341813713e-01,nan,6.459758226655497315e-02,3.621759076716637438e-01,3.098482847765197112e-01,1.530647779701254652e-01,2.635961329286246047e-01
2.829110969996813107e-01,2.041418174768142024e-01,2.414059587639565685e-01,3.945082223667347177e-01,2.550191132945681116e-01,6.468891799347134541e-02,3.664731124269209328e-01,2.951332044210774885e-01,1.496526848683714384e-01,2.568988167499544062e-01
2.784743481202000548e-01,2.288109181329655573e-01,2.312285924275096494e-01,3.859966935107700392e-01,3.338676631092284963e-01,6.438997211334124282e-02,3.730800780344759593e-01,2.799688946729809724e-01,1.458026960942276629e-01,2.509117359710340556e-01
2.625461592598617999e-01,2.427728318675621000e-01,2.186979234447880283e-01,3.690714859696259675e-01,3.270882478636354951e-01,6.344215332176486588e-02,3.447118445983591850e-01,2.648991918516529487e-01,1.387033953155913102e-01,2.434587400950844749e-01
2.482092113370041320e-01,2.454771550765174892e-01,2.071408385784160311e-01,3.524616610376165582e-01,2.870510013869532195e-01,6.192977298554748489e-02,3.130389077662831254e-01,2.505975795915537097e-01,1.327691275156699102e-01,2.355651705947906793e-01
2.399824773199539518e-01,2.374766906018690726e-01,1.927340740333072511e-01,3.382704457713594515e-01,nan,6.019416421251003874e-02,3.112952537100796002e-01,2.391364611004391794e-01,1.262240478426785717e-01,2.273780788130189134e-01
2.282390461164917339e-01,2.186030900448744652e-01,1.829504368550388393e-01,3.262589441740739726e-01,nan,5.847976565039492841e-02,3.129696639537003500e-01,2.283704346490260939e-01,1.223200251605880556e-01,2.191744795771308207e-01
2.158168768453608555e-01,1.908399790858440193e-01,1.710343186466716237e-01,3.130811482638187759e-01,2.845038724097497251e-01,5.651597538171887480e-02,2.836931365468350341e-01,2.198538194090629561e-01,1.164178013886995183e-01,2.115240755670325379e-01
2.052125222714493991e-01,1.580233924232504750e-01,1.605124445948478695e-01,3.010674390811093892e-01,2.542334617879665193e-01,5.422051998189988953e-02,2.436258050934260733e-01,2.112185886221464026e-01,1.117575527950650793e-01,2.046320754930339436e-01
1.879033932212030023e-01,1.222175550101558261e-01,1.494486503141387312e-01,2.854141704148499548e-01,2.490175182743882276e-01,5.170410999732038410e-02,2.402475356354727698e-01,2.019447976953737955e-01,1.051718066023714510e-01,1.971851518156808591e-01
1.665054788089544435e-01,8.737150158338508055e-02,1.399847773532390816e-01,2.677276818841934913e-01,2.118634022657591987e-01,4.907247305160588463e-02,2.443566541368694112e-01,1.926642666403691473e-01,9.799785630906639178e-02,1.914625667542385334e-01
1.545426764163096156e-01,5.792622223451068114e-02,1.311241491420325200e-01,2.570173215416320933e-01,2.207881413282920535e-01,4.658439631571010403e-02,2.082377609560520926e-01,1.827867444113390749e-01,9.282950969321249191e-02,1.856037665056902708e-01
1.500406544131660247e-01,3.607132591613011752e-02,1.244926845517766306e-01,2.524021703236699610e-01,2.081972130995872750e-01,4.448371250956608541e-02,1.702789906060989678e-01,1.724565513896635649e-01,9.107197788187294807e-02,1.805333802411929200e-01
1.424783625791838648e-01,2.336631924495583684e-02,1.188323084952553899e-01,2.469482527561970842e-01,1.808798124995839862e-01,4.290427550460890888e-02,1.909553146855343664e-01,1.617063972508246683e-01,8.833781779050207950e-02,1.757448281741661456e-01
1.310266191208509512e-01,2.105039528084165154e-02,1.137131526406462007e-01,2.371454687119020077e-01,2.172796374598085223e-01,4.184756363756789166e-02,2.240044642052843593e-01,1.498591043515523635e-01,8.445581791598259780e-02,1.702657454032600881e-01
1.193111745401878587e-01,2.920190222799102370e-02,1.094296268491304625e-01,2.256724986059649996e-01,2.121741041079745760e-01,4.132623786247455189e-02,1.839801524467281901e-01,1.370043218635463578e-01,8.056384562647188330e-02,1.649356355642147554e-01
1.055347123129444092e-01,4.678978661122978888e-02,1.047726797503673313e-01,2.137891351608474377e-01,1.936203449649061825e-01,4.137446594553123580e-02,1.231344283137219137e-01,1.233631491340310138e-01,7.537728989018019354e-02,1.590954004113326048e-01
9.214803097869861404e-02,7.115943670335435345e-02,1.028188296186498679e-01,1.998589935686521379e-01,1.564488494697525711e-01,4.194840453692230686e-02,1.425535779925527213e-01,1.100817290591244585e-01,7.162075159088661380e-02,1.535636122045058449e-01
8.391349421793065089e-02,9.986812485209915768e-02,9.996958357675837792e-02,1.906761898313624193e-01,nan,4.305216022946515425e-02,1.901151946454632813e-01,9.815935915884488328e-02,6.841700558896937623e-02,1.488655021878004525e-01
7.744872456102881719e-02,1.296187536147173358e-01,9.849940419856331730e-02,1.847935897353820411e-01,1.620249701037991819e-01,4.453922247356827124e-02,1.568588984393088359e-01,8.644088500002615472e-02,6.693580575072266559e-02,1.431441020671947173e-01
6.847281004019499517e-02,1.552267708978703198e-01,9.612130066770090131e-02,1.756147484632905598e-01,1.630807387687157883e-01,4.625145943025966294e-02,9.353587178856538620e-02,7.589478909240607307e-02,6.406408029386317926e-02,1.386730730515539634e-01
5.867513035811302430e-02,1.730955327559618451e-01,9.384120319396055399e-02,1.644898882198330414e-01,1.559659737379577027e-01,4.814482472386891893e-02,1.228291308298675583e-01,6.665906779291157214e-02,6.081329650796737235e-02,1.343590165740377318e-01
5.189031066512017620e-02,1.817606120305277073e-01,9.053190626272605845e-02,1.563129355769074802e-01,nan,5.006928545725099905e-02,1.820720253303032277e-01,5.994508328896222538e-02,5.792644193539168984e-02,1.297261036905650589e-01
4.604375574456676806e-02,1.814330316618478489e-01,8.884926709193158301e-02,1.505829482276843934e-01,nan,5.212734096639629056e-02,1.432094146994795092e-01,5.555576752394449092e-02,5.667639463525145360e-02,1.263178629552710597e-01
4.033130278814098940e-02,1.714011029543753284e-01,8.596733457796640332e-02,1.425965904784466942e-01,1.221809434685373758e-01,5.419363184429831087e-02,6.898245580662690224e-02,5.324385072634416072e-02,5.434087576217339760e-02,1.227268279232452963e-01
3.557697855161119638e-02,1.508900769403776765e-01,8.321845883215622797e-02,1.348768393137803334e-01,1.294188898954768963e-01,5.572116663894706445e-02,1.129328142305555532e-01,5.307494899460800386e-02,5.239499775221927169e-02,1.191068674901453878e-01
3.115722158226066560e-02,1.224689007673690766e-01,7.977431349425535834e-02,1.268981243167638107e-01,1.331179813546879698e-01,5.648023621105261599e-02,1.882538913549019477e-01,5.463798166593392125e-02,5.027415077655743997e-02,1.155079574423256289e-01
2.647824861296295754e-02,9.067211924562182390e-02,7.570520032982674952e-02,1.163520441721059145e-01,1.074915922512544725e-01,5.650329951925357058e-02,1.286169029257893115e-01,5.751300612454919581e-02,4.709839419312870229e-02,1.109945116250535824e-01
2.305457909226894808e-02,5.948885969150701641e-02,7.191792151260709143e-02,1.069070081678522716e-01,8.521879294031009522e-02,5.594768075855233169e-02,4.314793910811273031e-02,6.171354168695963871e-02,4.463449295423328050e-02,1.064290100510154186e-01
2.184943779086679153e-02,3.303737298008026929e-02,6.775282750832430090e-02,1.016863037644029077e-01,9.737614734899245617e-02,5.491333320642102778e-02,9.337333471900818860e-02,6.691891333593984192e-02,4.342479730109297109e-02,1.018957582248804089e-01
2.147668936918372545e-02,1.425461107137482135e-02,6.437675604229989301e-02,9.762331278164458614e-02,9.877849528602335172e-02,5.343570546473382782e-02,1.866126861090365019e-01,7.241148215693135604e-02,4.305814896585485191e-02,9.806701395481837169e-02
2.086464761175729418e-02,4.862459584398457976e-03,6.021269170032192419e-02,9.134768549061311749e-02,9.945532072816599956e-02,5.159799058582031916e-02,1.277433252243347639e-01,7.740900701839649456e-02,4.167451136668529066e-02,9.476336603482601872e-02
2.033357841380149106e-02,5.564249095753019507e-03,5.623979228900754385e-02,8.443701743033217577e-02,9.008798980926062405e-02,4.942647636678459966e-02,2.784098044108045122e-02,8.110718695592432359e-02,4.008295701401119043e-02,9.154729226093359651e-02
2.010673966998305709e-02,1.516334703343905597e-02,5.196456002053588541e-02,7.820687024380043595e-02,8.256781104777144442e-02,4.709568352481070114e-02,8.373873672201433138e-02,8.259542089801993892e-02,3.806166762444537083e-02,8.888543758627075186e-02
1.989405538151482397e-02,3.166305057867858236e-02,4.894028291579471945e-02,7.092951041735992557e-02,8.586031010651121176e-02,4.482933639385797836e-02,1.698474212342820644e-01,8.235321490630798102e-02,3.647818303222216674e-02,8.655230986700437890e-02
2.020351447291961894e-02,5.220212408243155022e-02,4.561682078047216843e-02,6.532653822704947988e-02,nan,4.282104807673139946e-02,1.056727041055275790e-01,8.088940912030607999e-02,3.451116937057584211e-02,8.401925742916638296e-02
2.144456956680413501e-02,7.305695274865589561e-02,4.354174561793512643e-02,6.186013187712205430e-02,6.741107388389319666e-02,4.112807365269769561e-02,1.250464324652253087e-02,7.694948179971002056e-02,3.368733337728448129e-02,8.192353476334345019e-02
2.266982773977905749e-02,9.115637418985907126e-02,4.149047281589435948e-02,5.798703360905448773e-02,7.864803618773237581e-02,3.965799975482880990e-02,6.635536918801819561e-02,7.056305902254292328e-02,3.253756936173039099e-02,7.890824660608806995e-02
2.307707361920572839e-02,1.040987648838308105e-01,3.982680534261587302e-02,5.319951653448463241e-02,7.957836199898341012e-02,3.839989871488342504e-02,1.464258079458850836e-01,6.236607303487994719e-02,3.069822690877636179e-02,7.527420663985887050e-02
2.389860143265923678e-02,1.101065757784301796e-01,3.869799081543794095e-02,4.978561160618217435e-02,6.930924789135482766e-02,3.727737667081052614e-02,8.689950219729536407e-02,5.353978844479611449e-02,2.903451140739336106e-02,7.188687708075854055e-02
2.570047078572969268e-02,1.090632705870671626e-01,3.812920024753949783e-02,4.809427833611052555e-02,nan,3.619743993724190700e-02,4.122543483835229908e-03,4.415599574640167307e-02,2.809824936009596222e-02,6.850255011201561439e-02
2.757842211551295858e-02,1.017740793710096431e-01,3.804833935062865852e-02,4.686634301750528669e-02,5.444521496018280698e-02,3.510556341145487647e-02,4.943103317053996332e-02,3.518742348354786387e-02,2.715621008046523871e-02,6.599996878783215282e-02
2.919990141314336360e-02,8.956752727324791830e-02,3.829187496365714372e-02,4.604387809898054240e-02,6.853114996467804532e-02,3.383912695684643257e-02,1.193601559589286404e-01,2.712502778556623653e-02,2.589668700119963571e-02,6.405062145669540574e-02
3.073087907122660709e-02,7.338889767045388146e-02,3.875761599172853483e-02,4.561342059938382210e-02,6.492547896797290496e-02,3.228652984474453258e-02,7.036991723712762714e-02,2.004431008028468783e-02,2.473934967258850995e-02,6.197774176957801529e-02
3.144428687817744233e-02,5.525126783530980024e-02,3.896652959959708007e-02,4.434387145985290574e-02,5.356349637894778498e-02,3.044053449061726729e-02,1.912966001515558180e-03,1.419751391051980900e-02,2.310293365515130037e-02,6.045017010819501990e-02
3.155586771690867959e-02,3.789203471021390657e-02,3.959111857684139563e-02,4.295016708478996414e-02,4.309978187618524609e-02,2.840981752171381838e-02,3.392715982998995017e-02,9.718517794747128652e-03,2.155484938205373333e-02,5.848045375479567209e-02
3.301037177172003872e-02,2.286146096693792915e-02,3.979391605621604433e-02,4.289519195603680446e-02,4.991731196838120055e-02,2.635362218862205216e-02,8.114424788100620123e-02,6.421800220643356961e-03,2.026041618896298746e-02,5.660796400658223149e-02
3.647155614748268798e-02,1.115667446313052709e-02,4.065597133458356827e-02,4.388005722512415552e-02,5.335281857718614240e-02,2.428156988667552058e-02,5.106354729914745760e-02,4.268253363775691492e-03,1.987914811151144170e-02,5.450475796912777199e-02
3.953031776639746864e-02,3.691894070648777445e-03,4.075852163021026486e-02,4.434540893480795609e-02,4.406315612849417279e-02,2.220660091359168142e-02,2.974599970336150052e-03,3.045838159959928047e-03,1.910394494872703561e-02,5.186900137601117844e-02
4.126516033014258206e-02,8.337428998916918176e-04,4.067761056271518988e-02,4.392372986816329983e-02,4.218781415029142917e-02,2.023945357039303589e-02,2.837196660605206464e-02,2.572640338400057278e-03,1.807957560098766639e-02,4.947823360206723975e-02
4.265787241453840306e-02,2.374160242835755136e-03,4.007893371308664937e-02,4.306065794699405480e-02,4.384442824326695992e-02,1.850670493108675513e-02,6.481404483865149668e-02,2.731130234549704328e-03,1.695083308231443153e-02,4.695498666326233111e-02
4.382798969781011994e-02,7.784712687107288656e-03,3.935178375833545822e-02,4.148314194315271680e-02,4.573457931999501402e-02,1.707801334847574432e-02,3.925927000428932473e-02,3.421574607344021572e-03,1.595484605682000873e-02,4.481550071486947034e-02
4.429752782949601675e-02,1.621554302579427884e-02,3.828246611877728772e-02,3.981557163577592595e-02,3.909541395070576658e-02,1.601821562249784725e-02,4.987989850525283847e-03,4.610415573345597214e-03,1.483021998066756490e-02,4.326458741364219707e-02
4.535211966755101076e-02,2.684083915990815444e-02,3.722606153967832066e-02,3.850494585794742713e-02,nan,1.536937320572317328e-02,2.193185565841638401e-02,6.165591278706233219e-03,1.394209311955763898e-02,4.178161203529284079e-02
4.720311167545691161e-02,3.827301693772054009e-02,3.574894315710804710e-02,3.687668908575063992e-02,4.307841411519367641e-02,1.507772304147414477e-02,4.773295717708423563e-02,8.056929682912123553e-03,1.319566189114804861e-02,4.066072548369573103e-02
4.666803509530500355e-02,4.897331398051212037e-02,3.376310728856910665e-02,3.442028736519329307e-02,4.115366691762947782e-02,1.515268618661524958e-02,2.994095798064843814e-02,1.019275307018710497e-02,1.219443420473835700e-02,3.927231160657209535e-02
4.497969714891087573e-02,5.783984089671065365e-02,3.185680863278195218e-02,3.179083971502963402e-02,3.474483140871845177e-02,1.568388117820576633e-02,6.574143825698500199e-03,1.239504014326855107e-02,1.117987126315306799e-02,3.769623762512964299e-02
4.451374450212381567e-02,6.414428455681549235e-02,2.952879993475213821e-02,2.960202697707069869e-02,nan,1.674869820506592888e-02,1.758205191432068992e-02,1.461727597882495240e-02,1.036949690279697321e-02,3.619710117389048770e-02
4.514643231744658314e-02,6.724899485459286119e-02,2.783016529724457663e-02,2.814013713968600491e-02,nan,1.843704069642622054e-02,3.452581630310477129e-02,1.683084714773404322e-02,9.902751975504792831e-03,3.442369752906009744e-02
4.460878621512516518e-02,6.634103687347490952e-02,2.590674364390367634e-02,2.668983574296555916e-02,3.847239622253531555e-02,2.075041153409819608e-02,2.349141785168960828e-02,1.870036095333010503e-02,9.205703208632438558e-03,3.282330049449213444e-02
4.316695809617213109e-02,6.119306212464755562e-02,2.429114647332189514e-02,2.530083055658017763e-02,3.399801481199146713e-02,2.363171224066212828e-02,8.242807275694034874e-03,2.000088446405056189e-02,8.574758340817592930e-03,3.117964185105552913e-02
4.114825599511907905e-02,5.261408084510499350e-02,2.264232918783044141e-02,2.399032809277725983e-02,2.961498391354790496e-02,2.700520881657058822e-02,1.538436763975726748e-02,2.063961284027067411e-02,7.880524429978455481e-03,2.941652753927550407e-02
3.784423270498492309e-02,4.176521812196855310e-02,2.139530862658940019e-02,2.299786385808433656e-02,2.569041298493302330e-02,3.074019543156946560e-02,2.507323152064505969e-02,2.061849791065283391e-02,7.185103072036054181e-03,2.797734278225572427e-02
3.487422976708504097e-02,3.021690020214842440e-02,2.028946815692365263e-02,2.242080516069032761e-02,2.340646039701429690e-02,3.471804527665649925e-02,1.740128649885408149e-02,2.001067194418059900e-02,6.523815520815151071e-03,2.668503009371228293e-02
3.401807950342795178e-02,1.966874893459450921e-02,1.982513962388485207e-02,2.268216535192639494e-02,2.646031252716692095e-02,3.878615572018799529e-02,8.559131049764443638e-03,1.896037382352855349e-02,6.181883626487874595e-03,2.548212600801853453e-02
3.398297491277126742e-02,1.123147430673468623e-02,1.949950245363160639e-02,2.357945097505878204e-02,2.211571143847898893e-02,4.266514136627220372e-02,1.364732244667883100e-02,1.748570408643390639e-02,5.884060754687447069e-03,2.457238528458935076e-02
3.240366469135202987e-02,5.948497628384555834e-03,1.944439040121572621e-02,2.420053044417266874e-02,2.225064342703677103e-02,4.592061648637419530e-02,2.079424180753819754e-02,1.567821301439010703e-02,5.516752816961486942e-03,2.341450446953864672e-02
3.025447178047035654e-02,4.487157602509691742e-03,1.960708839840267018e-02,2.438002852410274535e-02,2.158366183151660261e-02,4.832012364962331996e-02,1.628661201489996213e-02,1.370649158988913006e-02,5.110719872634336865e-03,2.233116574581036490e-02
2.854797297348337856e-02,6.727512189352069343e-03,1.981037855544622375e-02,2.469559306675987373e-02,2.014437614120764483e-02,4.977508196759787562e-02,9.896494076188097969e-03,1.178025727736174352e-02,4.758964383015707768e-03,2.127181376040892039e-02
2.662499545762150865e-02,1.194198602472441861e-02,2.030807875268186499e-02,2.484341553352385421e-02,2.155948667056093587e-02,5.004793751794091305e-02,1.287192974880096465e-02,1.006154838507852811e-02,4.483634921930492248e-03,2.015218799280259210e-02
2.469676262081874074e-02,1.892253294381833137e-02,2.069941949013110599e-02,2.471651719778772405e-02,nan,4.919552100656718330e-02,1.775847668246602340e-02,8.590992773696836185e-03,4.158985481480667427e-03,1.904105657900080975e-02
2.350567373171993241e-02,2.636331198910943710e-02,2.124506325745189120e-02,2.440568823701292842e-02,1.708676018977102473e-02,4.743313804309520765e-02,1.538232330934492104e-02,7.396856632928791239e-03,3.946931454504874585e-03,1.782723786627906856e-02
2.197097468438809556e-02,3.291354580479873004e-02,2.139712729895729137e-02,2.391145199014900122e-02,1.541909166270279304e-02,4.487479642811804253e-02,1.125976939006636222e-02,6.400258689307531876e-03,3.706173635285747291e-03,1.663620714762648403e-02
1.963644231121777078e-02,3.730775680013208306e-02,2.144032332337175370e-02,2.251850063929715373e-02,1.514091452137676479e-02,4.178873150282522153e-02,1.309542395155255910e-02,5.618467160192228659e-03,3.419499463984719892e-03,1.570909455272405733e-02
1.787493421028868087e-02,3.909851219423655933e-02,2.103109544021140170e-02,2.084852366619896480e-02,1.558066726792979931e-02,3.850505806272247478e-02,1.603121490858011242e-02,5.061984297620795471e-03,3.161850586375537439e-03,1.476308931681546109e-02
1.720710404869554497e-02,3.853614369735276768e-02,2.088721274749158474e-02,1.988163816203477111e-02,nan,3.545352224318101125e-02,1.497793356024562823e-02,4.681236440726821435e-03,3.073772831286496025e-03,1.417602235717917505e-02
1.670265804761946610e-02,3.584848846011595008e-02,2.019640341305163275e-02,1.868340583207295930e-02,1.538885492114688315e-02,3.281435095122074708e-02,1.310615621276903058e-02,4.413473782843561032e-03,2.941559282883472130e-03,1.347684048216222022e-02
1.580612356287619188e-02,3.138551377287709943e-02,1.951930191908019668e-02,1.700282358658833023e-02,1.349326807438448045e-02,3.056781713415454571e-02,1.499222387777930134e-02,4.252430142692390641e-03,2.811745170913882482e-03,1.282058268212350229e-02
1.492377178061657546e-02,2.568933501851468001e-02,1.850318757752555943e-02,1.532256925157118171e-02,1.278537772251113133e-02,2.884821166498759484e-02,1.726021208289349809e-02,4.131468472887630215e-03,2.662054239857073942e-03,1.224585805198746304e-02
1.397482777105176800e-02,1.963984995542505940e-02,1.723700358114356457e-02,1.368042716737679493e-02,1.192694813716824870e-02,2.766706636409918540e-02,1.574513313805830927e-02,4.088629036274255175e-03,2.503067883091540310e-03,1.149373283750892982e-02
1.280899021876152725e-02,1.407645733892794009e-02,1.588315854193157392e-02,1.193958863752753521e-02,1.054097586111786902e-02,2.697852291299102090e-02,1.358662821249371523e-02,4.043688757568508936e-03,2.345482091145269146e-03,1.073697118746794535e-02
1.228502646902168358e-02,9.496658833547104439e-03,1.457975454448310650e-02,1.061061346815487909e-02,1.136684789229491788e-02,2.673579417315001885e-02,1.429486001511250451e-02,4.008917880159322891e-03,2.230641281438234050e-03,9.982137262709507228e-03
1.239207929908008564e-02,6.096710456617475578e-03,1.328874232339668886e-02,9.853389154638514391e-03,1.098205707614470679e-02,2.674791631456172394e-02,1.591775309445173439e-02,4.012502003279385700e-03,2.193788485467824262e-03,9.147744738583695259e-03
1.230427488655944611e-02,3.873791405084146475e-03,1.192116228002422333e-02,9.083441769844796676e-03,9.071019524338631151e-03,2.679826320518507998e-02,1.553823148230149172e-02,3.982168758600889910e-03,2.137789235306615954e-03,8.535250691129659881e-03
1.173550505390758697e-02,2.672705441799966015e-03,1.064230046505379793e-02,8.203280350876872989e-03,8.712301740224056082e-03,2.667180982687193669e-02,1.403528444161297219e-02,3.920652303066565064e-03,2.033409527471778840e-03,7.928195588536428653e-03
1.134737681365870568e-02,2.293887740558488760e-03,9.368225722962864044e-03,7.572324306719319283e-03,8.742402879796200982e-03,2.626516091094557859e-02,1.361024112702177540e-02,3.804062623092644303e-03,1.933418811121054987e-03,7.487582303608151212e-03
1.104583373085341567e-02,2.502487612025852595e-03,8.363149200897590507e-03,7.012502744965266877e-03,1.043956614811173203e-02,2.555322675860414658e-02,1.345575740707720229e-02,3.677815031431315527e-03,1.891286922661668040e-03,7.109294581759448284e-03
1.052590546486491252e-02,3.069497813189127171e-03,7.447090344496295165e-03,6.481050291212003649e-03,8.955881068835446629e-03,2.447473510717996029e-02,1.231732635674356695e-02,3.536505030506253023e-03,1.789976557318386516e-03,6.740708309118769413e-03
1.016297326620875172e-02,3.780063738650024131e-03,6.842776840419578614e-03,6.038811282016050969e-03,nan,2.301155569335437343e-02,1.121365022612246139e-02,3.358283711932779757e-03,1.727960085497828825e-03,6.415079538596179555e-03
9.745833370672226173e-03,4.451979887018824716e-03,6.313185991422967831e-03,5.706183690707055875e-03,6.866298432877270333e-03,2.116916067157315062e-02,1.045982892651640614e-02,3.130607742160300758e-03,1.660515040960437510e-03,6.029183849051072096e-03
8.978888932624648489e-03,4.996990083026191590e-03,5.929289615951243916e-03,5.205197685723811883e-03,7.579021685754925089e-03,1.906239869878084345e-02,9.139793908342536827e-03,2.873102324599870194e-03,1.556395088747930143e-03,5.559475809267242115e-03
8.028589276656233550e-03,5.387930022171623888e-03,5.682274751582160402e-03,4.713508079794855553e-03,7.862458860635201247e-03,1.678089871132349559e-02,7.755296745955554336e-03,2.616703253973654778e-03,1.442101880830569394e-03,5.116212370808067601e-03
7.519571457322395298e-03,5.605777343566114082e-03,5.581694047081359536e-03,4.441602883601012026e-03,nan,1.443170086490513752e-02,6.931441391085911910e-03,2.403684173801916551e-03,1.384956292344469934e-03,4.642116607758517075e-03
7.219109055586057921e-03,5.644141785684380491e-03,5.521656593451403257e-03,4.218399785799994799e-03,nan,1.218793545387390591e-02,6.349063665422025049e-03,2.197359829128314908e-03,1.341465705067010003e-03,4.267033962888562224e-03
6.699466729811943792e-03,5.495403596650481892e-03,5.533118604692812380e-03,3.927176761660661729e-03,5.083266326750112557e-03,1.012519931858058345e-02,5.729372181093008581e-03,1.996728601546187559e-03,1.284369885482766803e-03,3.959392987925754170e-03
6.029906733672814149e-03,5.155711849537608117e-03,5.547371207147803844e-03,3.650842000090338824e-03,5.364473760738040081e-03,8.287127215875303779e-03,5.038356017981158140e-03,1.833839555826421433e-03,1.205004916491810582e-03,3.694792681013812745e-03
5.359317923110690045e-03,4.675702825506176767e-03,5.466768409084212139e-03,3.342801288848055129e-03,5.308359790570499163e-03,6.742162730641427029e-03,4.330745588148107901e-03,1.693783447388585951e-03,1.115760560100313064e-03,3.488330026536068905e-03
4.611726561628948229e-03,4.136512930379956411e-03,5.403202131583254887e-03,2.993342212990583034e-03,5.230587313325808091e-03,5.521283429248762496e-03,3.622427865242640668e-03,1.564725780542460627e-03,1.032233498741567381e-03,3.296063323079329466e-03
3.953428747850960129e-03,3.595192012673237118e-03,5.241487180096129385e-03,2.698110813643043657e-03,4.005490170925377590e-03,4.612371240480129392e-03,3.118877162022552427e-03,1.470038959515725671e-03,9.366859674971497046e-04,3.092182205906440946e-03
3.580562101229400971e-03,3.082844543419665552e-03,5.099957962117630805e-03,2.519650890956839570e-03,3.760606789334704908e-03,3.972236754539298746e-03,2.822631564361905657e-03,1.403572108298473771e-03,8.857574432534281398e-04,2.903688713770473471e-03
3.273641796881917101e-03,2.640075426492026131e-03,4.819067047767779111e-03,2.337525621930426015e-03,3.376496465846094870e-03,3.546828954164902171e-03,2.513082670889491780e-03,1.339991221878464832e-03,8.350759184948559205e-04,2.652684187259103394e-03
2.865659761819089150e-03,2.344393922064119239e-03,4.507973904047967752e-03,2.127160504360003316e-03,3.517315200228201665e-03,3.280673359075616038e-03,2.284320895767948372e-03,1.264246929812983455e-03,7.635772917704203083e-04,2.431064709616835486e-03
2.457321372525468096e-03,2.260903758518780643e-03,4.106948776945718721e-03,1.936828929867628890e-03,4.012958859020537492e-03,3.121062476014901943e-03,2.135960241787092199e-03,1.179817797296068031e-03,6.885497903853027768e-04,2.210037770697314760e-03
2.147393949885314547e-03,2.429259582115659514e-03,3.708932686500240189e-03,1.762488287763546704e-03,3.997853427435797691e-03,3.027786084599222351e-03,1.861381070506173008e-03,1.094193993851782587e-03,6.377563199009002141e-04,1.993623289794110940e-03
1.859121711717822084e-03,2.876811096507791727e-03,3.275523025153194434e-03,1.614070664569860298e-03,3.025737904317968730e-03,2.966124376043445185e-03,1.583006117555679033e-03,1.008457788542682252e-03,5.783478399890819776e-04,1.839770408487102771e-03
1.593885823653807881e-03,3.606908395334088632e-03,2.896964632351116484e-03,1.478755549403395608e-03,nan,2.909144240107193035e-03,1.543676269642281929e-03,9.185783491062957107e-04,5.275341416588331771e-04,1.693166106673125483e-03
1.368297396954639821e-03,4.571831975914351226e-03,2.502849257894226506e-03,1.342328121273075837e-03,3.154924639908466416e-03,2.832753210146346859e-03,1.609947544314978317e-03,8.255717377336169128e-04,4.802668814421011379e-04,1.579495494697217423e-03
1.149121349536500348e-03,5.648066504873268390e-03,2.121443289875769855e-03,1.179527356590214914e-03,3.696035723830394353e-03,2.724634272322755141e-03,1.395187755996902656e-03,7.339135467001390353e-04,4.278324702280314864e-04,1.489698693560435883e-03
9.320971666248652763e-04,6.696395718049602368e-03,1.782505390598761001e-03,1.017933033665760880e-03,3.347279105853939642e-03,2.591177902535480877e-03,1.037715046051496852e-03,6.523314409219277930e-04,3.758064640492113969e-04,1.379463842301257431e-03
7.650844120841140874e-04,7.620586909797026284e-03,1.476078386430754175e-03,8.818655791140975111e-04,2.502149928226503426e-03,2.434310126583474898e-03,1.020202073076886991e-03,5.808732922987767423e-04,3.321684352325255654e-04,1.288029189779741398e-03
6.724181786121238283e-04,8.328164230773038579e-03,1.228776000915076175e-03,7.768803283847244444e-04,nan,2.260108280195331602e-03,1.223560724563427758e-03,5.104429827296893488e-04,3.052667898312233746e-04,1.183641932503656574e-03
5.953807750946704756e-04,8.721020636448421209e-03,1.017379559901360631e-03,6.902661488007630873e-04,2.054813618823691460e-03,2.073730680716531945e-03,1.109930481069944805e-03,4.587891472925351849e-04,2.799980634240825531e-04,1.089921672299788312e-03
5.114007693257420712e-04,8.722053684174087620e-03,8.546207204421309199e-04,6.131529361501051895e-04,2.731151348631751744e-03,1.875188360344446411e-03,7.844031566842371225e-04,4.157554640684609252e-04,2.528746887851468571e-04,1.005072133353836954e-03
4.387095251550998708e-04,8.322437264129947318e-03,7.206007178876427293e-04,5.340320855114524508e-04,2.615673170342568393e-03,1.671975320590426625e-03,8.328649996506211784e-04,3.778632265495894559e-04,2.245665457202536180e-04,9.093788178994625330e-04
3.749101882845068011e-04,7.600276569926407710e-03,6.261387215245097773e-04,4.713124686766641453e-04,1.999758885351845140e-03,1.474177728056019245e-03,1.062909587488486797e-03,3.473781833633384224e-04,2.014886650920347157e-04,8.300995459429332717e-04
3.225281707217818577e-04,6.695559701989731334e-03,5.570938692704351883e-04,4.225761755926964441e-04,nan,1.293149524883137553e-03,8.648545636951459779e-04,3.243396551737834301e-04,1.767115296813596959e-04,7.553672735349558146e-04
2.881091291942641623e-04,5.760275685923453050e-03,5.224935485314504725e-04,3.871631134589936037e-04,1.337530798148228468e-03,1.133920890910781196e-03,5.127710316658533980e-04,3.089678109313664890e-04,1.598946457455128860e-04,6.937315362714436499e-04
2.747660456976711973e-04,4.885798249517363592e-03,4.981695987931036634e-04,3.646994819800579283e-04,1.689591402149763413e-03,9.957977657858588585e-04,6.260281651561762145e-04,2.967069935204225497e-04,1.468011380379833123e-04,6.534504214131173737e-04
2.616586928156669316e-04,4.108746409877973502e-03,4.866984787999994663e-04,3.504349805437028190e-04,1.780171963795927062e-03,8.811662599920976882e-04,9.260147597115350694e-04,2.863371480668976707e-04,1.330789920882848032e-04,6.064280727623614590e-04
2.457114790235431822e-04,3.487187993591321731e-03,4.823305441250624968e-04,3.304931391220307445e-04,1.529239284748573407e-03,7.956674468316010272e-04,7.223810186419286255e-04,2.775925074370565746e-04,1.184124570168616417e-04,5.658799046436720735e-04
2.367915389223972447e-04,3.071985802587461501e-03,4.792725366526489564e-04,3.128025543176884754e-04,9.454226518106050720e-04,7.426513839878818440e-04,3.559557595239459370e-04,2.701556321190934557e-04,1.072468758741535968e-04,5.261472179125823226e-04
2.358870681519378691e-04,2.846760097561627876e-03,4.779815992813992343e-04,3.042448769880402490e-04,1.040613685721770943e-03,7.205384313504159489e-04,4.832648777677419683e-04,2.641084591284382165e-04,9.886284986490806535e-05,4.855914544412878839e-04
2.365095557709259526e-04,2.734475070671836972e-03,4.763344087210895491e-04,2.955231406343457583e-04,1.206607290376524640e-03,7.263983241137079386e-04,8.132046144625791140e-04,2.586893799202815846e-04,9.105615219800332241e-05,4.498667879111945054e-04
2.331791910107696992e-04,2.651511792516064552e-03,4.734386195143684781e-04,2.777118542840815562e-04,nan,7.538859036425115496e-04,6.393017258054916599e-04,2.474116442875777771e-04,8.420910575744162887e-05,4.112364421419144886e-04
2.320249284276036227e-04,2.546817432974190620e-03,4.584297335888510671e-04,2.606615762109819540e-04,1.318208284621500597e-03,7.927060321269102997e-04,2.404891514600231064e-04,2.310940101508519135e-04,7.679767399125000786e-05,3.688221945501008966e-04
2.251682012339891175e-04,2.398649850194890711e-03,4.411044422664935527e-04,2.396514114375514952e-04,8.415094977922788020e-04,8.347261235106984579e-04,3.643565768742787394e-04,2.082333235684230013e-04,6.973782234387989470e-05,3.344434109578776145e-04
2.167016883359442305e-04,2.209393931279301539e-03,4.146588431244507757e-04,2.118393370150010188e-04,7.598088275748756532e-04,8.722753535933217700e-04,6.840032462824416825e-04,1.802477004459266806e-04,6.236745753704273879e-05,3.024603615465409163e-04
2.198872000705167848e-04,1.994935070674735793e-03,3.918721038970570596e-04,1.873561261162867253e-04,nan,8.986828447559338639e-04,5.173523065999468228e-04,1.504305171483583787e-04,5.837688134928771175e-05,2.810384046721240998e-04
2.336524155675504422e-04,1.764458798290318613e-03,3.587884782676178052e-04,1.680685021903917061e-04,nan,9.102134383439491319e-04,1.401246469607864186e-04,1.197892226459244304e-04,5.567692304422909767e-05,2.639229672707321911e-04
2.401065186944193331e-04,1.521302660694764074e-03,3.302289286079767650e-04,1.447065399454090014e-04,1.390965989258104336e-03,9.010781671538951442e-04,2.889017064061480313e-04,9.095067921235321887e-05,5.300279974956413831e-05,2.466932891139589877e-04
2.386533860960278637e-04,1.280803569721002859e-03,2.966329075235311116e-04,1.173368099518098479e-04,8.924759475467995912e-04,8.665441969749197899e-04,6.647918340883077247e-04,6.660662502728613161e-05,4.890208668136119267e-05,2.328402655375317416e-04
2.350892260828905663e-04,1.061631220380116229e-03,2.621667194980995918e-04,9.466172214685124949e-05,6.593198892127603980e-04,8.072786877620490584e-04,4.753096831075854026e-04,4.845191945586976580e-05,4.556837081808916084e-05,2.168799280643590407e-04
2.277353407702005918e-04,8.740755036676090125e-04,2.280648478264660868e-04,7.470971415418115079e-05,5.551262491285646446e-04,7.306626100512007230e-04,7.336263379321745928e-05,3.728433186052175339e-05,4.199436313577790871e-05,1.999423306781833128e-04
2.193283473503447470e-04,7.169576607124111605e-04,1.992648521260275037e-04,5.710886479828380865e-05,9.232552633141563906e-04,6.456583343738938252e-04,2.041757322609868888e-04,3.207101630851183103e-05,3.870372009604532490e-05,1.849149781243356213e-04
2.176910369903589638e-04,5.898363495479840317e-04,1.708343604353147304e-04,4.472341900563348542e-05,1.035763202693743825e-03,5.571293822035359219e-04,5.255431542695907605e-04,3.099657380570805982e-05,3.650331943602554287e-05,1.651659302951200676e-04
2.203290794160357160e-04,4.929802591111369110e-04,1.452743341109751657e-04,3.602189104188168996e-05,8.653003430143682648e-04,4.668617526527789698e-04,3.621806654338596853e-04,3.217549489893835454e-05,3.434837749524185656e-05,1.500393946509938554e-04
2.128565982911995245e-04,4.229587485979699338e-04,1.235558033757084521e-04,2.850398290067788595e-05,4.827650162892692127e-04,3.789164877792893741e-04,3.094627450483625224e-05,3.382104820409527701e-05,3.142293863217733211e-05,1.355567925318815399e-04
2.021221328578087664e-04,3.733986235993026130e-04,1.042160356266280376e-04,2.315083912527879058e-05,4.099362466136711753e-04,3.004718859970332439e-04,1.281931071432229478e-04,3.444137607434278036e-05,2.842690577675344881e-05,1.241509100153497869e-04
1.975019450063251916e-04,3.410031255719323971e-04,8.982057621346489936e-05,2.013468464223503268e-05,5.747710096190045571e-04,2.355285361208964417e-04,3.433605013947505532e-04,3.400493781055942888e-05,2.650288572981573273e-05,1.173599942835759359e-04
1.961853675265411623e-04,3.238943466179431416e-04,7.926189281097217865e-05,1.826922713274259049e-05,8.218790191447183317e-04,1.848530986721414620e-04,2.283469102865249894e-04,3.230615267631179095e-05,2.451674588448069569e-05,1.104487769556872028e-04
1.880781214549317212e-04,3.192339713456730419e-04,7.375873212689541185e-05,1.666086959029576699e-05,nan,1.486664884383334694e-04,1.319741284101044767e-05,2.974330117704777841e-05,2.279585364629785948e-05,1.057330525737658556e-04
1.769850610861653691e-04,3.208788394549904103e-04,7.058265609040544324e-05,1.593473721713814249e-05,5.186604119216401331e-04,1.253580959942004645e-04,7.350327688426698330e-05,2.676356807541481426e-05,2.065298387732612901e-05,1.006207524391516982e-04
1.642620394836494843e-04,3.250202369826158517e-04,7.039265033676103255e-05,1.520868529518507446e-05,3.618065262772329456e-04,1.129160403783940160e-04,1.912112093561699829e-04,2.354770446579196170e-05,1.860917176808168249e-05,9.296833019052637783e-05
1.437357653986854364e-04,3.309148053562822292e-04,7.264921512362422485e-05,1.422389304117033658e-05,4.011049195747553729e-04,1.092448500973068246e-04,1.126190822085735264e-04,2.097439561766037904e-05,1.629835482839872438e-05,8.667415248030888725e-05
1.270420656525756689e-04,3.368255153127671362e-04,7.723843716623803252e-05,1.360997501947245575e-05,5.752168907634976069e-04,1.119324604718606859e-04,7.720381866617161641e-06,1.875544664424622172e-05,1.445867153160148266e-05,7.823022960464186000e-05
1.181307451801991853e-04,3.408192176839209284e-04,8.201439628107227888e-05,1.358952505016487845e-05,nan,1.191057752336239237e-04,3.562991075917672131e-05,1.720336686280529601e-05,1.321830164777976231e-05,7.110421118028724884e-05
1.102799673117118288e-04,3.408159947584597500e-04,8.816099193726059809e-05,1.330629617328149654e-05,4.232057238468354011e-04,1.288178146416112590e-04,9.524205167997462456e-05,1.629928596116136418e-05,1.218568286629732758e-05,6.520836878222588363e-05
9.864002139590602014e-05,3.338918072721689312e-04,9.335084752705680123e-05,1.270273881658907895e-05,2.949556655188483208e-04,1.391542511835476244e-04,6.007104605190423472e-05,1.582583304645394356e-05,1.079215996640162705e-05,5.960548795352199196e-05
8.623291422308846526e-05,3.180187292740117746e-04,9.597350229170468669e-05,1.208187453402455511e-05,2.889384579303581066e-04,1.481207364594016391e-04,7.113375338244714228e-06,1.574628638255258509e-05,9.536209981890294264e-06,5.610399346914848753e-05
7.595264888113626215e-05,2.968053024827028681e-04,9.776432288323342300e-05,1.119776070860017615e-05,5.103031213803428797e-04,1.536498464405380545e-04,2.198567625348890020e-05,1.593445996356579450e-05,8.458796426289732457e-06,5.348195309195361756e-05
6.532351665398875419e-05,2.761835030142021177e-04,9.757468420515149059e-05,9.993739398232057917e-06,nan,1.548107997653296356e-04,5.203124368877397050e-05,1.611431438740291644e-05,7.332341321925381323e-06,5.114465978729827928e-05
5.708683826113701278e-05,2.572909494472463802e-04,9.636329673774074196e-05,9.092284805407771831e-06,4.356885191948518181e-04,1.509606099082533282e-04,3.565213780706474720e-05,1.639613617870776905e-05,6.547479015985479844e-06,4.913658718793861076e-05
5.138110824002591190e-05,2.367683186486222661e-04,9.196558471140557308e-05,8.207970323465686900e-06,2.456924124851465083e-04,1.417552688142872095e-04,7.820188623852071969e-06,1.654532702520385447e-05,5.844851257409257776e-06,4.596524355926564234e-05
4.622099564788717649e-05,2.140682044273352325e-04,8.666743120104336605e-05,7.124582629586102677e-06,2.158529604691557799e-04,1.278431511298267138e-04,1.711715833958224871e-05,1.616246234872286729e-05,5.103544205200959075e-06,4.270814375049486369e-05
4.048442684136860684e-05,1.915699609398404714e-04,7.897427725766027783e-05,6.142308149339329297e-06,3.030647524432882566e-04,1.107904388371649181e-04,3.730556951296348415e-05,1.540159732483529570e-05,4.365684422384394570e-06,3.933085562994384087e-05
3.695170012271981454e-05,1.711108711957267585e-04,7.091278878047470790e-05,5.433335722885971812e-06,3.958234725874316528e-04,9.312054076672243318e-05,2.826914286628122718e-05,1.446788753896226363e-05,3.819559584030628458e-06,3.570119270573085112e-05
3.616777145645614521e-05,1.529057005049737979e-04,6.170924022190306716e-05,4.919712904465554611e-06,5.086642475283069138e-04,7.669283345782856767e-05,9.672297332339044185e-06,1.383071393092678524e-05,3.373582847250268075e-06,3.283444906882196157e-05
3.521053950281161657e-05,1.363144571077623231e-04,5.366669782972143438e-05,4.564814859324156665e-06,3.555981842677174510e-04,6.210620785939536355e-05,1.728643090004109556e-05,1.321266679966520980e-05,3.055268635286522063e-06,3.004602190492135821e-05
3.414698447006742549e-05,1.209295051764126177e-04,4.500838680681883423e-05,4.371477728619497117e-06,1.932685935765395034e-04,4.936931079289018365e-05,3.554909303940537104e-05,1.269215597835415928e-05,2.703459445024872899e-06,2.781734019247309727e-05
3.315279144230227611e-05,1.063588002769207005e-04,3.685087650201581192e-05,4.156361401367598518e-06,2.379493100523995752e-04,3.864123768583362578e-05,2.894912579299762769e-05,1.260302950300017052e-05,2.384754377242820641e-06,2.665532223977530395e-05
3.141086688361783988e-05,9.290278897053117239e-05,2.979124343164092018e-05,3.984772273670027684e-06,2.972594586254570775e-04,3.022804445090055377e-05,1.285689577700368705e-05,1.275155546815765808e-05,2.075476532827169462e-06,2.537029370012097878e-05
2.928992064374914660e-05,8.083154115621575791e-05,2.369922147653119766e-05,3.947560431267642342e-06,5.080197042697497936e-04,2.410032917938258060e-05,1.815050357863935674e-05,1.295138567559040739e-05,1.783911332633904852e-06,2.442765479402742528e-05
2.902199255555272745e-05,6.974121719937929973e-05,1.876397813025036548e-05,4.053795630978791119e-06,nan,2.012993630002673080e-05,3.226595206960622105e-05,1.313474763877663944e-05,1.603317835808069611e-06,2.334303820008794958e-05
2.982060744280346759e-05,5.908416163918803573e-05,1.494644722404300127e-05,4.268355764917469368e-06,nan,1.807689481768135143e-05,2.953269274652625470e-05,1.318062420974061565e-05,1.480577793877080675e-06,2.162857047752006495e-05
2.998635439777043853e-05,4.905709499172874490e-05,1.223420609070211108e-05,4.616688843360630697e-06,1.634268384516612263e-04,1.749681468835326763e-05,1.829287842230244040e-05,1.304057284046937894e-05,1.348737438946876284e-06,2.037661555906109995e-05
2.901846900544943926e-05,4.013912478129396359e-05,1.027318037402864191e-05,4.955477651438763659e-06,2.677855615452177538e-04,1.797294889075917997e-05,2.413520771791162906e-05,1.270550775628351921e-05,1.221873283609352610e-06,1.860802821458407288e-05
2.818091620028049003e-05,3.261212536475235072e-05,9.179908305134481657e-06,5.301624883065832182e-06,3.065010458530281192e-04,1.916046734099177169e-05,3.678703295657296868e-05,1.214490305006883182e-05,1.121638926405704799e-06,1.698107742576010417e-05
2.723372243501985529e-05,2.618932369392834683e-05,8.679264325840520253e-06,5.715903142929872292e-06,nan,2.079599610762943864e-05,3.387448479012491526e-05,1.161256332857256246e-05,1.014581658067125405e-06,1.551244919052443351e-05
2.565730058715057332e-05,2.074412324971129602e-05,8.836208719463194212e-06,6.239703276614642868e-06,1.058837941845745383e-04,2.268279538354892795e-05,2.437031291765184819e-05,1.125764663325226132e-05,9.562900378568145075e-07,1.405895152459223221e-05
2.463866140741514141e-05,1.637389428528465343e-05,9.103752159223902756e-06,6.580114113823880739e-06,1.536118055120118051e-04,2.459100329608057380e-05,2.889601476042857596e-05,1.081654080740018920e-05,9.015163951180030593e-07,1.329957419309604886e-05
2.353848189629623411e-05,1.295010592127306446e-05,9.584207855742890120e-06,6.838324591609432770e-06,1.644253000121103411e-04,2.642581269909508528e-05,3.916458956767530567e-05,1.029278535257469085e-05,8.537366259905973620e-07,1.258439423909164062e-05
2.161848979946487766e-05,1.021447181767293457e-05,1.003562344272985125e-05,6.892193216588281120e-06,2.291347357406435178e-04,2.811423467288954860e-05,3.480924121964339954e-05,9.584732565952560731e-06,8.047420632000682400e-07,1.193360436418713131e-05
1.941063609007578951e-05,8.058144420249647468e-06,1.035204880584495354e-05,6.674656957707215177e-06,2.135147180593849445e-04,2.952354370798038701e-05,2.581441940965342082e-05,8.863058842033187906e-06,7.574130071849804611e-07,1.143005707820065151e-05
1.839162546881546389e-05,6.494302185859552522e-06,1.044144649538588819e-05,6.419566887415133568e-06,1.195807784696237280e-04,3.048987961244938849e-05,2.829986684772065012e-05,7.982421909846932755e-06,7.333564567732405541e-07,1.060524230854900807e-05
1.755480154126890291e-05,5.416551145719170853e-06,1.051402757407564842e-05,6.336663971446552061e-06,1.000580971781321013e-04,3.081624699956558736e-05,3.421816522986566132e-05,6.888260029999771973e-06,7.408064872649171670e-07,9.989643989860384139e-06
1.607128658592663680e-05,4.635897346217822419e-06,1.030836281008057638e-05,6.070417108249774084e-06,nan,3.046563043283724508e-05,3.128436252929448771e-05,5.903334716114831432e-06,7.404816168936119867e-07,9.242730472808963936e-06
1.442305106158594802e-05,4.048387649854291647e-06,9.722862067417306292e-06,5.688754428007694372e-06,1.887306517011749763e-04,2.944254972679942114e-05,2.596310665834833032e-05,4.974568727327503108e-06,7.329004428719704643e-07,8.380796691874704076e-06
1.242770573449582797e-05,3.613614185366086486e-06,9.011451345786417613e-06,5.406709141255686490e-06,2.642451402040623645e-04,2.774809240931476784e-05,2.616451227442336677e-05,4.141939216382905537e-06,7.296382054983779480e-07,7.653232925259464565e-06
1.040227553405965049e-05,3.277432637338652107e-06,8.082823207393485706e-06,5.145447072189130996e-06,9.594196042940414664e-05,2.546061149728866407e-05,2.651198135144364052e-05,3.455736817030669628e-06,7.066513225719911544e-07,6.885313603849167753e-06
8.649917677872236027e-06,3.040586943411397463e-06,7.145940114161793549e-06,4.758635638476326813e-06,6.243986462255144191e-05,2.271437420866836849e-05,2.327134399741148999e-05,2.943535224445958339e-06,7.082306603702660483e-07,6.366642825052157724e-06
7.522627711668451321e-06,2.904613364451922452e-06,6.092569653590922205e-06,4.519692671149489770e-06,nan,1.976317894762067516e-05,2.121773001532787828e-05,2.606565048083397603e-06,7.255391469378302168e-07,6.013869241862230251e-06
6.613846956637643620e-06,2.824210355232102247e-06,5.162789853954326054e-06,4.328395453858635873e-06,2.586027063789184404e-04,1.692104901783455669e-05,2.123024802095448390e-05,2.429444970719515794e-06,7.521448059388974525e-07,5.670861437850928422e-06
5.554103882850575455e-06,2.751371361384694638e-06,4.214522289643141860e-06,3.857103738856928511e-06,1.892934200142910525e-04,1.450536400252212014e-05,2.044255701241074583e-05,2.316969398682631225e-06,7.625920286675234775e-07,5.460306285950384393e-06
4.617415062219084904e-06,2.697798240681654210e-06,3.345275588302261522e-06,3.304202372192865785e-06,1.259405789375002654e-04,1.280997647111721501e-05,1.859430695209662933e-05,2.270933489511212730e-06,7.665883820145303121e-07,5.163759833185343402e-06
3.867522992516541231e-06,2.711144341228062337e-06,2.596637502103793016e-06,2.853413225382434613e-06,6.696706374258319021e-05,1.211876293213987618e-05,1.656924950284626713e-05,2.258596900056803769e-06,7.641799627468756147e-07,4.816664032344355264e-06
3.224309213459909723e-06,2.791943927618568365e-06,2.004840320379184034e-06,2.395274811094087112e-06,nan,1.261269982262826038e-05,1.490194452551584650e-05,2.254777679657032892e-06,7.820706900534814247e-07,4.504485002194587442e-06
2.649267572319655291e-06,2.903119473799243361e-06,1.487342582202308339e-06,1.937417576586206186e-06,1.081763765366083733e-04,1.426595505333228487e-05,1.365255012343535034e-05,2.237081463745697662e-06,7.905959740446813114e-07,4.074390404385236335e-06
2.227755217065734573e-06,3.035429653861936573e-06,1.087917814608173072e-06,1.621392617364131052e-06,1.543095984393613956e-04,1.685833530389897541e-05,1.224147760724021198e-05,2.149441131414086385e-06,8.018497523421303160e-07,3.679731624539590954e-06
1.844469158354185147e-06,3.190900525250870741e-06,7.925864074916501841e-07,1.370520954587992947e-06,1.566249374356479707e-04,2.015271784791673553e-05,1.038452135496945591e-05,2.067485367306007244e-06,8.121216362826616187e-07,3.323470236170257490e-06
1.498449464342948171e-06,3.373301194547457565e-06,5.740088860051463324e-07,1.137606577181518477e-06,8.342270874297282729e-05,2.394410211616457052e-05,8.587507915722594027e-06,1.996410811384513993e-06,7.914502223407728105e-07,2.955464838362196843e-06
1.270709292322520712e-06,3.587255318424585706e-06,4.329304289477605869e-07,9.860183268566382480e-07,3.944056091514695978e-05,2.794589808415571240e-05,7.304575804252029801e-06,1.951038424408747269e-06,7.828538821272943865e-07,2.730244362200986005e-06
1.150666321237169187e-06,3.785387030265491429e-06,3.552947195357228943e-07,9.219268060571808170e-07,5.835560929996575299e-05,3.164010837207220276e-05,6.555859753128589977e-06,1.957779822065068636e-06,8.023326284697079488e-07,2.535977614160021307e-06
1.066074711653320859e-06,3.938423376290027836e-06,3.242682191598728921e-07,8.492248112395337825e-07,1.180647638442844410e-04,3.440997580611425855e-05,5.957120351224379794e-06,2.011146462869702815e-06,8.286947678859645653e-07,2.409386751815556433e-06
9.783672654037663887e-07,4.038026451499594907e-06,3.148978041136877783e-07,7.866694675630951301e-07,2.935131446044059980e-04,3.583484671787502939e-05,5.335542654916291367e-06,2.108004630304571915e-06,8.338992795932453602e-07,2.336987398102685012e-06
9.034926966427788780e-07,4.078737774178551612e-06,3.230592909487830987e-07,7.493672473107694652e-07,5.197025895472312838e-05,3.564540259326642456e-05,4.783289237053493768e-06,2.226186237539626810e-06,8.463706794456502941e-07,2.186666632623698566e-06
8.416514617292850197e-07,4.089465368408687603e-06,3.336629455276778890e-07,7.151751473153105562e-07,2.656326822757165693e-05,3.377899823163714211e-05,4.288936007383523380e-06,2.339253479053545724e-06,8.324295998443718589e-07,2.056443336512108061e-06
8.069484762472113701e-07,4.070746554603445693e-06,3.450009567497299375e-07,6.723027004845975600e-07,3.144767189008476675e-05,3.048917636692839836e-05,3.803460534167620486e-06,2.460285558272573399e-06,8.239133572206409906e-07,1.878635001412690033e-06
8.057430291331770746e-07,3.994594571618735276e-06,3.457877999345156065e-07,6.792030562660782101e-07,nan,2.627352224165404983e-05,3.547724999381283076e-06,2.572209655425144572e-06,8.247746519882986438e-07,1.690458504951568444e-06
8.670027371435709168e-07,3.855772598274434774e-06,3.463462325616617945e-07,7.049555860805067328e-07,nan,2.183525816585504391e-05,3.608051067468189704e-06,2.592575960373530519e-06,8.486946495274125699e-07,1.551355961981463325e-06
9.200390437806523990e-07,3.663303489232032385e-06,3.362867206149979749e-07,7.103515258724986003e-07,6.058271474781966320e-05,1.777624501557993855e-05,3.428312755152495219e-06,2.543659514864963561e-06,8.582717838810575505e-07,1.371875752051542242e-06
9.549020662826392618e-07,3.403265450125057975e-06,3.137924673446147805e-07,7.114944019842404300e-07,2.987984780218385375e-05,1.421377936071774762e-05,2.835421018069561100e-06,2.435707409794925507e-06,8.529684151933327440e-07,1.246485163935342184e-06
1.014697042379669036e-06,3.044979519436239327e-06,2.872851183382785415e-07,7.196530522446125492e-07,5.324324512550104507e-05,1.110671732784925362e-05,2.624050377335254250e-06,2.243976361248377313e-06,8.457499926100980163e-07,1.154488154324709800e-06
1.086133909100013141e-06,2.634999639604272283e-06,2.586188554158471177e-07,6.941121015527732888e-07,nan,8.552505114863656374e-06,2.757093638017703666e-06,2.002051073179934083e-06,8.509963220760487182e-07,1.080409267911172518e-06
1.154534857329652986e-06,2.263262107469137958e-06,2.275702510509577432e-07,6.537884031090060038e-07,7.187277002620274602e-05,6.635433646413414233e-06,2.438606305075639341e-06,1.691112108865777023e-06,8.562914725613873310e-07,1.057221235986846396e-06
1.209323059784938349e-06,1.920789850289275855e-06,1.944960345567986308e-07,6.096352718143092021e-07,8.540926358691983676e-05,5.350335377928538848e-06,1.878306639015945316e-06,1.379985027736669131e-06,8.535910137195816774e-07,1.005878967255322005e-06
1.273474855203795402e-06,1.578389551911942458e-06,1.645868884381851858e-07,5.398663680032992825e-07,7.441849685049026621e-05,4.627464158910762814e-06,1.792439870984636818e-06,1.079471964411120935e-06,8.602595817856854914e-07,9.402608253311152427e-07
1.275161753076761882e-06,1.257695641124272448e-06,1.342688962066579762e-07,4.472923676471817575e-07,2.189630944032980016e-05,4.371911545976099034e-06,1.916904121212401386e-06,7.978181365806022753e-07,8.350150350162402265e-07,8.732403708212796203e-07
1.275748527740551458e-06,9.818588003885072454e-07,1.077320340017323072e-07,3.714439735954712115e-07,2.629811763927737616e-05,4.461902180016363272e-06,1.644869003690757295e-06,5.616976565677807175e-07,8.084994657746399381e-07,7.772644875726167029e-07
1.342284276271253380e-06,7.546442609005242237e-07,8.448536591434185696e-08,3.092442857932608749e-07,4.940157140833713377e-05,4.704157097396966552e-06,1.252036496772287029e-06,3.769494411255511750e-07,8.061697575671461470e-07,7.041227906589556776e-07
1.453070413883994332e-06,5.729771925721440920e-07,6.640622790980079725e-08,2.530964240713648103e-07,2.371564927479744261e-04,4.904207905640256717e-06,1.381121604770217240e-06,2.449396475737964883e-07,8.298225629001596789e-07,6.234968466298959835e-07
1.528852391673245583e-06,4.301076298737288383e-07,5.026550471131980210e-08,2.103283804972227970e-07,4.110780314728934749e-05,4.956391879566128414e-06,1.918751548534920103e-06,1.554802081086080469e-07,8.336470878371333274e-07,5.520243569390602328e-07
1.517478251177980325e-06,3.184266693832536759e-07,3.732231899959557558e-08,1.760721426234871904e-07,1.394039337321227320e-05,4.843629929178113376e-06,1.932935002372642693e-06,9.820888366967309090e-08,8.430337539805102595e-07,5.071222885007020785e-07
1.495591144986984371e-06,2.315650369852078909e-07,2.741103930650680191e-08,1.482684354738096415e-07,1.431655054400626087e-05,4.628032520097480581e-06,1.426842565381878634e-06,6.609500763065187874e-08,8.302536901620062261e-07,4.725738301981614777e-07
1.404834879706474054e-06,1.684286371899640649e-07,2.004133571598171183e-08,1.312122793097041540e-07,6.434077024825495894e-05,4.341877316717080488e-06,1.711060234645074642e-06,5.070748138426483103e-08,8.091502423806868288e-07,4.563151775167015595e-07
1.276622758880270896e-06,1.249398663476229794e-07,1.457478952914062392e-08,1.276385360396498041e-07,5.465877418164575619e-05,3.971661668234714410e-06,2.880449362724058695e-06,4.449661535562080507e-08,7.999099089182001306e-07,4.455478238860645499e-07
1.186855144695703882e-06,9.359969334306005895e-08,1.117559266484193494e-08,1.315710218286986320e-07,nan,3.509211619341108755e-06,3.101780676388032029e-06,4.647467067907652944e-08,8.029901536418451897e-07,4.170364678955305891e-07
1.089506221729185382e-06,7.048989200735662330e-08,9.429458530340437444e-09,1.445095891776314445e-07,1.471884529345414803e-05,2.987535247376566119e-06,1.962962045365669579e-06,5.534535128623383997e-08,8.106754083014763595e-07,3.932879815556527976e-07
9.397438778234889298e-07,5.399940725564577332e-08,8.955744915946135396e-09,1.661166131134121565e-07,3.604465785249587578e-05,2.472214851654988980e-06,2.539349243740725221e-06,7.145024747451750914e-08,8.050760928150463544e-07,3.570183623415462273e-07
7.948192381987826530e-07,4.269658448968658970e-08,9.819207305393182870e-09,1.930874698822515393e-07,2.910567582190480326e-05,1.992062586762908992e-06,4.795350011554165273e-06,9.686278114528339374e-08,7.838309256433848048e-07,3.194466131383106475e-07
6.967102828955670487e-07,3.493782972631449320e-08,1.177420577433039804e-08,2.230200781369983276e-07,3.551733076998456201e-05,1.558323799813698399e-06,4.486649845978729449e-06,1.330523189636213229e-07,7.637403871988259059e-07,2.875416203456028291e-07
6.050692153472920471e-07,2.919615917800106541e-08,1.490631402508888307e-08,2.659015786603885744e-07,nan,1.186266540625798254e-06,2.064472527627213357e-06,1.848944765312845225e-07,7.606846646439602233e-07,2.517032601539064995e-07
5.134094890362448992e-07,2.454508051286093462e-08,1.853987912473492254e-08,3.044195373783428138e-07,6.030100056906281326e-05,8.777762783184729670e-07,2.722459823596165751e-06,2.482449223795027544e-07,7.341525445021067413e-07,2.279352437757878850e-07
4.259018717948978373e-07,2.062443103011024945e-08,2.311991681971060013e-08,3.248750968137110217e-07,1.512245998845065855e-05,6.333186297524032327e-07,5.539955347805697971e-06,3.153344927714546272e-07,7.176491808607840116e-07,2.110241864210743558e-07
3.433394931816119800e-07,1.738206537664260399e-08,2.807434955475353753e-08,3.284737281815047607e-07,1.421061251906117032e-05,4.524377796913692393e-07,4.394477967359013470e-06,3.817604887530395228e-07,6.871198281053469561e-07,1.956895271873937365e-07
2.622639242091562185e-07,1.481188668732522480e-08,3.302659864175448546e-08,3.192613617782202836e-07,2.526994017230681282e-05,3.291188945363356868e-07,1.240419255760988253e-06,4.408528808211939410e-07,6.398911330428939883e-07,1.889599809889265826e-07
2.020987325435836810e-07,1.286791515774961369e-08,3.766675116798433421e-08,2.881139706241840898e-07,1.671662790443209125e-04,2.542296913225766275e-07,1.567712683676228746e-06,4.832723377347409617e-07,6.008729223752861710e-07,1.752387088063797313e-07
1.632225665920884105e-07,1.153149518766554909e-08,4.283098381606320525e-08,2.571731032903324003e-07,1.772062608565360014e-05,2.187819105135586941e-07,3.597172284545630133e-06,5.005451742447518466e-07,5.796503449551829705e-07,1.619229992956747271e-07
1.322389239063917017e-07,1.075259473219583176e-08,4.687952149747012922e-08,2.222727966526182616e-07,8.594218320885822172e-06,2.159048353264506110e-07,2.767326625612841550e-06,4.791105673867824535e-07,5.549154109964288809e-07,1.483453727192947097e-07
1.029521030758816955e-07,1.044382688386432361e-08,4.924853219782857107e-08,1.765867353093252719e-07,8.330833061818545006e-06,2.420715741203564883e-07,5.176227426032107475e-07,4.306424320742176931e-07,5.290689810986522017e-07,1.293617858677524632e-07
7.914656373462989200e-08,1.061386244950293884e-08,5.084170385744818435e-08,1.309951377626033336e-07,5.697724998817100601e-05,2.953800747759124006e-07,7.267108689909239389e-07,3.681037343736081937e-07,4.928240899627583984e-07,1.154789905149911364e-07
6.120481043648262580e-08,1.123980099182831696e-08,5.078147269012755972e-08,9.766030596147671716e-08,2.943318407411640026e-05,3.737585238406920276e-07,1.845835977683488178e-06,2.903500114732825605e-07,4.517809801492334353e-07,1.006483414150519363e-07
4.542854919680301765e-08,1.222469658400409167e-08,4.917562513588379082e-08,7.022998626925175258e-08,1.376786122896452605e-05,4.754724614795516096e-07,1.237815994962599399e-06,2.155097360388194379e-07,4.224079970970752386e-07,8.828062074772874292e-08
3.589101521368193638e-08,1.359236768741683584e-08,4.616432202769856539e-08,4.934293952117901273e-08,nan,6.022625950743686303e-07,1.491603161805768911e-07,1.501999159689127473e-07,3.875669945326993087e-07,8.027143521189575489e-08
2.981351473183342447e-08,1.540720248136594050e-08,4.280258011429945439e-08,3.607695916981924295e-08,nan,7.518222008089672913e-07,2.717768114981169301e-07,9.772519789643725218e-08,3.664491435170746679e-07,7.213261334772759236e-08
2.523772810723859642e-08,1.734507047088784333e-08,3.754889789734106413e-08,2.657360581817895858e-08,1.834273806931868987e-05,9.125485911282880365e-07,7.879072310974891312e-07,6.037417104065801169e-08,3.468621459836195206e-07,6.744424867970830317e-08
2.194489654627865165e-08,1.882434932118828187e-08,3.178763738223990952e-08,1.874660845501326125e-08,2.370799658912382528e-05,1.070610206602137652e-06,5.054933640322675438e-07,3.554466516614252225e-08,3.171965240601161503e-07,6.338641125096191726e-08
2.056718110404125834e-08,1.973610656062276482e-08,2.608052744683378041e-08,1.377140072823234271e-08,1.965690250093308638e-05,1.203064536206419035e-06,5.018183071835100479e-08,2.087913900086876383e-08,2.905851992328694328e-07,5.839509970641451579e-08
2.081785059696429700e-08,2.021470048717404333e-08,2.106640505480809890e-08,1.099390919133681160e-08,nan,1.298298944819377010e-06,1.148165606480430377e-07,1.237646445662871054e-08,2.791502634998533156e-07,5.466259886561090972e-08
2.087508448190563134e-08,2.000733210901246371e-08,1.595741938221556379e-08,8.765729352745866868e-09,1.062072715302929923e-05,1.356001359309655948e-06,3.988847519085413148e-07,7.440639526743335166e-09,2.602139733082053634e-07,4.835802902524512344e-08
2.123934646816893404e-08,1.903715188164313914e-08,1.191642700723013039e-08,7.208750450043129288e-09,8.315985722528352220e-06,1.356564114120684103e-06,3.231877044087107680e-07,4.572361786437893133e-09,2.458001425593155780e-07,4.296601983337600195e-08
2.127633313646153910e-08,1.759073079646397696e-08,8.840307493608627364e-09,6.468351523080175395e-09,1.805484673787201782e-05,1.305208745332427053e-06,4.053969711615518687e-08,2.895329803141970395e-09,2.331672637266295039e-07,3.795272684242807360e-08
2.083045332286485947e-08,1.591206561406274031e-08,6.828222970567896318e-09,5.913429448545228513e-09,1.223175420031209206e-04,1.225391142741656969e-06,1.059346425940892293e-07,1.976310850439186619e-09,2.141425420241985866e-07,3.272415845049371842e-08
2.003234716404115693e-08,1.432027135281218726e-08,6.066252462543424474e-09,5.304670465230391254e-09,1.083703421813503399e-05,1.123723468867403812e-06,4.146850624787950585e-07,1.598962800785064599e-09,1.977118442025672481e-07,2.883178589489790294e-08
2.040151333500194084e-08,1.309721006799739181e-08,6.638805834215684204e-09,5.085429185253827271e-09,4.647425158262171690e-06,9.959365669719577540e-07,3.865106576089751703e-07,1.522195206701313049e-09,1.853700914289146518e-07,2.547237090053455604e-08
2.200489232935081453e-08,1.225142918152948985e-08,8.511492357373985804e-09,4.906263562926596140e-09,5.264897648769208539e-06,8.468943276730375119e-07,6.755542943167682165e-08,1.594411752290017284e-09,1.782595120544972125e-07,2.278283767436572159e-08
2.276057957469536661e-08,1.158896658582577682e-08,1.137714935539818765e-08,4.459305249639282371e-09,9.198606778887615280e-05,7.033126852783230240e-07,1.487475593748980708e-07,1.765881104346297326e-09,1.716365178929377772e-07,2.166942326159658955e-08
2.343543811956952506e-08,1.102952203288278846e-08,1.521208958871569433e-08,3.942602131192235465e-09,1.864032289935600394e-05,5.976419247879861097e-07,5.028759032121429236e-07,2.069616983292012495e-09,1.619643012195094224e-07,2.021798799749932276e-08
2.432904658174232788e-08,1.072661447383823953e-08,1.957162098740480845e-08,3.562348763946269907e-09,5.964195248265750788e-06,5.469630594625446296e-07,4.035256522948141232e-07,2.830549910215959202e-09,1.505615248758228186e-07,1.898064602014864669e-08
2.490481520258370624e-08,1.068066707445653984e-08,2.411386464579000879e-08,3.033179039359418438e-09,3.461236327867971767e-06,5.368850076633229676e-07,8.306698353107317039e-08,4.316663296850628186e-09,1.432613168063188094e-07,1.739056800344156893e-08
2.514803538071103085e-08,1.065028137153045314e-08,2.819943776293145315e-08,2.586413160713941633e-09,2.480303141312720897e-05,5.704097207466767753e-07,1.259762269056332956e-07,6.759399810326878024e-09,1.297221286054577110e-07,1.525565468905142272e-08
2.538620110487194431e-08,1.043053594829469541e-08,3.260420419178720252e-08,2.308827447420152081e-09,nan,6.480683812674354684e-07,3.034712892293026922e-07,9.976078028577772806e-09,1.212524166566147325e-07,1.366353885758843934e-08
2.443426946161639147e-08,9.856907077815188376e-09,3.609325356885188449e-08,2.076760059644407908e-09,9.675751687378467391e-06,7.369435760668449633e-07,2.149929137579005440e-07,1.308401825430364033e-08,1.149406289605365903e-07,1.183387167833356301e-08
2.174085382437007324e-08,8.961100996270941493e-09,3.804388473772320229e-08,1.836539030863007428e-09,9.597503720951034995e-06,8.081294479429214477e-07,5.395100067091352690e-08,1.568180610547947976e-08,1.042555913128482732e-07,1.021516980381705837e-08
1.874470734071040301e-08,7.837282587147694520e-09,3.923232483688790881e-08,1.756711763011446361e-09,3.146610575998236211e-05,8.422746223523839389e-07,5.662944275951100382e-08,1.748001345904360221e-08,9.391699111177794877e-08,9.117314609957255322e-09
1.677237230928525537e-08,6.578566484641992009e-09,3.957251672431725995e-08,1.761541554967254916e-09,4.833137562706256954e-06,8.407879697013360189e-07,9.738562826139728899e-08,1.794545994362101780e-08,8.762654406805206427e-08,8.096301219494863864e-09
1.547521723858978977e-08,5.357154651741982903e-09,3.828879668152060577e-08,1.748620520984721241e-09,nan,8.238646819983962063e-07,6.696122613298722909e-08,1.692411179406649031e-08,7.950070310223125151e-08,7.759522107343535303e-09
1.390117367832435970e-08,4.260347072172281395e-09,3.606522388402466339e-08,1.736675353824368450e-09,7.482756185090551576e-06,7.950170579631171710e-07,2.212293382944892456e-08,1.492349337882372217e-08,7.169128646576692210e-08,7.502844445837888843e-09
1.243515130562538942e-08,3.349176729857140036e-09,3.338102841980753664e-08,1.731597626873424671e-09,8.972675880214022273e-05,7.412863295777549929e-07,2.212733651699787662e-08,1.248365979661497864e-08,6.492975550604510165e-08,7.074723967493592133e-09
1.087879980916294439e-08,2.680952434466523639e-09,2.933899572217598016e-08,1.593466042666896695e-09,7.625004447175635230e-06,6.679859066522073357e-07,3.688617769976683660e-08,1.021079555092171223e-08,5.636019683433048983e-08,6.731291706877746594e-09
9.310726410751028811e-09,2.220316913416388411e-09,2.496005800036458329e-08,1.413283157244890217e-09,1.635085009500752709e-06,5.890288361356987947e-07,3.243674531096010449e-08,8.322366255483866787e-09,4.875732509418432523e-08,5.968511527108854547e-09
7.903182295798886886e-09,1.927428816662905201e-09,2.040941851884401514e-08,1.275436108278336396e-09,2.074434113974550335e-06,5.069686116754726012e-07,1.892596222094706330e-08,7.213015832254791170e-09,4.150091482297557827e-08,5.384860867287506752e-09
7.061903397384127787e-09,1.782642852303649034e-09,1.647953154402695334e-08,1.143488880167789785e-09,4.156819756936712900e-05,4.203068402274517008e-07,2.669390514027282522e-08,6.814151288707157488e-09,3.604202984076864765e-08,4.783265253696877678e-09
6.251794119807710005e-09,1.780459180116201649e-09,1.240151709141751880e-08,1.012167086734987318e-09,1.263084616847025577e-05,3.307819928925848185e-07,5.435217729474045597e-08,6.773572300816812026e-09,3.121076193423236927e-08,4.187680961533755701e-09
5.235522566996405662e-09,1.936024668835731314e-09,8.914948607717271770e-09,9.386023886098552987e-10,3.434909807664024312e-06,2.448497299164150522e-07,6.007024721843575874e-08,7.110966445729107687e-09,2.627702023648579280e-08,3.789930168775197073e-09
4.361650436714840641e-09,2.248269373639331670e-09,6.076005261626007923e-09,9.045586535865500952e-10,1.100240492563395490e-06,1.691753074256130718e-07,4.686438178028344988e-08,7.616047723534587587e-09,2.150711586623895500e-08,3.484292600951106922e-09
3.498939234293843687e-09,2.706180698230219443e-09,3.979089330870220755e-09,8.949048465586121275e-10,5.741358768934839062e-06,1.099314780804507066e-07,6.173493237854633781e-08,8.257689807584762096e-09,1.774638960667529858e-08,3.305599742195897678e-09
2.805769799705855255e-09,3.328276289444363162e-09,2.592939241101428899e-09,9.664307523971228579e-10,5.909288435128826919e-06,6.962836037494117439e-08,9.432435315307808532e-08,8.915702354283447742e-09,1.378503410437359008e-08,3.338146053541704982e-09
2.164329630692890649e-09,4.076719903674345307e-09,2.035510422086479079e-09,1.080244624055584124e-09,nan,4.586898326159356240e-08,9.588160020995076390e-08,9.195661439034316959e-09,1.055942197011222505e-08,3.193977419783261155e-09
1.681508762500424691e-09,4.877395372403945248e-09,1.943852124420730295e-09,1.190515639605743754e-09,nan,3.499775566274492010e-08,7.956931046342153470e-08,9.290357905064627450e-09,8.111593699642136486e-09,3.163735419290311236e-09
1.300233777898629805e-09,5.649420114464708589e-09,2.199643903571226634e-09,1.294784054730271622e-09,1.508282404093734762e-05,2.817400397907506282e-08,8.358086400668459421e-08,9.264197373694461574e-09,5.986432427483830567e-09,2.970514652056326072e-09
1.006891577862796113e-09,6.389921203886121985e-09,2.884117981485214227e-09,1.435301853761330832e-09,2.407040701493208797e-06,2.265081262862434219e-08,9.524678803622015229e-08,8.870185866545238357e-09,4.352418411843236234e-09,2.758443820509078275e-09
8.757796014628460891e-10,7.260894784917478242e-09,3.816885878848293985e-09,1.570192810349284912e-09,1.715976799261883925e-06,2.084577472964555378e-08,8.729325634689039419e-08,8.113481640518405931e-09,3.197333599195178152e-09,2.561584810355813273e-09
8.703849798116958516e-10,8.127761918321858920e-09,4.790610177663183997e-09,1.799270946989056599e-09,nan,2.038747887276929494e-08,7.043700421358922952e-08,7.219152320231679465e-09,2.339812335523997172e-09,2.361623092544694463e-09
8.717828827103525789e-10,8.672453724080649257e-09,5.591344792843355895e-09,2.192827625723248505e-09,4.386814234974705548e-05,2.022427060864080135e-08,6.561109224194557179e-08,6.125457076203277260e-09,1.707018085801319446e-09,2.169049322157969814e-09
7.667036593865654610e-10,8.960882578670524809e-09,6.295946602330118268e-09,2.685537352618297329e-09,3.341164956762250687e-06,1.983399228184131428e-08,6.382394085460590854e-08,4.864210443827320020e-09,1.259252988839758475e-09,2.087207878741306082e-09
7.006304552469453103e-10,8.975642771429309751e-09,6.750475242202702905e-09,3.163093408155164903e-09,7.232239448517742673e-07,1.898722910763014074e-08,5.018917974537970379e-08,3.394310110694495373e-09,9.059171980500259795e-10,1.937781916462225214e-09
6.859487923798711878e-10,8.764611043511579057e-09,6.927534789248958881e-09,3.814197850883239944e-09,8.265910798906091812e-07,1.783263378263172574e-08,3.391293697221931492e-08,2.112190421852136938e-09,6.659439250794888391e-10,1.940006242763229515e-09
6.979866026244673127e-10,8.508472209329954552e-09,6.856574061644782808e-09,4.408990705959889571e-09,1.376535497711818482e-05,1.663551422962123668e-08,2.497909392366520391e-08,1.163533560800710989e-09,4.880587259221222060e-10,1.891263302723778536e-09
7.576612837845317955e-10,8.213317069809053113e-09,6.816664878984448996e-09,4.827722163462588858e-09,7.093661586899411496e-06,1.543056384682500463e-08,1.883900186766267073e-08,5.515072029334511078e-10,3.663053193901699719e-10,1.900003819956407698e-09
8.342451225318630231e-10,8.001070069952314341e-09,6.425468458476918859e-09,5.174551019801561519e-09,1.344105736139193163e-06,1.438726414791932714e-08,1.274685509949051636e-08,2.858739232921524248e-10,2.880437281380260984e-10,1.904376257486790670e-09
8.779925773918274606e-10,8.142353975154367760e-09,5.855703451363627316e-09,5.422388187230255543e-09,5.770155661085802774e-07,1.334227939923748442e-08,8.142546740479676377e-09,2.482538541802731682e-10,2.311702319458259187e-10,1.841714705635084679e-09
8.758806768160332487e-10,9.083873064956597304e-09,5.257155835144988038e-09,5.073420702478044785e-09,4.003223090515692043e-06,1.157476117891686131e-08,5.057983445899918206e-09,3.248665001801891544e-10,1.859143162299974057e-10,1.750982655557670926e-09
8.719409322930502234e-10,1.127615143892153762e-08,4.539886221630520473e-09,4.641556192376369578e-09,1.953693271115419542e-06,9.014518682898226547e-09,3.191774682383584001e-09,4.426506453349724196e-10,1.570886010686413963e-10,1.679096635829269166e-09
8.643989134027669271e-10,1.468643928612173841e-08,3.726911225950140477e-09,4.223697389228558911e-09,1.705324548048334142e-06,6.547499978620502514e-09,2.309006544401650928e-09,5.824195531495975112e-10,1.356998307407838975e-10,1.527047993427587017e-09
8.353450140754858081e-10,1.897374727327087169e-08,2.978216571862294477e-09,3.542904020334954750e-09,1.395905256119215500e-06,4.764127971653503048e-09,1.944972463745653264e-09,7.833516441371946581e-10,1.170199092322283649e-10,1.505060596380365128e-09
7.911877017887165795e-10,2.330004246992495255e-08,2.318382576213097183e-09,2.800097252694305751e-09,nan,3.544755324424223800e-09,1.858504006930395633e-09,1.111303997858006614e-09,1.052705085941219301e-10,1.397133598241047600e-09
7.446997679034950541e-10,2.651321092727276019e-08,1.681045800705107992e-09,2.244135824445965158e-09,1.857667791638303454e-06,2.671768946583697173e-09,2.085419969959294124e-09,1.603730237388585468e-09,9.556568656310440743e-11,1.380616815977963141e-09
6.489733800015439798e-10,2.828414290650011884e-08,1.162001540504106152e-09,1.735673298492439016e-09,5.510583902359941213e-07,2.082392963681586348e-09,2.444863772833687322e-09,2.296830739520530348e-09,8.864876774497567914e-11,1.387850457960029199e-09
5.524073395066463196e-10,2.823605058208319359e-08,7.651474464109437690e-10,1.339074165648599611e-09,1.152536959919353364e-06,1.814877423826843495e-09,2.838021937995986269e-09,3.202212630459993256e-09,8.467973377093188461e-11,1.425249830012884871e-09
5.095225166274194869e-10,2.618136791842294787e-08,4.820799513215337718e-10,1.188755398338175868e-09,1.149694867960344582e-05,2.280266426983535809e-09,3.541702411113331404e-09,4.308806547907034805e-09,8.469924249578652403e-11,1.496427271177496575e-09
4.872151191593767454e-10,2.270293235334140169e-08,2.795040263644151961e-10,1.218451297980436949e-09,nan,3.130258435761937632e-09,4.460128750217449651e-09,5.619955452544778033e-09,8.771017208861137012e-11,1.537611581587872070e-09
4.639495954072514048e-10,1.824211940274736179e-08,1.663230440813542214e-10,1.324169297735620135e-09,2.833879550455772465e-07,2.221273039110596814e-09,5.086035394845691738e-09,6.701833391373140715e-09,9.372841382469835075e-11,1.478398679184483560e-09
4.345629966352059969e-10,1.369222414661128978e-08,1.423228399680183967e-10,1.607376211799733004e-09,2.265891568928217501e-07,2.553077642791142585e-09,5.429968060750955152e-09,7.540415048543729482e-09,9.923217425686946606e-11,1.467147942816925908e-09
4.150217423042962399e-10,9.596353041555679977e-09,2.111231125435218499e-10,2.176070007149693349e-09,4.783079760811796643e-06,3.343143049912828230e-09,5.848568641272953972e-09,8.253294331709972782e-09,1.089716906369759165e-10,1.345009510184984448e-09
3.808481404642652720e-10,6.189343133540968851e-09,9.648995347066492819e-11,2.870110289334237043e-09,3.389118337029665005e-06,4.410069832170409141e-09,6.054106957312690364e-09,8.658025800090775254e-09,1.207072472492308980e-10,1.312398770975400871e-09
3.555454358117694211e-10,3.729143540662367625e-09,9.777614738009785641e-11,3.745602686531927988e-09,4.665545764691931306e-07,5.581280584978026779e-09,5.713952038936776462e-09,8.820720333449911984e-09,1.313680533504872968e-10,1.236254606025362216e-09
3.399679827379815410e-10,2.129757851158200129e-09,1.268015085779978384e-10,5.009109681559451457e-09,2.768919822215371558e-07,6.691553598274145169e-09,5.284560991422872109e-09,8.498331124931628046e-09,1.500063177102596872e-10,1.188918009408093844e-09
3.177153493249574766e-10,1.214228076838997720e-09,1.627217196648585133e-10,6.311803440596249240e-09,1.547704526332856554e-06,7.735919961813145707e-09,4.922149194875031867e-09,7.833721110118360752e-09,1.726263147051729271e-10,1.199418910881917309e-09
2.893276799236491899e-10,7.950399631126441503e-10,2.073469830357293525e-10,6.840362392119318041e-09,1.250750790902075431e-06,8.709372091506524288e-09,4.509921946253218698e-09,6.978748114664951833e-09,1.923998149852196580e-10,1.250233106388212979e-09
