9.126943273722736283e-01,8.580142611498542404e-01,7.833006742928428912e-01,9.107766582153808965e-01,6.733382808137616804e-01,7.681959506317989073e-01,7.229529407772792293e-01,9.298591460744708437e-01,8.710853272420677751e-01,7.510998145956652161e-01
5.710313068598278363e-01,7.409148065031545549e-01,9.213200369442939852e-01,5.805350750868980558e-01,8.927840074009946170e-01,9.240669989012719743e-01,1.478867549027905293e+00,5.376645716873716951e-01,6.990582045508549891e-01,1.038519925968311997e+00
9.016870464565718279e-01,8.253380183135653470e-01,7.630325709926125688e-01,9.015104502695219235e-01,6.373471747527051923e-01,7.070972313688385080e-01,6.459787364543391197e-01,9.351870998213184238e-01,8.302525746617014368e-01,7.729877389056076797e-01
8.852475255280537469e-01,8.332707779271995019e-01,7.575531962406588660e-01,8.852601042715880775e-01,6.300265862918396076e-01,7.428727957667936588e-01,7.086713768507756361e-01,9.077595123978069447e-01,8.422604619910075696e-01,7.451603422278995081e-01
5.798063724133787344e-01,7.901647515759007145e-01,1.083283296641681215e+00,5.933283113654528318e-01,1.010067931962674859e+00,1.020161162083098372e+00,1.764717274949181292e+00,5.412882575726617462e-01,7.288788052479089341e-01,1.184955750734407731e+00
9.259839037197192813e-01,8.561999908807168547e-01,7.963182984983089296e-01,9.261272957214343737e-01,6.775108353171646058e-01,7.343858214166836262e-01,6.332034159956493324e-01,9.568231324482497913e-01,8.600211026084926269e-01,7.628247800732428363e-01
8.519916701210716869e-01,8.111595865977597741e-01,7.449165891828530839e-01,8.547219044418128409e-01,6.161509350364261506e-01,7.418235959259036338e-01,7.344786691409335155e-01,8.791729241124723870e-01,8.137114052801165398e-01,7.417780062294864196e-01
5.989874269637693871e-01,8.287323340159693519e-01,1.165982644000126633e+00,6.156080346292125416e-01,1.077605689333649641e+00,1.091847598917707218e+00,1.932872723235411039e+00,5.581029649530485637e-01,7.587854487931340319e-01,1.119190492350309984e+00
9.456513987896255635e-01,8.831112324448251449e-01,8.302990921810071701e-01,9.456107981188310863e-01,7.415800858091328163e-01,7.577955545040376828e-01,6.243407992184646371e-01,9.720419978614224243e-01,8.862665104857693210e-01,8.431852002703027482e-01
8.130894250266544887e-01,7.892044177699059082e-01,7.361558364604798843e-01,8.184891617410117171e-01,6.268562489691359430e-01,7.556864191766031746e-01,7.944262890079788475e-01,8.430353435768093151e-01,7.844347238433081460e-01,7.950730636739417045e-01
6.243459171857769219e-01,8.445175075571483836e-01,1.102655219406142528e+00,6.417623150540946453e-01,1.033553474534776306e+00,1.093615187497605667e+00,1.851477899584377251e+00,5.850515866910673823e-01,7.813904619910740923e-01,9.794095005879334126e-01
9.589082467901289819e-01,8.968363567900516919e-01,8.526736665217744537e-01,9.581217348515167487e-01,7.873329743988483065e-01,7.577812656222524534e-01,5.966804240357861389e-01,9.811019325621889164e-01,9.004949647237886490e-01,8.753783980347246141e-01
7.729065725176489376e-01,7.700313233701576721e-01,7.368872722578532208e-01,7.810682408887936745e-01,6.342000279401176499e-01,7.823109084116689482e-01,8.733269412481304839e-01,8.029936681172183954e-01,7.567973832990710914e-01,7.850446693105440632e-01
6.546601223207639819e-01,8.416050779933855752e-01,9.638325075467660819e-01,6.709452385938986518e-01,9.004625908156999037e-01,1.052243055308727193e+00,1.597631988642624012e+00,6.216441934905754252e-01,7.952810353776419428e-01,8.996731218308550160e-01
9.660976347087605332e-01,8.969688377411645375e-01,8.577690165564963998e-01,9.643254514765621233e-01,7.804324446211563515e-01,7.391077744368472757e-01,5.394015579536441951e-01,9.863719803180988066e-01,9.014662661109591468e-01,8.682185499695262987e-01
7.373158816078942968e-01,7.675083391815172851e-01,7.600967390007358215e-01,7.485520790980262351e-01,6.485196121828934457e-01,8.355143992015368060e-01,9.718253562525742684e-01,7.638204412408161614e-01,7.432628372175770215e-01,8.284982932366506958e-01
6.867972799699806341e-01,8.304969860091010458e-01,8.278096994278704157e-01,7.006473176826737426e-01,7.681071536345813744e-01,1.005501377311985634e+00,1.315704880775191210e+00,6.634201498078516890e-01,8.051521180061461669e-01,8.152312535582525443e-01
9.651535779949222960e-01,8.822149991679311132e-01,8.395327721504799445e-01,9.622188166529032083e-01,7.498540201164720642e-01,7.078519011587317555e-01,4.674186258058181109e-01,9.871789090807392419e-01,8.884631178028364884e-01,7.744894978627021587e-01
7.107918400689378080e-01,7.929557693800939333e-01,8.261246546109001221e-01,7.250714110099364396e-01,7.286254869565612635e-01,9.145054084770548597e-01,1.104620097807919921e+00,7.283190334126102838e-01,7.536191640063325536e-01,9.205040606663398295e-01
7.186569327528099516e-01,8.192796386519559659e-01,7.232523041414954390e-01,7.288026539365359824e-01,6.891421162806781187e-01,9.565842252706379112e-01,1.081750255266431981e+00,7.050271218509347460e-01,8.155435633588501432e-01,7.504954828322928373e-01
9.553898422799835810e-01,8.528502163156793658e-01,7.965388267493186403e-01,9.508051963268709939e-01,7.269350615432729201e-01,6.640302644639363150e-01,4.071510447900372753e-01,9.827475411795537630e-01,8.622986230645767192e-01,7.873298367963298405e-01
6.975053924258205473e-01,8.401716492815922699e-01,9.671311602112686590e-01,7.144578010585633798e-01,9.028738220567112949e-01,9.912673963800467947e-01,1.277987948296022802e+00,6.996918343306620658e-01,7.810807944353987953e-01,9.722675652894477993e-01
7.507456529767555509e-01,8.068677497908188778e-01,6.530181239406642746e-01,7.562923289645455682e-01,6.396582079771123697e-01,9.023483709980554268e-01,9.198256603193164516e-01,7.449363638740097437e-01,8.232271081173375693e-01,6.775202238690098966e-01
9.402214134427121506e-01,8.172656559207357452e-01,7.424433820560163433e-01,9.339982219582759759e-01,6.912066884744393347e-01,6.208918178649143194e-01,3.792899732663901902e-01,9.775959344003122276e-01,8.286891527476263342e-01,8.128672229268577576e-01
7.013316994828366902e-01,8.994005005424334787e-01,1.210871880549407864e+00,7.206445441773069449e-01,1.135073004058879897e+00,1.053409347436847776e+00,1.482583896020536196e+00,6.840975926780361593e-01,8.177228394618898388e-01,1.123383034765136790e+00
7.836191892634833955e-01,7.959149187056713259e-01,6.102098408368776816e-01,7.846022983555380748e-01,5.882291583029081172e-01,8.561529531892040357e-01,8.218194011047270653e-01,7.832776837309971540e-01,8.293637229704473590e-01,6.643005429834903941e-01
9.225796160163889370e-01,7.811322582629598443e-01,6.882522829251486174e-01,9.156593615572085065e-01,6.286126917247997214e-01,5.974706291989420048e-01,3.820551477503308369e-01,9.757462801188397927e-01,7.911986416559901869e-01,8.039959304608124135e-01
7.220136711593811984e-01,9.637082926675913930e-01,1.509317307725232871e+00,7.429545316658880960e-01,1.346475934651885087e+00,1.105463578213175202e+00,1.646692637112790125e+00,6.841603700159863966e-01,8.640281553574721274e-01,1.338391831306352753e+00
8.168285792051849237e-01,7.967111226617621389e-01,5.897661585876557977e-01,8.135915251027694417e-01,5.483362921831297365e-01,8.235703943179604192e-01,7.587141575089605405e-01,8.180798364443530035e-01,8.441506107518051971e-01,5.588202515086972966e-01
9.012656220436237042e-01,7.437441847926090643e-01,6.348114041623179604e-01,8.945277505703199683e-01,5.716792669843144825e-01,5.978691886597323757e-01,4.046942516878247464e-01,9.742422819947433865e-01,7.511105209483133205e-01,8.058182277503493918e-01
7.534233245597046214e-01,1.008712819559045348e+00,1.682594892914160312e+00,7.731853293936876703e-01,1.451880862292899366e+00,1.117235107949118733e+00,1.635440197290123576e+00,6.939845599014896615e-01,9.114002677184673828e-01,1.512017746689308773e+00
8.492002589919707134e-01,8.056406451930732127e-01,5.878760467786273702e-01,8.415126774466110682e-01,5.444037872226920038e-01,7.909520866592258947e-01,7.020517839229251100e-01,8.460947026992400311e-01,8.648563777505725580e-01,5.310877255158261701e-01
8.743497694046777902e-01,7.036951533645516843e-01,5.844938550412606126e-01,8.678755529077066821e-01,5.425534943059188153e-01,6.139984367033898272e-01,4.420196770338004066e-01,9.681085816670679245e-01,7.092496067548522687e-01,7.658016136826901743e-01
7.867680879718835785e-01,1.009127545517470637e+00,1.575538733453862639e+00,8.010116116508242401e-01,1.393505900201552850e+00,1.063920883504914983e+00,1.430329207777223832e+00,7.068173939400591577e-01,9.425517916170841337e-01,1.290167117698323596e+00
8.775061606202738673e-01,8.083104590720665561e-01,5.974459915088570217e-01,8.647746998944636498e-01,5.648763783127378479e-01,7.522919344202815273e-01,6.475715546970847170e-01,8.653107528514345503e-01,8.768898970782785796e-01,5.790526920334643224e-01
8.436737231979931639e-01,6.618250183926785990e-01,5.399753772907422977e-01,8.369603915882721790e-01,5.274223724997674223e-01,6.410803786196026532e-01,4.951006837916038794e-01,9.572732342508892822e-01,6.662334133774737710e-01,6.696399144069589138e-01
8.164577192905568825e-01,9.717181463770585559e-01,1.256725245229053822e+00,8.216104520872333783e-01,1.211940694114718386e+00,9.833597083592666710e-01,1.170874363484568637e+00,7.220972056345571488e-01,9.528909022233094106e-01,1.097595691596764622e+00
8.986432353956880226e-01,8.032473043043361072e-01,6.093508859860056193e-01,8.807741920281069170e-01,5.898452741608674055e-01,7.143587822393490105e-01,5.995713908477050547e-01,8.768228550305962044e-01,8.780485006943414827e-01,6.130396142890451872e-01
8.126277012342403294e-01,6.286791843011938496e-01,5.016077820583101365e-01,8.055637412799672159e-01,5.204126272246371032e-01,6.754565515837295253e-01,5.558965910127601218e-01,9.443267514739949187e-01,6.321483646793667477e-01,5.925332794599361685e-01
8.389973736963353135e-01,9.196469892365360943e-01,9.177974831029729330e-01,8.339847483871292155e-01,1.002809221583456756e+00,9.081190439596361630e-01,9.468285965316605157e-01,7.385930900356536544e-01,9.512424709089486452e-01,8.680932872765547703e-01
9.128931739447435634e-01,7.968413365261529657e-01,6.214614329156427086e-01,8.902131485307952508e-01,6.189137393544852372e-01,6.755909211042360196e-01,5.467119635266600719e-01,8.824200041649706838e-01,8.737859513136791989e-01,6.487249086631310391e-01
7.870369426472990648e-01,6.164340529576616268e-01,4.732385581430004207e-01,7.793563684038561368e-01,5.334731533868518616e-01,7.057095043463050832e-01,6.025463628518605841e-01,9.299006817277569725e-01,6.195230519521207624e-01,6.579204503270393856e-01
8.541990517658614168e-01,8.676717524217095745e-01,6.804303526882069519e-01,8.394552640315823266e-01,8.381880740425897702e-01,8.378035416788138789e-01,7.662883237729273267e-01,7.523883543874748669e-01,9.437938483472363416e-01,6.455524248548287769e-01
9.210588954690402952e-01,7.877320809825588688e-01,6.443733045133615001e-01,8.941650832479914879e-01,6.562854068319171619e-01,6.329848866840991350e-01,4.869090409945955877e-01,8.829401389982368675e-01,8.620353107245970481e-01,6.455957778864386265e-01
7.717181565430503154e-01,6.192247998755326943e-01,4.667359783705480325e-01,7.627838804829104591e-01,5.673035382229896229e-01,7.171742602277416667e-01,6.265834804032165417e-01,9.147595908110496277e-01,6.223191438742002868e-01,6.894555440413572267e-01
8.630610732180531430e-01,8.195297765772576737e-01,5.550774093563548561e-01,8.397279941282896898e-01,7.301509624076957250e-01,7.730081339621377445e-01,6.328194093471399828e-01,7.622140270320715283e-01,9.300584776324287706e-01,4.664045722208518541e-01
9.226244164412792381e-01,7.735888467685150260e-01,6.876298235601641107e-01,8.925021539921300651e-01,6.937910101014169717e-01,5.992224433889723478e-01,4.454910081107690822e-01,8.807354766811736901e-01,8.396411660927890486e-01,7.076014978953227841e-01
7.694547316574320561e-01,6.246756601739176240e-01,4.893434063459343175e-01,7.584151724645942227e-01,6.114274947316216124e-01,7.112823918686096425e-01,6.420436476219694155e-01,9.031500455493725044e-01,6.269764229690923951e-01,7.258962720324471096e-01
8.658776569357150565e-01,7.766786042935927004e-01,5.015570826141806382e-01,8.357430177645678304e-01,6.596901904588404753e-01,7.227656116848572010e-01,5.525061146068073192e-01,7.693219235263395461e-01,9.116916717551587501e-01,4.525416948139193707e-01
9.164814850866178642e-01,7.597917139561611855e-01,7.497216887170162769e-01,8.853521240150702409e-01,7.259643045236550130e-01,5.897002435324176783e-01,4.470288995502691987e-01,8.808901056798842388e-01,8.110784996132782698e-01,7.774510199298890756e-01
7.801872950940151874e-01,6.379786856190486910e-01,5.388819949673693266e-01,7.667522237456911860e-01,6.551520969206462430e-01,7.018990292251124918e-01,6.588169624802314717e-01,8.999306450781550115e-01,6.384428880821819696e-01,7.070825045333839487e-01
8.639935857443685752e-01,7.451165989196226747e-01,4.814577621603093327e-01,8.294684584869987942e-01,6.055275068632981483e-01,6.854316439463565835e-01,5.117473885936774103e-01,7.736133331605151708e-01,8.976429332653852455e-01,4.706818308225950154e-01
9.032855246001211258e-01,7.494883423990931215e-01,8.150921135581381538e-01,8.741628819006608264e-01,7.474225209000636694e-01,6.074195844366496733e-01,4.956442603442529071e-01,8.849675499876794582e-01,7.813085886407128422e-01,8.974426088788590716e-01
8.039049972436540514e-01,6.626629607890116569e-01,6.072564926958582410e-01,7.876506062961282639e-01,6.759559984701385416e-01,6.928807318451987163e-01,6.616087166426393162e-01,9.040249210568873650e-01,6.624550764190989538e-01,6.974309872669541832e-01
8.617361460027066489e-01,7.266492743254197029e-01,4.766015547886080506e-01,8.246618973966995947e-01,5.601957553847281002e-01,6.544524235128218459e-01,4.866257041022296614e-01,7.735760626380042693e-01,8.923790215603311093e-01,4.582280195000668077e-01
8.824267722089921273e-01,7.402194770792283052e-01,8.624872399577723225e-01,8.578973788427196601e-01,7.479070990789633555e-01,6.507703957861636912e-01,5.858956077765198334e-01,8.885267244190681035e-01,7.531621470166840471e-01,9.315943538248399047e-01
8.363521796789490370e-01,6.849038978947892264e-01,6.822762897591381215e-01,8.161247221637337734e-01,6.594146494263631864e-01,6.782769763645407624e-01,6.372550086302261052e-01,9.099162581423038132e-01,6.883701885885973315e-01,8.151432582182472908e-01
8.612253813550041492e-01,7.143546466130026307e-01,4.785209213574534992e-01,8.224077339046480528e-01,5.357731803736230924e-01,6.283718397976021386e-01,4.595430354682383256e-01,7.683176203203014865e-01,8.898744006694866426e-01,4.347373348254663927e-01
8.526944358964045900e-01,7.300276245396571939e-01,8.648532455989349499e-01,8.336870100755948698e-01,7.442940421409958152e-01,7.134822597782044529e-01,7.112429020894295295e-01,8.883028236053330806e-01,7.278420886163247117e-01,9.798549160984126871e-01
8.688992407551164865e-01,6.951159258290753318e-01,7.350870148486080558e-01,8.431940619895575972e-01,6.282759393258733338e-01,6.585069436044784785e-01,5.944249881124725743e-01,9.142402727324584477e-01,7.075827917830834757e-01,9.141744255854474810e-01
8.602653738583275755e-01,7.040397056805610676e-01,4.715437880961654282e-01,8.203924051978863652e-01,5.452336167409892465e-01,6.072131052600885370e-01,4.233134492911694857e-01,7.584142333946207737e-01,8.865159954358972083e-01,3.528366975725241717e-01
8.145762047736779810e-01,7.219936954977190791e-01,7.985985773335970705e-01,8.008334640337922972e-01,7.635210820301171486e-01,7.772734053302106094e-01,8.458013515187832176e-01,8.855763421899125465e-01,7.089452085239329460e-01,9.787269515104720652e-01
8.939712313137836430e-01,6.944015528622333733e-01,7.287324514139422726e-01,8.621947246720254032e-01,6.092499349931880248e-01,6.370039178439202976e-01,5.440064266810314964e-01,9.163078972358199570e-01,7.207985475762169747e-01,9.057831929481499067e-01
8.599022244552393390e-01,6.983908306981521097e-01,4.362747081336058597e-01,8.198704276234662913e-01,5.711561353150836906e-01,5.865816915502775064e-01,3.712200515993998029e-01,7.463851017796097054e-01,8.859869530950049699e-01,3.734460095639333677e-01
7.737109708604311686e-01,7.205557497445251869e-01,6.770858062789090193e-01,7.642187505573491135e-01,7.744490278394536853e-01,8.222048195478948163e-01,9.378983609939455235e-01,8.810172239108275960e-01,7.022006376977021347e-01,8.406817857911692560e-01
9.083565248231804112e-01,6.820673912951973339e-01,6.580319778659259322e-01,8.713684517298447840e-01,5.769890940139849045e-01,6.130189111469597218e-01,4.872087124851518514e-01,9.126073318710642424e-01,7.266672145513490833e-01,8.020534624235908794e-01
8.651889787552177191e-01,6.985066897376356332e-01,3.660020496133938317e-01,8.260138533392979987e-01,5.802985237802289475e-01,5.666434239062333456e-01,2.997514469241850943e-01,7.352177164724268410e-01,8.874349740054874314e-01,4.318645546998777784e-01
7.381573564147949629e-01,7.227426759490120922e-01,5.513857729742096536e-01,7.312683734535755375e-01,7.322474229356645825e-01,8.354575445678509293e-01,9.475535883616406085e-01,8.739816127542731072e-01,7.049651303165987981e-01,6.521547220199794825e-01
9.111712426504798845e-01,6.625302531177279519e-01,5.618140458426462702e-01,8.706415637841451449e-01,5.202547656014657740e-01,5.859659027721297875e-01,4.297013902800148610e-01,9.003244446674586454e-01,7.271222433553967690e-01,7.720343499630708539e-01
8.779996376759430232e-01,7.042454776457991450e-01,2.623428753055214724e-01,8.412880594747149665e-01,5.759588015095796765e-01,5.551276697305883578e-01,2.185435795979732143e-01,7.280360929337442721e-01,8.872288995303834191e-01,4.248790907471412526e-01
7.118541619431014711e-01,7.211975432558461740e-01,4.566587099494957558e-01,7.057729721680474633e-01,6.620082169660538307e-01,8.130442301086965307e-01,8.911809304244127095e-01,8.673049419735818777e-01,7.077613853159918644e-01,5.619516409940811252e-01
9.014716283702135513e-01,6.468296157526552959e-01,4.790493233472197798e-01,8.599217424454288494e-01,4.730735832440723931e-01,5.579452751440877600e-01,3.848517302476606727e-01,8.819294603695873036e-01,7.302681431618541774e-01,6.665584658694748699e-01
8.953805741078041391e-01,7.231317649630880640e-01,1.361405495997656534e-01,8.650078555507236810e-01,5.868956725767442428e-01,5.699040368638138565e-01,1.497919550889456608e-01,7.295528475771845267e-01,8.889004244580256398e-01,4.299347500963364710e-01
6.953143247699532514e-01,7.195897838902911570e-01,3.931833255130718907e-01,6.889863226240380278e-01,6.004943810769538537e-01,7.746209154051583168e-01,8.297233022910248668e-01,8.660882584808649032e-01,7.112475096900388039e-01,6.028416134536531690e-01
8.813976273543489004e-01,6.389916645611918300e-01,4.210949655137959935e-01,8.420836709873443793e-01,4.493195626335748649e-01,5.371156649575515862e-01,3.642913209151492082e-01,8.611717064402827360e-01,7.390536921678729776e-01,5.605599724782918125e-01
9.174768276256872745e-01,7.720689215458547139e-01,8.705768618648392076e-02,9.008789543041232362e-01,6.530814112906080382e-01,6.463335357915703794e-01,1.344685280189635290e-01,7.460370432530134543e-01,9.012535370583771854e-01,4.269115072476002415e-01
6.905262316441962422e-01,7.251612737105357365e-01,3.508799173077974953e-01,6.839616006064334064e-01,5.387712199027215876e-01,7.501008541759369708e-01,8.040712280425125202e-01,8.725078609733344370e-01,7.218741925402893944e-01,5.680046958818357750e-01
8.558845406042012716e-01,6.382897246061868257e-01,3.849935373467252564e-01,8.223176392664972578e-01,4.247821387293644890e-01,5.321032569378031374e-01,3.658387092056412104e-01,8.381367836752510181e-01,7.533698158702498704e-01,4.874046640778303963e-01
9.469737437722993700e-01,8.778749530062582851e-01,5.152133574488879653e-01,9.562358058187978571e-01,8.894937800774068704e-01,8.439144512246928853e-01,2.893092878871622586e-01,7.805640912476398130e-01,9.336491338701021769e-01,8.200906786905374224e-01
7.001852556288685747e-01,7.327446907648405006e-01,3.242958318368150961e-01,6.933301967801877019e-01,4.612779275944795532e-01,7.436445982360587736e-01,8.011012629725481338e-01,8.838578766435135625e-01,7.348681735239089852e-01,5.433407416667747070e-01
8.307298908150874128e-01,6.469447836211007496e-01,3.674058379601382041e-01,8.050508611920030866e-01,3.959797188099965504e-01,5.362783513995272866e-01,3.700500239192378027e-01,8.118674135862727903e-01,7.764444260210524584e-01,4.888646078711942899e-01
9.796820136913119148e-01,1.080140819031175203e+00,2.342529342826851213e+00,1.030303736511995583e+00,1.530228904754500574e+00,1.234906228523178662e+00,8.754271638030343139e-01,8.297009421119524442e-01,9.974885057542202116e-01,1.762984976916742719e+00
7.195179773013937741e-01,7.363596559236968986e-01,3.091937498978039045e-01,7.119669991085242344e-01,3.919789366365324379e-01,7.372990005659620927e-01,7.896786108981120877e-01,8.972065629250021157e-01,7.435190385550332071e-01,5.176706522588800929e-01
8.074799023657153185e-01,6.664170682668824064e-01,3.616224294534207684e-01,7.909238259205790822e-01,3.870032131425068522e-01,5.378626905849399620e-01,3.591124778883622581e-01,7.836332186620252882e-01,8.084466756020820544e-01,4.816397545825470972e-01
1.001620475693408174e+00,1.397441401118138415e+00,5.962490718150245783e+00,1.104456529252810570e+00,2.785154150747010782e+00,1.798695072356949698e+00,2.102812842489422795e+00,8.819874729486703036e-01,1.091966519670329205e+00,3.158720494678256774e+00
7.413991579027885415e-01,7.354227981394877434e-01,2.974964232077468851e-01,7.325191645957657149e-01,3.536380155355712263e-01,7.253254297096145553e-01,7.687115855769516282e-01,9.118092122569234625e-01,7.462066753764315941e-01,5.183175055228612660e-01
7.885481095937822982e-01,6.953717135778045844e-01,3.529470115105629580e-01,7.821657576733439532e-01,4.041609095807883190e-01,5.422814829787384605e-01,3.372505075182548606e-01,7.566211765528793043e-01,8.451226257434110156e-01,4.535417805370558497e-01
9.982923942785507654e-01,1.732252056752605851e+00,8.391319918332095895e+00,1.145765822757186303e+00,4.126444990542161406e+00,2.256601405582445707e+00,3.375952796529900546e+00,9.148813557394055440e-01,1.184976953923585041e+00,3.713036614339875197e+00
7.615431341859876246e-01,7.268709713812906426e-01,2.823070365969165274e-01,7.513263102538595417e-01,3.360124183446305257e-01,7.184508284826246483e-01,7.534174359429881562e-01,9.266921733262832861e-01,7.404099026934841676e-01,5.636031266193038958e-01
7.798639011684795896e-01,7.373292001164374332e-01,3.242452364433469625e-01,7.854266986861300204e-01,4.307486384036954830e-01,5.650313045468934314e-01,3.185584122039810118e-01,7.345432297869696203e-01,8.861405075275231580e-01,4.196772328915901462e-01
9.669779583898803210e-01,1.881036496303829297e+00,6.487015033040109735e+00,1.130164310998872823e+00,4.208219037644278515e+00,2.248691060390474394e+00,3.484492153904476197e+00,9.060876416654615184e-01,1.233574636816433756e+00,3.156869243121316781e+00
7.782185678030421050e-01,7.128086806108981932e-01,2.617117168723890330e-01,7.666592265480645096e-01,3.195795541206242762e-01,7.100450390283941093e-01,7.322088400859856350e-01,9.379047810783284200e-01,7.297252810430736591e-01,6.211715500264899381e-01
7.875365070945116175e-01,8.041045295937158111e-01,2.573911430706816716e-01,8.081105122476546221e-01,4.639364524068153584e-01,6.109807674554235124e-01,3.106574842056507024e-01,7.212718711614278799e-01,9.340380087590649527e-01,3.553175462092162395e-01
9.178308393620596695e-01,1.767840781683274409e+00,3.070158847867646479e+00,1.065055261774537687e+00,3.024800724656309114e+00,1.822263578193024980e+00,2.458568319396871260e+00,8.622077263762937260e-01,1.221872140459998146e+00,1.787256465117288418e+00
7.868003762017967695e-01,7.066324572376900814e-01,2.399900303873136187e-01,7.739959566527402357e-01,3.085654657456409766e-01,6.861855805632985916e-01,6.883302662723810306e-01,9.432402877305564592e-01,7.273586067060050508e-01,6.423388279189504724e-01
8.120902253781675517e-01,9.159991411833597885e-01,1.317595529770176910e-01,8.539109233526144260e-01,5.339964265749326255e-01,6.931009261861496018e-01,3.411025754793635678e-01,7.228008449907107336e-01,9.924329992326444971e-01,4.100864722693374764e-01
8.651091887046428175e-01,1.509729145710096754e+00,1.112886934435165953e+00,9.803237998438508738e-01,1.778420772655277649e+00,1.331769120278294638e+00,1.403378731367114662e+00,8.116871886969874161e-01,1.164892796250230234e+00,1.084947007674256669e+00
7.849341381147623142e-01,7.124160211990783198e-01,2.215546925568013803e-01,7.714425040727782568e-01,3.072881837454481957e-01,6.550107221053476092e-01,6.410224389141908619e-01,9.441557532818983800e-01,7.354946618254046831e-01,6.174282590873736432e-01
8.540131213743454852e-01,1.108437322683131221e+00,-1.159280081464398801e-02,9.292272310098412813e-01,7.378244651126959486e-01,8.707684947907056161e-01,5.027869968420681790e-01,7.484711782476405340e-01,1.067213664756986313e+00,5.295390993768426258e-01
8.197473517190215775e-01,1.243226092390989468e+00,4.559010060108717455e-01,9.028096464500291463e-01,1.009333104019722649e+00,9.964962396354705154e-01,8.113790359679408093e-01,7.732703760060130049e-01,1.089810759300928522e+00,6.955504757446745456e-01
7.741001056295674365e-01,7.252453076454735692e-01,2.080221679523073519e-01,7.613917208325465813e-01,3.083998204608749960e-01,6.372319147205480760e-01,6.212321715255232357e-01,9.406836281033634783e-01,7.490755578436849582e-01,5.980239207458101225e-01
9.192731728759702126e-01,1.440558389210665480e+00,3.084949957171468915e-01,1.048605951679602688e+00,1.402989484681448351e+00,1.256093324150693524e+00,1.028657496676268046e+00,8.104088815224795850e-01,1.168629794907374286e+00,7.735563079951222054e-01
7.888498264820180683e-01,1.029454200253325347e+00,3.047198633163389903e-01,8.457845237726783205e-01,6.383917120303104209e-01,8.099330735754468602e-01,5.705721762681900122e-01,7.504530855735620509e-01,1.017430880233252122e+00,5.299166874565636176e-01
7.570394961643601706e-01,7.479332255560390275e-01,1.990212705406063376e-01,7.468520257006493468e-01,3.073441047374046997e-01,6.340587122781295992e-01,6.304934383460438774e-01,9.290248215792977771e-01,7.728479317738451426e-01,5.163994536595426510e-01
1.010545398145378915e+00,1.960140318939005644e+00,3.193814888870925905e+00,1.220587545279816055e+00,3.298598679250288601e+00,1.998766915181614756e+00,2.303689978632143198e+00,9.169349470930323598e-01,1.300735761147992608e+00,2.001609903797409551e+00
7.722438755911866792e-01,8.729745283121752575e-01,2.822796938359144470e-01,8.081392983160998744e-01,4.746536612324201432e-01,7.028810137266927605e-01,4.851747201468797899e-01,7.399933488622981725e-01,9.519781833133623694e-01,4.396008887075523730e-01
7.361892931474335322e-01,7.834064175763584270e-01,1.952785911390022833e-01,7.292713802080399432e-01,3.097551423072141819e-01,6.333392298546136612e-01,6.430357334756223731e-01,9.078241705403294892e-01,8.097266306017142368e-01,5.224192877176571104e-01
1.112141372176448595e+00,2.538185656493637143e+00,1.195400874810782099e+01,1.411525688232989184e+00,6.724585087302206610e+00,3.050480932378744736e+00,4.302093510119640030e+00,1.054367219125404320e+00,1.427951918220725425e+00,4.723883186979680460e+00
7.644261597811009556e-01,7.606925818148252416e-01,2.770161052903867827e-01,7.821095608435421065e-01,3.922142140013031297e-01,6.314388325649317180e-01,4.492477324936046679e-01,7.389869660149888109e-01,8.900307255262110973e-01,3.955726626947794200e-01
7.141816897505391948e-01,8.243559989794995158e-01,1.981013626494176338e-01,7.108499763419007245e-01,3.200721563268137393e-01,6.337566789661097655e-01,6.427974725531236944e-01,8.807111200839526921e-01,8.493794364141059594e-01,5.296171724915218482e-01
1.185148620335276570e+00,2.672482796041873332e+00,1.995813321387664985e+01,1.522581862789276430e+00,8.431425507237971573e+00,3.657923594051612604e+00,5.277512388322125325e+00,1.158202379405770976e+00,1.444932491843848199e+00,6.826525964952777414e+00
7.617754608354155854e-01,6.792725442264436753e-01,2.667657200747638457e-01,7.630335752917457581e-01,3.440154442832092374e-01,5.813207924686573103e-01,4.232679884346970400e-01,7.456748461825724039e-01,8.292291766422335009e-01,4.309326422254928235e-01
6.963826574741146525e-01,8.666904399963710759e-01,2.094571942419078681e-01,6.969309163569457066e-01,3.467730159519927802e-01,6.418967314730650298e-01,6.353441861184928596e-01,8.523739562925196633e-01,8.854237857774326370e-01,4.983504048019409827e-01
1.193795446406919147e+00,2.036415637866351602e+00,1.289481877919631003e+01,1.469560008282241093e+00,5.326353303317794996e+00,3.002928818546175993e+00,3.680472913595124851e+00,1.144503011844450580e+00,1.290461021662448138e+00,5.277979217534286782e+00
7.629741639099743011e-01,6.218666940419882438e-01,2.510899108635764598e-01,7.491429943921515955e-01,3.255461780005327044e-01,5.430024799992825280e-01,4.025534976696009126e-01,7.586406349404098970e-01,7.741901697576166752e-01,4.427911643362913985e-01
6.878224380837810736e-01,9.132633015871232107e-01,2.350883399067441037e-01,6.928233852256445724e-01,4.102093385377433843e-01,6.604285074521785148e-01,6.357789666703368425e-01,8.265643386683984017e-01,9.193471126893454359e-01,4.542451456947211863e-01
1.141784715307253562e+00,1.171565160651891757e+00,1.343331730554556236e+00,1.296407285318540437e+00,1.353227556206968885e+00,1.776792783375293450e+00,1.474886931825613257e+00,1.020589795989486070e+00,1.058377797965630140e+00,2.147735829680048170e+00
7.656134142506211271e-01,5.865277905443005979e-01,2.331213552690530599e-01,7.374814232230462174e-01,3.253841098459218650e-01,5.103066506323501450e-01,3.912765724759389996e-01,7.763013236848342880e-01,7.319749135780426741e-01,4.254568159511127323e-01
6.911290194718162638e-01,9.641054093660165192e-01,2.857420856677600485e-01,7.007021982437876551e-01,5.205901619234527544e-01,6.877654599224924947e-01,6.619765866878970506e-01,8.078283489352495739e-01,9.480799287575104595e-01,4.677411601616575654e-01
1.065018795100826088e+00,6.093863855762582382e-01,-2.550993762156975819e+00,1.111294084763255530e+00,-2.953797156266833590e-01,9.615096602118656799e-01,3.809297093067995910e-01,8.748443441119753139e-01,8.573414422200573703e-01,-9.037176806913900518e-02
7.661393664682001337e-01,5.709310161878830003e-01,2.155910751268766412e-01,7.248946005936262038e-01,3.239849783515230675e-01,4.828282821366471911e-01,3.899686869174059933e-01,7.988560361506812368e-01,7.054826309911145232e-01,4.006028688695664197e-01
7.044059916885037076e-01,1.018498397778910158e+00,3.807986591514918584e-01,7.186378360454553915e-01,6.643771087452347013e-01,7.251738000951875041e-01,7.207783644717956628e-01,8.019708748042224666e-01,9.678423916359629731e-01,5.639154316953137736e-01
9.926463751492791143e-01,3.545445238052281067e-01,-2.141278836530966068e+00,9.698542392527504941e-01,-4.243462741267529093e-01,6.248982517670212955e-01,9.890699908633800164e-02,7.610331625486024265e-01,7.137608671585994324e-01,-5.412208995353537944e-01
7.643947660979767411e-01,5.714958645316755570e-01,2.016459320197135918e-01,7.121455443733336610e-01,3.173923173812761567e-01,4.626147793294466681e-01,3.928587098709028225e-01,8.266027003125895334e-01,6.927279495067043547e-01,4.365196771755859850e-01
7.276845345385587471e-01,1.074802483598592318e+00,5.484306501948784662e-01,7.464882080422726718e-01,8.299578812863863675e-01,7.768162177085518039e-01,8.048968554676884102e-01,8.129579706157805674e-01,9.795370670101991584e-01,6.750701206575241420e-01
9.358995266060408103e-01,2.620198823133464971e-01,-1.134732936682122828e+00,8.755077371016908305e-01,-1.856431348688082350e-01,5.253126931160663204e-01,1.125911809533470115e-01,6.841183281510759828e-01,6.198027516776445367e-01,-2.555820304276264499e-01
7.604844985926512146e-01,5.871403597833028121e-01,1.950176016913724719e-01,7.003549795846299997e-01,3.176722032102670679e-01,4.543791934865679116e-01,3.995507057801779283e-01,8.562840667353354140e-01,6.946501895532146698e-01,5.147424100303205075e-01
7.611234289712394130e-01,1.120618750804812880e+00,8.138717106200258344e-01,7.831786430816488620e-01,1.016157984935414760e+00,8.464848462024324727e-01,9.076377486618902868e-01,8.406437782958086080e-01,9.828796743149520454e-01,8.404362122973945137e-01
8.950839450551767440e-01,2.333828847281215757e-01,-4.099630877996880418e-01,8.151311411066837209e-01,4.355518854792044675e-02,5.172348532195280013e-01,1.934852242364469566e-01,6.343916968975115145e-01,5.582422965040484408e-01,1.613902980959247557e-02
7.542359936650470109e-01,6.174961560025075125e-01,1.976257299628519926e-01,6.895414476483934241e-01,3.242461315523777476e-01,4.626468928350087051e-01,4.198963534520240848e-01,8.809067482759369572e-01,7.123629191043220343e-01,5.601016655990752602e-01
8.009750923497664932e-01,1.132928166773292888e+00,1.138850334398953335e+00,8.212104168396477943e-01,1.142660068578410515e+00,9.226709038986891098e-01,1.018166594795312463e+00,8.801438459805682735e-01,9.728874004650562846e-01,9.721255773154017232e-01
8.666809109973503400e-01,2.262646949491362580e-01,2.939485741784591058e-02,7.756552257175111098e-01,1.994683804302889996e-01,5.422598239039592150e-01,2.823240831701626652e-01,6.025633073126548389e-01,5.117714498162434511e-01,1.079498029277264348e-01
7.455868106265473028e-01,6.582320028775963117e-01,2.110888945309093712e-01,6.791461933698450526e-01,3.294965903777354876e-01,4.826603642138225791e-01,4.535155309041319360e-01,8.950076808090262626e-01,7.394018022093036269e-01,5.812881325990378878e-01
8.385891820925664986e-01,1.088962534674982052e+00,1.352064071111408250e+00,8.474118397435210781e-01,1.091234578055356064e+00,9.716741409960315545e-01,1.092217922002855168e+00,9.232581505493867580e-01,9.426563834223926630e-01,1.233477470930443243e+00
8.472662986061831880e-01,2.269493136509515008e-01,2.764526979530816941e-01,7.486664418851050051e-01,2.795400347365574190e-01,5.715259953639769686e-01,3.602006282152088734e-01,5.825019280524877940e-01,4.744434368225854959e-01,1.917521601504923456e-01
7.362928498368127572e-01,7.036090083726393996e-01,2.370463355235969405e-01,6.702675690761138450e-01,3.377124531234391713e-01,5.001734952835760195e-01,4.783522493788650576e-01,8.958779102585056053e-01,7.685032160188672856e-01,5.507565022562744828e-01
8.664399689650478242e-01,9.761828648518815488e-01,1.254408426596205439e+00,8.524796473759573834e-01,8.851301661246206987e-01,9.589516224445424619e-01,1.046624264398422932e+00,9.561080970638116128e-01,8.873552950857842569e-01,1.397007500751136222e+00
8.345927767455944002e-01,2.296170612871530625e-01,4.020860325489395981e-01,7.296804886301282433e-01,3.215665090053007602e-01,5.905715867823552179e-01,4.076150053363311043e-01,5.710815310568589931e-01,4.466494343627509522e-01,2.245232091697242638e-01
7.276351881360805240e-01,7.480194233732480047e-01,2.757152229589828751e-01,6.637476781799754866e-01,3.639212589745600135e-01,5.070456997438151925e-01,4.689451187656183961e-01,8.819812375291957718e-01,7.970915564506847462e-01,6.300767362669534855e-01
8.777471211911809235e-01,8.136675043421197628e-01,8.686433488211294796e-01,8.330039207594122086e-01,6.453706311244413740e-01,8.882923756720380037e-01,8.833190453513053431e-01,9.616778789070008493e-01,8.146061303733062031e-01,1.327423588655017639e+00
8.260767894009328760e-01,2.298964564473363614e-01,4.485734918493881063e-01,7.150216947038352533e-01,3.501592601170147034e-01,5.986036699477130796e-01,4.195031164706592985e-01,5.671839327828525068e-01,4.270687604515941982e-01,2.215449321861696352e-01
7.204715264941924380e-01,7.829003854325350398e-01,3.228285053614819433e-01,6.594732716600349987e-01,4.137709802866795239e-01,5.004960992866863689e-01,4.243303792817594289e-01,8.556299840327148409e-01,8.208461841658489799e-01,6.657662233862268186e-01
8.689369535964657221e-01,6.450047170211892222e-01,4.500968145954688526e-01,7.929792513377706964e-01,4.458427039236781964e-01,7.933770212037478675e-01,7.003966489258677264e-01,9.324017021509565240e-01,7.362434108769426722e-01,9.486204293574556079e-01
8.196694884527171432e-01,2.265904559916270544e-01,4.321731845028002894e-01,7.021855592094502496e-01,3.590793012711051557e-01,5.976879230887824912e-01,4.143632229189589955e-01,5.708722848087071089e-01,4.158489441377434814e-01,2.355180376740550197e-01
7.150454755945344631e-01,8.041145573431305316e-01,3.677943838612195426e-01,6.566430472410295094e-01,4.706777668779729140e-01,4.749158722452357373e-01,3.695147072340889127e-01,8.244512249293335371e-01,8.357013655831504462e-01,6.238614780136446658e-01
8.452665500143806687e-01,5.073461574729394297e-01,2.074609145140857702e-01,7.450690889959173946e-01,3.305195514689057146e-01,7.013554313922822914e-01,5.718445860123587687e-01,8.781000510307864770e-01,6.621926973619328693e-01,6.161930429016184707e-01
8.156116788570452192e-01,2.215102647421546833e-01,3.611759121906644165e-01,6.916788964333547840e-01,3.477983558116383711e-01,5.897060948820744830e-01,4.132950446169492142e-01,5.838946278259502520e-01,4.167525830256906261e-01,2.063373538024506904e-01
7.113077886187456622e-01,8.173762828002139047e-01,3.989838656588235999e-01,6.549431174076207895e-01,5.131335155525038605e-01,4.355263993875124751e-01,3.304373686903608887e-01,7.964822106613222985e-01,8.455630811967038696e-01,5.519997961969109745e-01
8.166759536195011826e-01,4.129369733127910003e-01,1.436522969140651973e-01,7.024258136104098993e-01,2.930877454028423812e-01,6.282191712992021282e-01,5.025407157460123342e-01,8.127544036053766519e-01,5.999246596842504609e-01,3.525736947900784402e-01
8.158746716016388456e-01,2.147364849589010749e-01,2.444171337442781478e-01,6.861566098830056415e-01,3.162126313950536227e-01,5.846435565488865560e-01,4.171753862141396318e-01,6.090762169406704896e-01,4.294050358066187068e-01,1.374606032456103244e-01
7.099246389454234585e-01,8.245691191112435314e-01,4.103155578763454381e-01,6.552642999079927311e-01,5.299449142360431741e-01,3.980086315998398461e-01,3.070412991854392093e-01,7.757461656843613884e-01,8.525505397234879323e-01,5.456296690843355224e-01
7.899784932593351128e-01,3.523112872099816162e-01,1.708680596825834785e-01,6.706277307349765016e-01,2.952462382807488073e-01,5.832671373573835583e-01,4.739800443418614173e-01,7.463708024407870179e-01,5.502038352984977010e-01,2.270794957421059246e-01
8.222961151745326047e-01,2.045189773478059136e-01,8.369220100082155889e-02,6.884557650441843757e-01,2.570635398474558908e-01,5.993475999608198768e-01,4.209500249109098258e-01,6.502943683554583965e-01,4.520104351854029034e-01,3.497658973332953836e-02
7.101592248262240670e-01,8.220002500535802392e-01,3.995376083145787960e-01,6.567126520366531883e-01,5.182813473495779810e-01,3.708503397699577375e-01,2.865038024591602950e-01,7.636747118012856550e-01,8.537953179076059884e-01,5.342719386154496375e-01
7.688889677540804435e-01,3.106317670823969257e-01,2.242709430852354302e-01,6.500124308787510463e-01,3.058986859157772353e-01,5.630155015553441888e-01,4.652711002592659906e-01,6.854865161800393070e-01,5.070370874381520121e-01,2.051180420442730579e-01
8.388531536154130164e-01,1.989579185362285174e-01,-1.204859214457406485e-01,7.042282438168148140e-01,1.779924682037588302e-01,6.606076522972422760e-01,4.477490902439461018e-01,7.130814109306615745e-01,4.912860712378546157e-01,-9.256573258552483474e-02
7.107279986123545834e-01,8.139866506443835803e-01,3.644734105680702552e-01,6.573607238448845314e-01,4.787222373547942444e-01,3.557698018579689148e-01,2.710573355141366325e-01,7.608591516989258174e-01,8.515953290767042105e-01,5.227766355587262215e-01
7.571429402001331743e-01,2.806483297906623986e-01,2.731803286975167389e-01,6.405603460357973677e-01,3.167064606371927660e-01,5.590244997566568008e-01,4.667147931825234020e-01,6.336744534407231511e-01,4.702309648191798086e-01,2.295646237664206724e-01
8.710342463888718356e-01,2.293249788137460554e-01,-3.338669154824377983e-01,7.433471751606933742e-01,1.057651684632870681e-01,8.170179358137825698e-01,5.717178991380423847e-01,8.056619230375022811e-01,5.619907141219029345e-01,-2.149022372358798047e-02
7.100328251648313493e-01,8.088316430377542332e-01,3.100309992617985011e-01,6.556416436846519424e-01,4.266000073723605346e-01,3.544275855214875648e-01,2.745247906176905284e-01,7.677080210138136351e-01,8.514502280708563520e-01,5.571228280442310776e-01
7.547126494427974785e-01,2.572256361487162968e-01,3.048425212286854924e-01,6.406309432919203850e-01,3.243269184747342160e-01,5.644223541527753074e-01,4.774463836949069950e-01,5.915223162119948030e-01,4.425710200528188420e-01,2.409248174897833383e-01
9.210077914663753473e-01,3.607102448457633614e-01,-4.171097014945262527e-01,8.173329598601625223e-01,1.007817252950437420e-01,1.129062078690505011e+00,9.005902045473993534e-01,9.335773528517186115e-01,6.797214593546961892e-01,1.779238679493221620e-01
7.063454225108168893e-01,8.024116125539362265e-01,2.497095920934935542e-01,6.503284322652026495e-01,3.730689120510196632e-01,3.640323694640580365e-01,2.949830745802713983e-01,7.824145026489096599e-01,8.496809885564766684e-01,5.288963497747719567e-01
7.582704695021418306e-01,2.319812909682517077e-01,3.100782913116444384e-01,6.466063167068752948e-01,3.167673321292476807e-01,5.691014996399901271e-01,4.812596631049909091e-01,5.586919924752055122e-01,4.209413090740842800e-01,2.159712346219646306e-01
9.818018840342674913e-01,6.887639734926169766e-01,8.024446904947496462e-03,9.317241955418712474e-01,3.115752816260325964e-01,1.576213166465598503e+00,1.446637751513988324e+00,1.083599374656363024e+00,8.548649777204195832e-01,9.715015358411352997e-01
6.961979537630936798e-01,7.881342531253029415e-01,1.966520249792590158e-01,6.387034642076039326e-01,3.273867248352396730e-01,3.784190661941391753e-01,3.172455022808988723e-01,8.015760203770856407e-01,8.425534623215542585e-01,4.783155914001940290e-01
7.652114910378844392e-01,1.986359553975158287e-01,2.692073588452535415e-01,6.557723940782255179e-01,2.919984256566286462e-01,5.625903955586808447e-01,4.572141416004318337e-01,5.348646234109518671e-01,4.040043264498856534e-01,1.861958725653010682e-01
1.038049794692446515e+00,1.241913779340793056e+00,1.394054268405211294e+00,1.073199958725715053e+00,9.383433479534484256e-01,1.937921701336320357e+00,1.913086284329093223e+00,1.209641679039375584e+00,1.070633587649285401e+00,2.529948068405159400e+00
6.803455285423273269e-01,7.698161089982906713e-01,1.573403429814583532e-01,6.215827665750830455e-01,2.983129308855825834e-01,3.947592265904868447e-01,3.341370068099057677e-01,8.215096408106326020e-01,8.342028515663270083e-01,4.175957259871412308e-01
7.770573417416773987e-01,1.541310075425619541e-01,1.458390235912688515e-01,6.694772990046912176e-01,2.461539381975582363e-01,5.445932406639378831e-01,4.067494259061466000e-01,5.199568958215879944e-01,3.977607553687931286e-01,1.159964161951253098e-01
1.071074531684641729e+00,1.815013451541491962e+00,3.261068774224722855e+00,1.199438331455989326e+00,1.933210083322896455e+00,1.952593465391436744e+00,1.955672478252931779e+00,1.250316963440369022e+00,1.260786246852622305e+00,3.822742487922253130e+00
6.632150122112328017e-01,7.514168527302638179e-01,1.330934369729352973e-01,6.037172710069399484e-01,2.851319797447461335e-01,4.097422639125632426e-01,3.531873421013982384e-01,8.385894532732161011e-01,8.266061593374911531e-01,4.319773083433551819e-01
7.954963362226001866e-01,8.937890637664175353e-02,-1.185746586189010132e-01,6.905604084998335779e-01,1.361970000699056771e-01,5.138819101307526838e-01,3.452614600375097376e-01,5.146891701477528391e-01,4.043449517168415941e-01,-1.383944313750343214e-03
1.068271559072228039e+00,2.081352866866147178e+00,4.079426060041486224e+00,1.259690850960923481e+00,2.593957271789353758e+00,1.637039329809532262e+00,1.673578889225107780e+00,1.183193525555887415e+00,1.353087262548841929e+00,3.135070422142095303e+00
6.477101719314453110e-01,7.270248835805508403e-01,1.217524502783103174e-01,5.887527671975324450e-01,2.740466257419487128e-01,4.162224976475953908e-01,3.754614561112910587e-01,8.462760100234490990e-01,8.135688389157168521e-01,4.291833992409806453e-01
8.226552268505772370e-01,-1.643324976612530949e-02,-6.393629514762232402e-01,7.234953792134531936e-01,-1.003768738898566520e-01,4.544107014751879170e-01,2.588428258564946516e-01,5.216902631921910283e-01,4.194441179184115187e-01,-2.043912659830410539e-01
1.032080391856248225e+00,1.941091559576198611e+00,3.399980327027782412e+00,1.237356247679827659e+00,2.384179336211826428e+00,1.223320357106292722e+00,1.309477143997846760e+00,1.050528001537100575e+00,1.325885067747837986e+00,2.161358086509478582e+00
6.351181257441645966e-01,6.924256249842446476e-01,1.199798883520149240e-01,5.783234053124970409e-01,2.647024900661898994e-01,4.114708922091969701e-01,3.926487191299902202e-01,8.383924435925881324e-01,7.917780717916891309e-01,3.967729196144926807e-01
8.651110385040385875e-01,-1.858877376096239875e-01,-1.659547372884377259e+00,7.806185810690633442e-01,-5.495177754264496395e-01,3.568272412392291537e-01,1.183311536298536498e-01,5.504510511983090604e-01,4.547966788237280955e-01,-7.403441280766410726e-01
9.777187899361535761e-01,1.582500159824767438e+00,2.179655349227940686e+00,1.157138207556712928e+00,1.769447621774127954e+00,8.992661763121039264e-01,9.888732954494656724e-01,9.141851662511270016e-01,1.217678928857371945e+00,1.212648374981216248e+00
6.310797903923678343e-01,6.538718857918228711e-01,1.242500110499289850e-01,5.772776570397087914e-01,2.662045758560540043e-01,4.015898927094724291e-01,3.984937376099139672e-01,8.143031116436673100e-01,7.655071937056264764e-01,3.308884742647422161e-01
9.394753087230430788e-01,-4.051375228170460696e-01,-3.625177996081919485e+00,8.952155468315498021e-01,-1.447706666793968200e+00,2.714028878101595876e-01,-3.662648276506335482e-02,6.288479939765120319e-01,5.563810126550684521e-01,-1.994174728364773497e+00
9.212899134849679150e-01,1.229776323616674327e+00,1.220248480867924812e+00,1.056127735024290581e+00,1.220223950347576913e+00,7.018711246915054769e-01,7.613982562185794833e-01,8.077042800218197094e-01,1.088050477120898751e+00,7.249015255546782388e-01
6.403296711210122449e-01,6.199587586066367395e-01,1.323080677943306860e-01,5.899858432350948423e-01,2.786366065168868755e-01,3.958234713328815935e-01,3.985300740462321967e-01,7.788049658744047310e-01,7.407781495090206558e-01,2.800904230125162431e-01
1.070823895397942538e+00,-4.513701204438516634e-01,-6.712313405335974537e+00,1.141490635950880517e+00,-2.931945844356986353e+00,4.850736057002861257e-01,1.257556293144563020e-01,8.349912561252743615e-01,8.265359712626177968e-01,-4.211317060355441733e+00
8.686615328899814914e-01,9.666926961226858239e-01,6.706630239013647854e-01,9.564965841146326753e-01,8.285865202649522754e-01,5.862883166941076363e-01,6.182220722376912114e-01,7.365047262072476064e-01,9.682710086142531924e-01,4.683038597970802241e-01
6.599408869669149968e-01,5.933774266707061429e-01,1.441487253193666218e-01,6.149901827604506988e-01,2.937553280231534614e-01,3.981885441496447742e-01,4.029714672471931269e-01,7.381275452571116613e-01,7.200925959589382641e-01,3.012001819131471803e-01
1.286012703862174034e+00,7.092947246542794515e-01,-6.314984376584368952e+00,1.657685087517237976e+00,-2.511219657538703576e+00,2.092938124812599998e+00,1.749299625370886790e+00,1.346761066674459828e+00,1.472194181011214020e+00,-4.653502788859828598e+00
8.185066485803894620e-01,7.867696085499595871e-01,3.999204359431070555e-01,8.645669714994590471e-01,5.805609020788494723e-01,5.121514250517343880e-01,5.337409059418311008e-01,6.943420857824432746e-01,8.643413148887238995e-01,4.085168099536023445e-01
6.856135716385095558e-01,5.767434994901169398e-01,1.628334804137780978e-01,6.496688503590845043e-01,3.133771481338925025e-01,4.080012209797508893e-01,4.165673454517195839e-01,6.996822238646783765e-01,7.077682968978160627e-01,3.272326047636155422e-01
1.568753564196180950e+00,5.140214398474180157e+00,1.784359839431710526e+01,2.525446734326505460e+00,1.077283626519343329e+01,6.873604699671653329e+00,6.514290467465871259e+00,2.323282467622621361e+00,2.660982047048175758e+00,8.119697657122015855e+00
7.705915002744240239e-01,6.719892749269660293e-01,2.746240748991766178e-01,7.824551958330495660e-01,4.432243648182124796e-01,4.637469460068069926e-01,4.861235284438463200e-01,6.747449577587523173e-01,7.843168908086377566e-01,3.736586652385347485e-01
7.179938352102240851e-01,5.792435060963349036e-01,1.953766944725086885e-01,6.961782052451263025e-01,3.503216788580972851e-01,4.270398909510204066e-01,4.389805739285989050e-01,6.710198802978905031e-01,7.139490363952367691e-01,3.318246220780539102e-01
1.768172666089038225e+00,1.037172030570962988e+01,5.882150613210450985e+01,3.256344391342711919e+00,3.580609267349954195e+01,1.172671684342119569e+01,1.105686079509400876e+01,3.206614219913815234e+00,3.699634188620499309e+00,2.959418206369792159e+01
7.291114499455941811e-01,6.038091826476229551e-01,2.170816832878386948e-01,7.144912847722959537e-01,3.722394123918326692e-01,4.340358264061758287e-01,4.548657608345795800e-01,6.733979915163663676e-01,7.290578957494636692e-01,3.247925723715072155e-01
7.594408538021770738e-01,6.126564376311178783e-01,2.563539424361634400e-01,7.592961982842517665e-01,4.109013919201732201e-01,4.606798894820899881e-01,4.660652905281047476e-01,6.581555596549147902e-01,7.473619430052022006e-01,3.124704124111625236e-01
1.690359505373712601e+00,8.020006218906916118e+00,3.716133652438543322e+01,2.982526538928149229e+00,2.392185052336982665e+01,8.962540467635015773e+00,8.096002795326819879e+00,2.863691818515814003e+00,3.312743445301440381e+00,1.929042491092807055e+01
6.954564239834587491e-01,5.628551174253103584e-01,1.888492362157673243e-01,6.613985272902633827e-01,3.356028611266821948e-01,4.172937313579396790e-01,4.314939366773835050e-01,6.870682167426906961e-01,6.884219188542752832e-01,2.897708931509908603e-01
8.089541808930652556e-01,6.917062154799504814e-01,3.790387232631096115e-01,8.419813901459012317e-01,5.057098491198226409e-01,5.167448871847976077e-01,5.050259802263650233e-01,6.662054473383668407e-01,8.124277037897237319e-01,3.193110379773193563e-01
1.403879518269464555e+00,2.149445098957503575e+00,-1.477974418678043245e+00,2.032115219836003295e+00,-1.171500215435199665e+00,3.342378961981241847e+00,2.886903137188826296e+00,1.744977334623494691e+00,2.045154325034525211e+00,-3.002944726802215136e+00
6.685924723947713755e-01,5.372133153323155330e-01,1.735030040918636995e-01,6.210847017451249785e-01,3.198034737389372495e-01,4.103154415015098366e-01,4.205139278833601169e-01,7.108578455537158947e-01,6.564704935877174741e-01,2.872520034557343171e-01
8.672127691111644054e-01,8.462506233983684290e-01,6.390121930194144761e-01,9.493308702999977422e-01,6.672397928716362614e-01,6.072733401303427314e-01,5.800924576793150544e-01,7.022977961429107685e-01,9.189892836246720265e-01,3.823810364386552862e-01
1.120639153739724669e+00,-4.502775386150701942e-01,-8.155817249744339748e+00,1.268234112637836031e+00,-5.726224845714924072e+00,8.061614478547086682e-01,6.862180595778436532e-01,9.471270947658045891e-01,1.104948880446118942e+00,-5.456940733729102710e+00
6.506877172405924892e-01,5.225019084978427264e-01,1.662634387074618247e-01,5.939091478803391055e-01,3.178815664167430888e-01,4.105641870702684271e-01,4.254126561826627739e-01,7.388933629591806218e-01,6.339252145376739200e-01,3.249784861901387489e-01
9.388590546697331840e-01,1.135386817099931500e+00,1.187877611134505296e+00,1.089827086805579937e+00,9.624107759990060407e-01,7.546864986361032646e-01,7.310848398356363242e-01,7.801853692034225185e-01,1.085383517873861781e+00,5.801718792049684881e-01
9.269771620183953065e-01,-7.330062269886078452e-01,-4.917564128175913929e+00,8.653177610192969160e-01,-3.552966278415379264e+00,2.690635588069867357e-01,2.307796697596113111e-01,5.963465651943381518e-01,6.718511126809365575e-01,-2.571223509678382868e+00
6.477062662539164739e-01,5.148146718187164295e-01,1.663530668896608944e-01,5.834601615733201463e-01,3.173701110953420224e-01,4.142091073726623662e-01,4.387266250414457169e-01,7.647176382904319336e-01,6.175870623696226858e-01,3.372172730782453942e-01
1.028749553431816510e+00,1.626508321640172117e+00,2.231514113868924287e+00,1.268076548102978096e+00,1.493654828031778736e+00,9.981873972430732600e-01,9.982055248983368045e-01,9.217584644878017430e-01,1.313693849963280424e+00,1.126012422886835340e+00
8.076056193779070913e-01,-4.589858688499152128e-01,-2.347227979910627482e+00,6.754769441228829496e-01,-1.672599552572657577e+00,2.666838693992223397e-01,2.198061043316837382e-01,4.701080388176645530e-01,5.119940968397225234e-01,-1.143086058589013687e+00
6.600950757048950068e-01,5.133512364706628306e-01,1.733305380635009052e-01,5.886971141138890307e-01,3.143353201014063569e-01,4.220855184140074323e-01,4.539664169017456063e-01,7.813146986937078431e-01,6.063659461823849295e-01,3.592337153556521834e-01
1.129743814296771953e+00,2.300786684313522734e+00,3.749137130635471937e+00,1.461107512148376308e+00,2.401367453318352219e+00,1.387719973563729559e+00,1.407222575917126406e+00,1.149063074033911391e+00,1.563823076625581621e+00,2.272616495572229667e+00
7.299484505404827406e-01,-1.911094235895075821e-01,-1.026334786186755110e+00,5.808598303789271888e-01,-6.731818113287295624e-01,3.331557723886875988e-01,2.569486950760896393e-01,4.298870783761243874e-01,4.580136602072658603e-01,-4.972299691394382881e-01
6.827385060782401593e-01,5.183817764268138228e-01,1.873490382447662306e-01,6.047847121922171887e-01,3.093300362192171749e-01,4.356968682528981618e-01,4.753118778472077421e-01,7.823380910999429005e-01,6.021460847456713283e-01,3.672960105122772267e-01
1.215337129087534995e+00,2.863234804113909959e+00,4.819687046638005512e+00,1.592384768903084336e+00,3.546672188475621379e+00,1.904896401596298583e+00,1.906617103945457137e+00,1.441216360275746622e+00,1.732987100569570060e+00,4.560783119588005974e+00
6.742209788513342517e-01,-7.637418148639778422e-03,-3.777334087296948528e-01,5.264451907082573490e-01,-1.780139201193237930e-01,3.840286232785730669e-01,2.822379854662415144e-01,4.202025611283799478e-01,4.412336224773747984e-01,-1.590513571041156926e-01
7.123801997375012185e-01,5.276571977545444492e-01,2.101231667853106222e-01,6.285902800875220464e-01,2.937544063187763621e-01,4.469640747919595980e-01,5.070707168560011358e-01,7.672956220618601941e-01,6.035829674159786107e-01,3.864159979419606317e-01
1.241048221792910633e+00,2.727385740629243216e+00,3.826862561123053119e+00,1.546665958604052094e+00,3.795756948916836127e+00,2.287750904183838419e+00,2.217589925433503417e+00,1.670039135137001196e+00,1.675280433596118668e+00,5.418704896346032918e+00
6.325624815674509849e-01,1.064109137757435347e-01,-5.590573811758602768e-02,4.909556982735336361e-01,6.105892118612892688e-02,4.125102315658901730e-01,3.049508548462268043e-01,4.214771617673023774e-01,4.359750962899363036e-01,3.251424904278902434e-02
7.472716438098355729e-01,5.405404108285898346e-01,2.419952857108316480e-01,6.582731679494936428e-01,2.613023314912280570e-01,4.460137150218332902e-01,5.458321336531510859e-01,7.414504830978118077e-01,6.096087188085346220e-01,4.513151210177050454e-01
1.175357481231964707e+00,1.738486697156212513e+00,1.116641475936049455e+00,1.287183920886732169e+00,2.197511624999422430e+00,2.150257470267623816e+00,1.960071545705960760e+00,1.648002498954801220e+00,1.353010408225614469e+00,3.614337402415486178e+00
6.020949798829414723e-01,1.741583374291352515e-01,1.042252079423456324e-01,4.662678099223259154e-01,1.663211086679824424e-01,4.244212002571908782e-01,3.239319991682572675e-01,4.276433717845533611e-01,4.333327917394039219e-01,1.308859082005913443e-01
7.831083024677278903e-01,5.602941342568784622e-01,2.776314589531576615e-01,6.900255029982476085e-01,2.299287225601692186e-01,4.364531905959943558e-01,5.842891170099437925e-01,7.110886072323122642e-01,6.226548435954741834e-01,4.815364852029188070e-01
1.031938059506427141e+00,6.377371368608026891e-01,-7.959607915323845262e-01,9.347322509475423091e-01,1.921931886729403294e-01,1.543888248787959938e+00,1.271673876405249537e+00,1.352024155387205440e+00,9.489228588916276408e-01,5.248835600057575324e-01
5.794384882415571925e-01,2.146214800225828556e-01,1.786565772035200172e-01,4.476814300730106999e-01,2.192295209020756475e-01,4.265879569966046780e-01,3.338421947373961807e-01,4.375964419352206258e-01,4.335656875158940271e-01,1.621890814402691117e-01
8.148290498202298560e-01,5.860302922076855436e-01,3.083337703524435258e-01,7.196745610277314187e-01,2.164777053957811226e-01,4.243035699953893736e-01,6.161598402132009156e-01,6.819706095465307705e-01,6.415422181757820530e-01,5.227370009856224797e-01
8.659204571207982370e-01,4.055950830162402543e-02,-1.098204843007747566e+00,6.482609636624564464e-01,-7.703847137395080091e-01,8.917958451782356244e-01,6.458993944710595958e-01,9.733484341183333832e-01,6.483350889608860967e-01,-9.473411509838103317e-01
5.645563103791043646e-01,2.375596855050232381e-01,2.028840587037663845e-01,4.338815612232500007e-01,2.512858793037809346e-01,4.219145633831457021e-01,3.337352546753825089e-01,4.521172619301574991e-01,4.360611743619459135e-01,1.552864493374490895e-01
8.411359381709229144e-01,6.123488939828676259e-01,3.283074382986304052e-01,7.452438006642547741e-01,2.099414923367092511e-01,4.077336462517307525e-01,6.337853685657673930e-01,6.594395868549142170e-01,6.613749142102043344e-01,5.476096477600710388e-01
7.264075822381556025e-01,-1.020930143125858280e-01,-7.410847491652863273e-01,4.811245074777769082e-01,-7.795834459613277811e-01,4.819938889952031791e-01,3.185099283533391890e-01,6.843119256148970653e-01,4.862623022037289022e-01,-9.173574743754512317e-01
5.603445767713610692e-01,2.460510847946589530e-01,1.988745880136641442e-01,4.260995668020808869e-01,2.541724633709610548e-01,4.144314940876406284e-01,3.295456808977139662e-01,4.739069844388668629e-01,4.374199770515950769e-01,1.537417144020569448e-01
8.626871352709160057e-01,6.351560814369069385e-01,3.379753644113269728e-01,7.655808016771206148e-01,1.998151205967343413e-01,3.907289787196813191e-01,6.371065807281522941e-01,6.475868758592981944e-01,6.776794287792877736e-01,5.687623218092947575e-01
6.292720705726267960e-01,-4.986493220233709917e-02,-3.794635413119271106e-01,4.027315515562711057e-01,-4.698561477949769749e-01,3.166315773093553720e-01,2.136964869660490096e-01,5.149847579135506948e-01,4.197459006548728278e-01,-4.930601182199819688e-01
5.708236482209197993e-01,2.451123026258396065e-01,1.803176762671741262e-01,4.266586812130032103e-01,2.337974089822009716e-01,4.154747350014041940e-01,3.264728726566243355e-01,5.071250858923677107e-01,4.387310079810499142e-01,1.435955234370252520e-01
8.798605371136470898e-01,6.503516963554102359e-01,3.432862056888983382e-01,7.797179650899669356e-01,1.957607001909010269e-01,3.836737128623508575e-01,6.323127119101625837e-01,6.480218658840319890e-01,6.847299892032815416e-01,5.188616983355592849e-01
5.648007852886877123e-01,3.954025086269755823e-02,-1.333011102811972326e-01,3.694931082858956550e-01,-1.904358850000603953e-01,2.810327467102886612e-01,2.008256395970922925e-01,4.286589963294699657e-01,4.024824719624711111e-01,-2.201699721431538970e-01
5.983254205615509136e-01,2.443049964281358843e-01,1.540058875559680018e-01,4.379975055131297146e-01,2.126635276191780888e-01,4.382949336698453990e-01,3.285297659175040463e-01,5.578831506640407056e-01,4.469981834773315565e-01,1.287942401530668413e-01
8.915359908376359055e-01,6.549056190504898289e-01,3.482646427927409416e-01,7.858957562911308425e-01,2.067036192767870983e-01,3.913146397185617298e-01,6.201987899631535850e-01,6.608202983326770807e-01,6.801721776770143224e-01,5.596896412492633477e-01
5.205807456402591349e-01,1.146405862901453548e-01,2.331558925852372441e-02,3.546384727532302938e-01,2.108360886516779786e-03,2.951131593918623341e-01,2.088002796787396531e-01,3.878042968929614198e-01,4.031991464925730462e-01,-2.694616394140520940e-02
6.463581420149643320e-01,2.560563035307852342e-01,1.299311695476726425e-01,4.662471573154353122e-01,2.062788600090776081e-01,4.961699004131687740e-01,3.471361860500579710e-01,6.337490640594143354e-01,4.672506895410145633e-01,1.111631709701541709e-01
8.959502568238500997e-01,6.450059872775638636e-01,3.526564310626677523e-01,7.817017472835929848e-01,2.225109303172387865e-01,4.086013828590762675e-01,6.017677835807616615e-01,6.843560820666225730e-01,6.647665691021366063e-01,6.505145298057489756e-01
4.890773539621942056e-01,1.645211147787961348e-01,1.156030054428214410e-01,3.454876998404157185e-01,1.171402416735096430e-01,3.212072446893601829e-01,2.192440179769754305e-01,3.690101849769147901e-01,4.055504995054454720e-01,5.189427649352962302e-02
7.195415963857335617e-01,3.013896452087277411e-01,1.362986776764725794e-01,5.231128030633132031e-01,2.350854698333941228e-01,6.053182157246738138e-01,4.084958368064519618e-01,7.411469025543193645e-01,5.060825010594506290e-01,1.219684462198921682e-01
8.917538021219104660e-01,6.167077440047222803e-01,3.573337584234834163e-01,7.651682396618760817e-01,2.373531454931593898e-01,4.352865931879992822e-01,5.831225793785154154e-01,7.149347654773601235e-01,6.387585478567814334e-01,6.672775106691316571e-01
4.663693575939336089e-01,1.897867729018200833e-01,1.598084542222266979e-01,3.366605676280370885e-01,1.674938605069511144e-01,3.433387740483630490e-01,2.309305298339780488e-01,3.590617026871742445e-01,4.056450522162052819e-01,9.478078375961579427e-02
8.161077681805477546e-01,4.167506365004763902e-01,2.251950123615422683e-01,6.206907213365585596e-01,3.308593399646064248e-01,7.620583587578315665e-01,5.441482520298120962e-01,8.752047990706783853e-01,5.798534151386499635e-01,3.168159363982313570e-01
8.786731231394400154e-01,5.718196324922386609e-01,3.644002645295191245e-01,7.371710924309494706e-01,2.594387836969411776e-01,4.692457690072194820e-01,5.671256802246167350e-01,7.442347491962922890e-01,6.042359567906104845e-01,6.162287945159772296e-01
4.496406089716858401e-01,1.939390756252698245e-01,1.641047615602479748e-01,3.252605518909911231e-01,1.792445895809789691e-01,3.500159471008971179e-01,2.381099320162914090e-01,3.503185693496050912e-01,4.046833633315647938e-01,1.270307263509588835e-01
9.215585189638129116e-01,6.329155394160737025e-01,4.376424196293377533e-01,7.594512109252575804e-01,5.108145976550017009e-01,9.159514304613090019e-01,7.481348582400410008e-01,1.005071155850924658e+00,6.998989620320038574e-01,7.341083404686028491e-01
8.554833808150537067e-01,5.189725780595922933e-01,3.684027565369187851e-01,6.997986850863451291e-01,2.905699596294277764e-01,4.979506988113006627e-01,5.448336233131771955e-01,7.602188439414492294e-01,5.683615838555849953e-01,5.775244586418354364e-01
4.369380055465456603e-01,1.740876657549071393e-01,1.254507876606195949e-01,3.089099632314197819e-01,1.526873722159268754e-01,3.282352929880942849e-01,2.299005611031332275e-01,3.375514966872045219e-01,3.990351135353434886e-01,1.072615604642928877e-01
1.009665064446701122e+00,9.102728164058974114e-01,7.130281603655436173e-01,9.140298482544804148e-01,7.114157298026928533e-01,9.782869338476418708e-01,9.516882282554360861e-01,1.081376722444935989e+00,8.431845498975930608e-01,1.186827908842405854e+00
8.218397303436530965e-01,4.619110651445604843e-01,3.607943007692695492e-01,6.564952371981255252e-01,3.104730320803897881e-01,5.056669450416497735e-01,5.099582620329848881e-01,7.524310139072584169e-01,5.322356730285960902e-01,5.431169363669271499e-01
4.283320438916902173e-01,1.187477266928956415e-01,3.406271854543951871e-02,2.853447344087198800e-01,5.420393350930398368e-02,2.667077540793098001e-01,1.983343712773717737e-01,3.162281078666155376e-01,3.807781774344250469e-01,4.000999480128585029e-02
1.057921377173194344e+00,1.131818877809456447e+00,8.911574330538239996e-01,1.038108930421155485e+00,8.119879969273933185e-01,9.142406831965712577e-01,1.059247386074686048e+00,1.072582005037989061e+00,9.603576169118041017e-01,1.353551025881336578e+00
7.802002163780215049e-01,4.071144258560960294e-01,3.432398687087409583e-01,6.119160444258043841e-01,3.070294279460769604e-01,4.916203425049532894e-01,4.689898042851468607e-01,7.196302101669961315e-01,4.968674688355683711e-01,4.346331722901613515e-01
4.244477905063708256e-01,1.049392806474431193e-02,-1.300155871188542200e-01,2.509838857433121517e-01,-1.566600501098194820e-01,1.440437591829911435e-01,1.278197395291719995e-01,2.814365476986828152e-01,3.442406558800293892e-01,-9.480172530892051752e-02
1.060149800834333078e+00,1.200546124543946602e+00,8.994077855048635550e-01,1.094226191156030703e+00,7.808826878563254192e-01,7.781763624174258265e-01,1.028571410555106702e+00,9.909402028721470135e-01,1.011460307243481793e+00,1.407369773088943843e+00
7.360571570289210497e-01,3.657216196391587237e-01,3.253066500055719068e-01,5.714145100750557260e-01,2.877488809589841545e-01,4.613130687808213448e-01,4.267225026282890910e-01,6.679975739958665670e-01,4.697981569104084931e-01,3.629993208935918814e-01
4.288291573947467517e-01,-1.818422179524009641e-01,-4.246370705347659591e-01,2.015875547312857841e-01,-5.433831717456434340e-01,-8.904215775587025206e-02,-2.061126166474650662e-02,2.272190318390767683e-01,2.848357840982083111e-01,-3.351263980660245112e-01
1.029462818850578554e+00,1.115415632594089379e+00,8.062994207577617312e-01,1.082473249024519912e+00,6.730594162261239743e-01,6.343944158231259456e-01,8.829817676262234905e-01,8.778834853790713488e-01,9.851818021627584132e-01,1.143001239755701226e+00
6.937568550967065928e-01,3.389371900652473624e-01,3.117220164362968782e-01,5.380282201933002106e-01,2.642969841206548876e-01,4.224667765123165664e-01,3.841086832973961696e-01,6.084220646066248461e-01,4.532919608710779258e-01,3.024702624630574155e-01
4.495083482347371762e-01,-5.196706989514687791e-01,-9.997180193121093517e-01,1.337405169899492652e-01,-1.253490044683051918e+00,-5.165115952608696492e-01,-2.916617429149493956e-01,1.507341668096786047e-01,1.989807414730755675e-01,-8.337398765624689512e-01
9.837239464188659577e-01,9.535005995237906262e-01,6.899375083216238158e-01,1.028213084011632583e+00,5.558134143144740635e-01,5.158181711525133828e-01,7.018550459770657168e-01,7.716232966977020213e-01,9.069406373435376922e-01,8.819281831425799245e-01
6.564548895367723347e-01,3.195327222876701012e-01,2.993714319410098468e-01,5.122440103460864647e-01,2.448196200211914253e-01,3.862062524758194115e-01,3.458540932163765569e-01,5.524093051674459076e-01,4.414827596262357878e-01,2.921729213522049062e-01
5.080342316383665846e-01,-1.105935993509301829e+00,-2.257568167241244872e+00,5.696588403905506609e-02,-2.782939646514289933e+00,-1.263176037285112852e+00,-7.219255542691550565e-01,7.099126874757157035e-02,1.020366800504712845e-01,-2.044632576100373189e+00
9.371316968349325816e-01,7.895624934746704460e-01,5.882448819952599273e-01,9.583996021890851535e-01,4.676483941349887097e-01,4.346441759310484265e-01,5.528868414557984723e-01,6.904029331795783486e-01,8.135178775729312584e-01,6.551366707808249368e-01
6.252277748748095165e-01,3.046252007037729137e-01,2.862312285564272418e-01,4.926349323275728276e-01,2.332832204892012484e-01,3.612543709724149732e-01,3.203771353909551367e-01,5.075311986223334237e-01,4.342643869722084271e-01,2.870900866057467526e-01
6.560164818310698642e-01,-1.999631167750905103e+00,-5.250592056140120256e+00,5.019480483036890123e-02,-6.986106132817838876e+00,-2.339529691848539983e+00,-1.218405118613433924e+00,1.122054740110356857e-01,9.318568359555809422e-02,-4.636879193747664551e+00
8.984003894269112500e-01,6.570791538799376497e-01,5.193743867892818278e-01,8.916822984423627974e-01,4.091155905280699501e-01,3.857089031307261995e-01,4.479383557816948858e-01,6.369935637512627036e-01,7.266584241626451446e-01,5.976419894618797413e-01
6.020113332254006799e-01,2.942240233605679656e-01,2.726689830948269555e-01,4.789560977643505524e-01,2.239282403629114238e-01,3.494622387838618449e-01,3.088585193268780227e-01,4.751271847283167205e-01,4.360097932081957173e-01,2.601074236053939615e-01
9.953281200071031343e-01,-2.389257878355811826e+00,-1.063243172481641352e+01,4.441379340872289583e-01,-1.734016131711000597e+01,-2.354194706564933348e+00,-7.570915060239816752e-01,7.650370056079379699e-01,5.727051304391919118e-01,-8.626323936850191387e+00
8.741698009126991353e-01,5.636757271336534370e-01,4.869438141454853763e-01,8.403959554316853264e-01,3.628590986035239996e-01,3.569156796606675619e-01,3.752431098235486373e-01,6.067745752019705341e-01,6.564479139535573937e-01,5.363310146065632944e-01
5.884492148665398936e-01,2.837159250064502092e-01,2.544294277876210097e-01,4.722110174423068130e-01,2.043430397698511314e-01,3.471730080584548017e-01,3.069508839551562951e-01,4.532435019610329685e-01,4.455889563197888981e-01,2.186219994451026605e-01
1.602034068142699885e+00,1.708711006572792179e+00,-6.796085680415496988e+00,1.967075591064062934e+00,-1.850935225677912754e+01,4.391776630537006731e+00,3.840566802200833241e+00,2.962399260831999559e+00,2.431306002284617129e+00,-4.400924749496515354e+00
8.655920898603440827e-01,5.048685844952379709e-01,4.800834189478601077e-01,8.074846743206230970e-01,3.258713267643416067e-01,3.409907780836677338e-01,3.236482684858157932e-01,5.940489349278017528e-01,6.080038281093521624e-01,4.803120397886261883e-01
5.849747752032937731e-01,2.650779076681041846e-01,2.169130409531931092e-01,4.726403949519195624e-01,1.651349584637705481e-01,3.494382116582743225e-01,3.080659596251655863e-01,4.395081157440520192e-01,4.601473604595209821e-01,1.686199918172673895e-01
2.195931038365225962e+00,1.203320444148367585e+01,2.531290091620033778e+01,4.376853210006282247e+00,3.692835177683326719e+01,1.804924231761872377e+01,1.193587171735460650e+01,5.869145238369768869e+00,5.388554893350582020e+00,2.407873100888673790e+01
8.685388301364395103e-01,4.700126121021374059e-01,4.862297451780339119e-01,7.885353686399559914e-01,3.034072904472456811e-01,3.313196007893051687e-01,2.824012141689113409e-01,5.935686776399589082e-01,5.783319608600748785e-01,4.453580056369546014e-01
5.915754792808725071e-01,2.301454150887891070e-01,1.392221350726293716e-01,4.809295025291344117e-01,8.030245528759800966e-02,3.479639074321689840e-01,3.068259496496952843e-01,4.323489763797161434e-01,4.816094009999251635e-01,1.049850081568767385e-01
2.189914158742931161e+00,1.406051009447007161e+01,3.313101951502405740e+01,4.897199039250400787e+00,5.827862872965988572e+01,1.781471916041317272e+01,1.215602713261232459e+01,5.661418265171510811e+00,6.052549491505923918e+00,2.954762235940261306e+01
8.789177076061291949e-01,4.527904055646196357e-01,5.030893315784622510e-01,7.786938963595098073e-01,2.882980156058393972e-01,3.223279068962541238e-01,2.467951679871866200e-01,6.004124373400221426e-01,5.645408593480244486e-01,4.443941656805373563e-01
6.135175401476747892e-01,1.729047003873926680e-01,-9.323370194726681923e-03,5.050605716140097456e-01,-1.169619534010684914e-01,3.365017498123808459e-01,3.077355778317652502e-01,4.333190284075793541e-01,5.183547704691053859e-01,-2.949534497896952670e-02
1.648229006308547628e+00,5.856038282355939373e+00,8.134142469286263832e+00,3.104685135636687576e+00,1.101689979557094645e+01,6.681757119145484758e+00,5.652839500154319019e+00,2.967703209533033348e+00,3.815144789928133662e+00,5.726363993034937039e+00
8.954064229062511648e-01,4.496286083179687476e-01,5.333994527575952604e-01,7.770227356196226509e-01,2.698005633967483496e-01,3.107419498638356314e-01,2.211063625930473342e-01,6.082540835713996508e-01,5.647941968440375327e-01,4.377086172768678285e-01
6.655195533800145613e-01,1.011826034006205882e-01,-2.866128034399144653e-01,5.722419477173570357e-01,-5.344977917700151071e-01,3.219050641786811995e-01,3.370687904900144249e-01,4.552046506379786028e-01,5.954598670487056822e-01,-3.714947892703236998e-01
1.113317340296764879e+00,7.426345630656585595e-01,-2.213824835630538335e+00,1.459889791905959466e+00,-5.302704045246716014e+00,1.038832221619672369e+00,1.651209849547646380e+00,1.140461705661574676e+00,1.735468227616815629e+00,-2.967509167882730114e+00
9.144484682310995982e-01,4.556521245554103205e-01,5.666229032414873412e-01,7.813912682518635577e-01,2.565406816454184336e-01,2.958064228942729468e-01,2.074001311000510106e-01,6.116859839612811545e-01,5.745256397207969545e-01,4.254105521327880002e-01
7.737861520803765991e-01,1.050982563248270968e-01,-7.060012049484502006e-01,7.519437838976005262e-01,-1.303509994460264609e+00,3.876972265731992162e-01,5.032603596510988320e-01,5.524130639172685209e-01,7.950699254333312149e-01,-1.044655744141820275e+00
7.882081400782009473e-01,-3.391746183266429737e-01,-2.272329842984486259e+00,6.974839977570819194e-01,-3.944349533676404285e+00,-4.974215711595048744e-02,5.006891429347209987e-01,4.999407935653112922e-01,7.915102926301385011e-01,-2.597743750429355458e+00
9.277516209717929785e-01,4.659973156683577256e-01,5.805043260039747244e-01,7.858117250110285834e-01,2.586071937448330971e-01,2.782446903429122154e-01,2.003866213578358590e-01,6.084065376968768035e-01,5.882407880533407907e-01,4.600477730324801229e-01
9.894234923313240948e-01,6.256175743163595593e-01,-6.739883052947610587e-01,1.221316745470997223e+00,-1.854633212164045197e+00,9.776430669841313925e-01,1.203116372389943178e+00,9.095563930533516750e-01,1.328909443885758934e+00,-1.490678230520414482e+00
6.208270494092853475e-01,-2.491620592826688241e-01,-1.129539592543248316e+00,4.319160211308498698e-01,-1.855342957451336261e+00,1.282477389014676774e-03,3.186796027307316481e-01,3.501996258124239203e-01,4.759865289025385637e-01,-1.152377219667822139e+00
9.307274747773399692e-01,4.787751397480349280e-01,5.661557142570252665e-01,7.868400860164981303e-01,2.677891566047450045e-01,2.690938137259012986e-01,2.011921907089916084e-01,5.989196251056885245e-01,6.034186029207866397e-01,4.357548843941063677e-01
1.387546606622206635e+00,3.025434532841732249e+00,3.342366754401013385e+00,2.319580469890281993e+00,4.333986763059535008e+00,3.655269643986089889e+00,3.463624253504742345e+00,2.013717955905451884e+00,2.587040608663952135e+00,2.487746244267265538e+00
5.391078662130422972e-01,-4.265294635774372761e-02,-4.426831487741191284e-01,3.554165390001827185e-01,-7.541326820030732625e-01,1.502145706337253139e-01,3.310330389760156589e-01,3.360680568774944144e-01,3.857364359534771747e-01,-4.460651444273892041e-01
9.269540507053862788e-01,4.917818838802130998e-01,5.354844674307904784e-01,7.879831883577582685e-01,2.720807611820152405e-01,2.778518297458254516e-01,2.187333345502689430e-01,5.846646659282549452e-01,6.170074174806704503e-01,4.179561658239674959e-01
1.961894753311862249e+00,8.675067450898191979e+00,1.819225907282473642e+01,4.113528884621822534e+00,3.265060090635576984e+01,1.079154376480686395e+01,7.940016723799682374e+00,4.367340037494204630e+00,4.636722950476078076e+00,1.578370361715672132e+01
5.038331913345004409e-01,1.015966206161168783e-01,-9.715456485399026620e-02,3.432286391944358583e-01,-2.389205262268064844e-01,2.516789018559252855e-01,3.613835367946604538e-01,3.490321729484492375e-01,3.682458250938265287e-01,-9.836230361211971418e-02
9.208868923133940454e-01,5.064516342699899587e-01,4.992057287615817573e-01,7.931025119207238960e-01,2.734903507818504109e-01,2.982232898526369080e-01,2.559990964903569033e-01,5.694902985501164583e-01,6.304387531397991351e-01,3.988126522062517276e-01
2.335403484707468724e+00,1.199010228581494530e+01,2.739933703061505099e+01,4.964172878229594410e+00,4.372913261274285190e+01,1.640335938003627092e+01,1.032129896534137181e+01,6.318656735751882358e+00,5.625766951001563321e+00,2.679183102680452677e+01
4.928910683232607948e-01,1.886337129508873500e-01,7.945892687967057166e-02,3.507454824714469344e-01,-9.644595194794708740e-03,3.027832165831302325e-01,3.762175598851065228e-01,3.630051684148579705e-01,3.737299394342014636e-01,5.159727135505370182e-02
9.127028240354536637e-01,5.274776924377342358e-01,4.597531658125660892e-01,8.012456426073928384e-01,2.792260556541826810e-01,3.190343149647043575e-01,3.049785413327589234e-01,5.591785086722764753e-01,6.487774950681221009e-01,4.169943833468102712e-01
1.995147314871420940e+00,5.234397994506511331e+00,3.336623687119758763e+00,3.028275170992569709e+00,-7.349495891312438189e+00,8.086077740973776073e+00,5.582489914248331964e+00,4.559836660554482002e+00,3.492754449031629349e+00,4.280577745885446816e+00
4.951377507508354925e-01,2.402094797023381356e-01,1.701617131761703483e-01,3.624545050395274193e-01,9.145118148368416855e-02,3.185729843415254225e-01,3.690849511029916652e-01,3.741900710036806799e-01,3.840735533465483575e-01,1.247976766602146986e-01
9.045495823031246552e-01,5.548091706421248714e-01,4.249300108801879472e-01,8.125670252900371038e-01,2.933435408038176373e-01,3.382582336093729047e-01,3.564661077965231573e-01,5.587999920644711738e-01,6.705897106327887158e-01,4.719120968043436504e-01
1.219713552183870453e+00,-1.544195777241490042e+00,-1.129400801279375699e+01,5.666266360202610874e-01,-2.188481342941000207e+01,-1.733710032900677600e+00,4.210825267501604463e-01,1.243843642130670446e+00,7.517264103596283942e-01,-9.890024702762937991e+00
5.081143917110864106e-01,2.708058785619019693e-01,2.184548313105312833e-01,3.754975445084484664e-01,1.370283372359020480e-01,3.195886419282528146e-01,3.458575983073255977e-01,3.840349227703702684e-01,3.942529257064877890e-01,1.719526704325144428e-01
9.051082175621234516e-01,5.910773179042000391e-01,4.080958905655426294e-01,8.340025414259403247e-01,3.259277405821192630e-01,3.600330729095116977e-01,4.065189703527894993e-01,5.725270029462043997e-01,6.966622430885488493e-01,5.139367890837743813e-01
6.353020595190922437e-01,-2.415395552183952965e+00,-7.228500201801452363e+00,-3.563932791237857112e-01,-9.701150946613616100e+00,-3.418785376605340875e+00,-9.204070681628242490e-01,-2.541789189219136880e-01,-3.062293528168738010e-01,-5.895861216995774257e+00
5.349114273397609365e-01,2.928460844211949743e-01,2.488672591824451774e-01,3.925516605926147595e-01,1.604734974244959589e-01,3.151472400202139923e-01,3.187689138323072102e-01,3.950770238547008928e-01,4.072855436061590950e-01,2.085179919925563841e-01
9.209175593464417053e-01,6.482381682112394738e-01,4.146793312594072023e-01,8.721206783616102243e-01,3.844430543101471365e-01,3.845412798794750620e-01,4.609653957581450467e-01,6.050178854894336933e-01,7.378716947586412278e-01,5.289296886411969378e-01
3.610466446566568677e-01,-1.453947311241043483e+00,-2.989110233165824582e+00,-3.707677218528619423e-01,-3.428244117356487486e+00,-2.146043707380488108e+00,-6.699809497411115533e-01,-3.992907018441180789e-01,-3.451141373038806859e-01,-2.908223340735486939e+00
5.757706918948155561e-01,3.160316027564996078e-01,2.721623207642747122e-01,4.146866469375636854e-01,1.736326578171365487e-01,3.077370084314285936e-01,3.030088809352370904e-01,4.114380300385290234e-01,4.268765033661047759e-01,2.345188537955801011e-01
9.510977051945597172e-01,7.336643781391588570e-01,4.393307746981469641e-01,9.249825429357918516e-01,4.640030433740028326e-01,4.133227130912924263e-01,5.329214460172839729e-01,6.619389872386969298e-01,7.990340905541065686e-01,5.485947384896179280e-01
2.613152643619327531e-01,-7.059867102853470966e-01,-1.224216740834393802e+00,-1.993220236665921297e-01,-1.420142738689293971e+00,-1.034455698705547766e+00,-2.881118249321333868e-01,-2.092631025057475891e-01,-1.694738510922981500e-01,-1.333606649165863578e+00
6.295667131569613328e-01,3.454464055551789148e-01,2.930730014817531925e-01,4.431605997086406346e-01,1.793637677847891854e-01,3.083534012316754280e-01,3.077568669863032791e-01,4.379368713906785504e-01,4.531940509523731397e-01,2.335331285492955877e-01
9.931973430043117279e-01,8.368951639114950991e-01,4.805005098218929072e-01,9.857820457076262866e-01,5.547980898295580277e-01,4.555643228987956705e-01,6.181912391700333798e-01,7.462372972365673984e-01,8.674929359677310270e-01,7.625435416786255916e-01
2.311904490974230897e-01,-2.951106155983250767e-01,-5.344123522444478303e-01,-5.518010796317106281e-02,-6.668500503904398746e-01,-4.142985128989375987e-01,-2.667605112483508248e-02,-2.468515513456670182e-02,-2.035887220378709839e-02,-5.524975022067730723e-01
6.982954671900259980e-01,3.866693242255510032e-01,3.179976115163608563e-01,4.835659686330412432e-01,1.850721946986762234e-01,3.323637094086095978e-01,3.301896132872109701e-01,4.785735239453163259e-01,4.879102478767424755e-01,2.365138550142603657e-01
1.045945322751695716e+00,9.407312482917439267e-01,5.399949574084681458e-01,1.043828418533273794e+00,6.442744672899788361e-01,5.276220944052937289e-01,6.874734640291405574e-01,8.513603177817667955e-01,9.289248592571562879e-01,9.828713895304603820e-01
2.271006379186116808e-01,-7.590394890509657988e-02,-2.213987899406734405e-01,4.103878748968409207e-02,-2.935596246110658281e-01,-8.039117129150337437e-02,1.301931336920454929e-01,1.041419545297191940e-01,7.786771844931414388e-02,-2.047265169131582407e-01
7.818387171268861291e-01,4.457816979280858072e-01,3.501343852572321724e-01,5.428956191794719333e-01,1.978779164091902798e-01,3.813866817966141687e-01,3.630340974360686812e-01,5.337600360366061558e-01,5.345917064453775680e-01,3.204467617810649038e-01
1.096957257485450921e+00,1.011761799852450849e+00,6.027632390154933351e-01,1.073125770033143356e+00,6.697506957569334674e-01,6.249192109218744129e-01,7.162129469876760135e-01,9.495807462683791833e-01,9.625283114443581312e-01,1.095121392718067188e+00
2.315704714022644994e-01,4.480522251471986267e-02,-5.568560841527695621e-02,1.016395914429576997e-01,-7.708309802308326020e-02,1.084564027750460347e-01,2.142187662974687490e-01,1.861311992937985660e-01,1.399477413004149851e-01,-3.876606665448825012e-02
8.689721124365715754e-01,5.218893870038252558e-01,3.800209649234796982e-01,6.206431770686317018e-01,2.172915198614240040e-01,4.394567172599170846e-01,4.082105787715820111e-01,5.985671195545908541e-01,5.923427436123253065e-01,3.997241172958551081e-01
1.115132161372456299e+00,9.925367052577449556e-01,6.191328530980565459e-01,1.031487762329647007e+00,5.636898466277733277e-01,7.059812510840608457e-01,7.131956694686519826e-01,9.914631594346462462e-01,9.344250712762880440e-01,9.786981032002834979e-01
2.361766621028080770e-01,1.106938369828707192e-01,3.516499014053817151e-02,1.367884193083322708e-01,3.626721432162070130e-02,2.064213287463220470e-01,2.545156141909218350e-01,2.335931985204356964e-01,1.760688808329338439e-01,4.937594209386642757e-02
9.394591058347059320e-01,6.016705834987561285e-01,3.925500160151237927e-01,7.043448656244386541e-01,2.415667455256666485e-01,4.784363460739160523e-01,4.701429320180423588e-01,6.606697968832593304e-01,6.520488100646963936e-01,5.049324575340998766e-01
1.071235534516564725e+00,8.577186186235146170e-01,5.435599499781912369e-01,8.999282433165948225e-01,3.750729932505981190e-01,7.171756294582848357e-01,6.894651912779432568e-01,9.338169007354453210e-01,8.313036854925022201e-01,8.124866766056763057e-01
2.384365856051028909e-01,1.397445059240268461e-01,7.631354640197317296e-02,1.524340616594662134e-01,7.808832283588196255e-02,2.389483014672646177e-01,2.662229850004559362e-01,2.542881078519451665e-01,1.912017802591998716e-01,9.139711110305981379e-02
9.807223250493792843e-01,6.633886544047394862e-01,3.807664224865754399e-01,7.766299292404783561e-01,2.759671661762802541e-01,4.773902248766788703e-01,5.286341068590865166e-01,7.014528238642697699e-01,7.003530820232558574e-01,5.699519736603233522e-01
9.644840545650157360e-01,6.590373168087187983e-01,4.012289283383555505e-01,7.151907089203222156e-01,2.047078338089482197e-01,6.456876384378520406e-01,6.328999109090802655e-01,7.852682815949117989e-01,6.850418673218880983e-01,4.666589242245622327e-01
2.395560998422990862e-01,1.408614714794279854e-01,7.779780521889606559e-02,1.524348175857499488e-01,7.853594866218248371e-02,2.231659766227047370e-01,2.482876681279842512e-01,2.512596672143559973e-01,1.904376041504391159e-01,9.054618389867441497e-02
9.917643565011666773e-01,6.911826918004951859e-01,3.525527470229808391e-01,8.233720169061032879e-01,3.151101920038453241e-01,4.426474932016097319e-01,5.527889817130878791e-01,7.080135145097020688e-01,7.283083743086559148e-01,6.282081266948956744e-01
8.239185544480965850e-01,4.767248942586716498e-01,2.698513658310510155e-01,5.414641958129883248e-01,9.893710822782146586e-02,5.234369423909258634e-01,5.465934153700873210e-01,6.081249729623210420e-01,5.437452688513170207e-01,2.143454561490000521e-01
2.405574163604246585e-01,1.164810335661184415e-01,4.045178869770159336e-02,1.370611233827964959e-01,2.962449539005847579e-02,1.659245005793441030e-01,2.087254891795578826e-01,2.241820132326291515e-01,1.758093453381733562e-01,3.213920238237018973e-02
9.783550848478548279e-01,6.865474079990571132e-01,3.197720851165761213e-01,8.383768150940464903e-01,3.310868900109950053e-01,3.937622738899634878e-01,5.486552869259611054e-01,6.834390887239754075e-01,7.361124354210222265e-01,6.210312027019306846e-01
6.839047748621085443e-01,3.563848878419503818e-01,1.947662707170721152e-01,4.163465724710355698e-01,6.636536637813233996e-02,4.055890109086934259e-01,4.660069182186376557e-01,4.657486918923461339e-01,4.386831457998545125e-01,1.367890238771030387e-01
2.405352442441895666e-01,6.040255914203470494e-02,-4.344577569540102741e-02,1.018794529087639483e-01,-9.058756280496030322e-02,6.358627724221936617e-02,1.607517565256597336e-01,1.697918226274289233e-01,1.432751543067503630e-01,-5.966384389623249213e-02
9.491902228737705283e-01,6.586905765648073396e-01,2.914867881069304612e-01,8.248053131046725328e-01,3.177331231207740081e-01,3.460580879455041337e-01,5.452263840104482062e-01,6.417997514968001305e-01,7.279296110900077554e-01,5.603093632741461549e-01
5.688468402690209924e-01,2.930067282568806775e-01,1.675152789976571688e-01,3.413899141150799066e-01,7.810541347530279566e-02,3.247672756982366571e-01,4.131031955590350191e-01,3.778546257082326387e-01,3.716840738740080363e-01,1.265314672713196420e-01
2.426324853325498854e-01,-4.038670659986882960e-02,-1.956425651512953279e-01,3.997901165805883145e-02,-3.033579200683585997e-01,-9.851171108409448318e-02,1.035869875345947627e-01,8.064534617001926919e-02,8.625298266001663050e-02,-2.182432623549320216e-01
9.185809318610114182e-01,6.197543367141737924e-01,2.728965607329452148e-01,7.971254618666192560e-01,2.935101070312081672e-01,3.127837405837356477e-01,5.520427878860457716e-01,5.973520501835253294e-01,7.097479943087277032e-01,4.687310920963345118e-01
4.866966288554083753e-01,2.639507401487235505e-01,1.633527743064351057e-01,3.010524393321850622e-01,1.036216812560600414e-01,2.837553471340702460e-01,3.789693744219239102e-01,3.327516839222844913e-01,3.315504428059034558e-01,1.243254510982345629e-01
2.580178132211053410e-01,-2.050627128907567820e-01,-4.742219941388664539e-01,-5.786650792643344837e-02,-6.909351171703924654e-01,-3.538587737803332023e-01,2.819065117615211780e-02,-5.233542099251803359e-02,5.946117587847787054e-04,-6.278621777699852080e-01
8.980446803550401480e-01,5.833023659270152317e-01,2.657479537051847807e-01,7.704372211925026859e-01,2.652109051062945255e-01,3.031885692620203687e-01,5.611543797902608377e-01,5.593132609532029953e-01,6.901932576325673363e-01,3.981266682061773698e-01
4.335079096427462697e-01,2.514097702823569480e-01,1.625649204388163460e-01,2.793344928210879652e-01,1.230809743984702803e-01,2.707951898444282968e-01,3.516947368404012564e-01,3.120137221154665741e-01,3.073304805149272845e-01,1.314870116202294659e-01
3.138181654009182253e-01,-4.518017661846432387e-01,-1.036538378640533553e+00,-1.950172484492147529e-01,-1.498919393577816006e+00,-7.455737474649680729e-01,-4.200307040651879431e-02,-2.191171717153341525e-01,-1.060062023855983249e-01,-1.463923700675079376e+00
8.892681958105114193e-01,5.563006992435465259e-01,2.692687233767987465e-01,7.501001050371146617e-01,2.329169428809158837e-01,3.133139419655558422e-01,5.675820994657770902e-01,5.308462847503202520e-01,6.750260754005039665e-01,3.905570473656258534e-01
3.980037074242674944e-01,2.428182168795257612e-01,1.523457730647356789e-01,2.629131948990228174e-01,1.238476478038506856e-01,2.682893356078285274e-01,3.258533868185473081e-01,3.013888841607199609e-01,2.899229740466681138e-01,1.406336677967002791e-01
4.740789710970908510e-01,-7.273011508577261752e-01,-2.275592198104931629e+00,-3.049762332306349411e-01,-3.510030698984272668e+00,-1.163589892032893536e+00,-1.787013858952645612e-03,-2.958550514335408499e-01,-1.702467830867387955e-01,-3.001020528309110702e+00
8.875704917230554658e-01,5.395625012240593543e-01,2.810389222845707247e-01,7.332504679492394262e-01,2.090998001774771742e-01,3.339325240500052860e-01,5.773772602294773293e-01,5.114475570276235672e-01,6.662643423636077644e-01,3.597884367869304545e-01
3.715262788754101764e-01,2.288050176135256464e-01,1.211207111601471514e-01,2.428270758848683208e-01,1.023584355485309266e-01,2.572003432556272950e-01,3.012583359346714396e-01,2.902945281439930914e-01,2.715299754848014002e-01,1.364987560288011270e-01
8.512366032538613014e-01,-6.101744969843234667e-01,-4.559149749654210382e+00,-5.810497891567981132e-02,-8.238074684776188761e+00,-8.370320435440564699e-01,3.754892865910255950e-01,2.071711655620878667e-01,6.087370769063098208e-02,-3.796762546211760903e+00
8.906026197747564099e-01,5.313420368767294288e-01,2.974479999566818078e-01,7.180160327954109301e-01,1.996268400207767135e-01,3.629383854024106348e-01,6.029006142778621236e-01,4.979326343721630632e-01,6.630775905533428105e-01,3.709381620763754217e-01
3.499326683421302708e-01,2.002666395450004022e-01,5.157624441997699788e-02,2.131216444460161119e-01,4.663089601028753972e-02,2.274469620319617413e-01,2.784941107952741413e-01,2.690237886528067390e-01,2.451075115472791943e-01,1.110776805854508525e-01
1.492799239585343773e+00,9.616647777427378418e-01,-5.343000158203706995e+00,1.204344638729714090e+00,-1.115500768380512042e+01,1.663562263146418418e+00,1.352097171180233204e+00,2.052945992178991208e+00,1.069579745404272586e+00,-3.245398291562598958e-01
8.967424422373463377e-01,5.269726383142443460e-01,3.125537004454681522e-01,7.035458593613390654e-01,1.950963817379137710e-01,4.050012997789885216e-01,6.470126886249885079e-01,4.861045851104598969e-01,6.605541544668445120e-01,3.721143922608258769e-01
3.306680249270473326e-01,1.436660768792979714e-01,-8.631376824125572278e-02,1.662433150786120639e-01,-8.230776164278616469e-02,1.685596964368039075e-01,2.506656081704960459e-01,2.257084175906524381e-01,2.020606041024042843e-01,3.275352668979458759e-02
2.095152891172318732e+00,3.905190216507598233e+00,1.949378734708705041e+00,3.268128935296747528e+00,5.083084069302230112e+00,5.298367209740742823e+00,2.571799412685766839e+00,4.465312885434741474e+00,2.736296149318356630e+00,8.189233797740280707e+00
8.997176375515958391e-01,5.206787835429328437e-01,3.210389575075703328e-01,6.865484571176300177e-01,1.872089363700452924e-01,4.508528644974915123e-01,6.895219434143541326e-01,4.723635656166830232e-01,6.532392150926050745e-01,3.488923183899460545e-01
3.102774451167637504e-01,3.495271566233721511e-02,-3.536227290012860514e-01,8.821664169390257271e-02,-3.599002820462598451e-01,5.010269366795545160e-02,2.027273600755649940e-01,1.413499714181710720e-01,1.289696025244501110e-01,-1.464751540501306182e-01
2.178315173453901910e+00,5.285685894530049111e+00,1.143409671614691625e+01,4.156842873430199425e+00,2.204572446402851327e+01,5.817544357491374996e+00,2.867070865255714196e+00,4.817390106479397360e+00,3.700807331638743314e+00,1.174989724499972432e+01
8.918715525177846049e-01,5.110886405295268498e-01,3.225703180896860034e-01,6.633123446571771442e-01,1.780656615426778611e-01,4.817070194960725305e-01,7.028003048155921917e-01,4.558446684228634749e-01,6.415352179654391085e-01,2.862803153531397471e-01
2.859896935593662093e-01,-1.741271641525508895e-01,-9.064058904940304195e-01,-4.710349927084422211e-02,-9.566586042772649012e-01,-1.852467853979170020e-01,1.177326306064513800e-01,-2.050684069975538051e-02,2.285721421872324941e-03,-5.485836555312806340e-01
1.782656809402177078e+00,4.010055412760931581e+00,1.073631015161788227e+01,3.240699107064200390e+00,1.384330971886044814e+01,3.658199995333967003e+00,2.177501840383410769e+00,3.179595690310309308e+00,3.251484861197743825e+00,6.451612383365714187e+00
8.720511996410692523e-01,4.972901402615348965e-01,3.195653670873642160e-01,6.357484508533622902e-01,1.658456007293507561e-01,4.910547375769727108e-01,6.873064942711502034e-01,4.368671908729570008e-01,6.258953211110422910e-01,2.805472140330101394e-01
2.611420230895096783e-01,-5.846517677359966969e-01,-2.213088476109324798e+00,-2.884480415530047970e-01,-2.351635776263476973e+00,-6.635345623834525419e-01,-2.760124329009594479e-02,-3.365222627646509146e-01,-2.156410627832706650e-01,-1.357645445296902009e+00
1.319404139758219019e+00,2.220274580468044157e+00,5.275253302069645933e+00,1.968057244276096629e+00,3.391876983312229754e+00,1.873758383542944994e+00,1.419439704726752849e+00,1.644742522719525368e+00,2.219305293765499343e+00,1.747598032470600637e+00
8.443115312573660214e-01,4.785500740572309897e-01,3.133074952359422571e-01,6.093623437755975036e-01,1.508905953166817249e-01,4.888809795210105058e-01,6.621754746872804409e-01,4.171637680461117714e-01,6.058133276191368655e-01,3.154664814281459284e-01
2.569908935243873094e-01,-1.395396473163343032e+00,-5.912687043713592772e+00,-7.200656472751062465e-01,-6.671022650040645097e+00,-1.710653276185454263e+00,-2.869561245580411479e-01,-9.583228100825126328e-01,-5.539007045253490080e-01,-3.321781210654006333e+00
9.966090154035209814e-01,1.170223995377490445e+00,1.895682631544188146e+00,1.163258818056264632e+00,1.932609968967952119e-01,1.039436540643137175e+00,9.514165800242239124e-01,8.656780995000157297e-01,1.413332492190166434e+00,6.237569449101305619e-01
8.134692311891060790e-01,4.616987994924183769e-01,3.075774055863478296e-01,5.887217244401945493e-01,1.431967039052904345e-01,4.819594230543781666e-01,6.357361810395255608e-01,4.000584160726556315e-01,5.890738474064499686e-01,3.101941356429291918e-01
3.783015148027878416e-01,-2.789199752324888593e+00,-1.794251452972124738e+01,-1.338742043880312593e+00,-2.748806261286718211e+01,-3.905415886610406950e+00,-6.491120695257669437e-01,-2.015686898953653383e+00,-8.494965471269775303e-01,-8.903377712125939425e+00
8.107212260556592165e-01,7.134885331551839016e-01,6.545986405547198350e-01,7.711420983574913679e-01,-1.612424120178790887e-01,7.043554738532695758e-01,7.089001532579106701e-01,5.523584398901191239e-01,9.554992332735717797e-01,2.425048136886900907e-01
7.837910310789468760e-01,4.559551896866982923e-01,3.102839745975654595e-01,5.758921494606802360e-01,1.489000111995995024e-01,4.750288395408224229e-01,6.045428187983400425e-01,3.891222402340305253e-01,5.868962693029248223e-01,2.933011521112892650e-01
