9.999999992873931376e-01,9.999999993692204603e-01,9.999999993988807345e-01,9.999999994826769267e-01,9.999999994381820745e-01,9.999999994145571947e-01,9.999999993732613390e-01,9.999999993512245222e-01,9.999999994274845205e-01,9.999999994293392591e-01
8.793391855180016092e-01,9.960477192357908294e-01,9.974121108991740314e-01,nan,9.996672362683675095e-01,nan,nan,8.495630201288334460e-01,9.462194822938876371e-01,9.955651800844057542e-01
9.669900697059482519e-01,9.965560031980360556e-01,9.797116027092458435e-01,9.020901608491960211e-01,9.974458249923061626e-01,8.534796753993192375e-01,9.146911990317807550e-01,9.017436110235143021e-01,nan,9.935438752236412929e-01
nan,9.832408239054014620e-01,9.568305383038325784e-01,nan,9.954496145966442722e-01,nan,nan,nan,nan,9.897324759613839174e-01
9.125066831730095362e-01,9.948392688018727892e-01,9.618067200058004751e-01,nan,9.969574476593225931e-01,7.972212021460880482e-01,nan,8.128237043427647412e-01,9.740774425135727554e-01,9.911105897864881387e-01
9.514030024241567629e-01,9.973797891355997702e-01,9.903080399892268959e-01,-inf,9.993563268612828399e-01,9.346234186423346690e-01,7.891780649932035319e-01,9.471287454978829512e-01,9.840455950748130398e-01,9.987438640980421667e-01
9.958457711274625312e-01,9.988720459273365826e-01,9.992605050758736063e-01,9.829189648611845742e-01,9.997433543816300894e-01,9.913580125584947611e-01,9.886272324718738957e-01,9.952898858792913472e-01,9.942555612876919913e-01,9.996121408549917264e-01
9.366961266740483349e-01,9.948610467565673909e-01,9.886085612653721100e-01,nan,9.985030879054804798e-01,9.159918280049438311e-01,nan,8.841811257004167368e-01,8.435454979978077583e-01,9.963077915027830356e-01
nan,9.854977593091909238e-01,9.874369266333594686e-01,nan,9.958557966512676662e-01,nan,nan,nan,8.877945542633683962e-01,9.925230834927180057e-01
9.330372019112909143e-01,9.911117069989036077e-01,9.939734390547823040e-01,nan,9.941850458837883098e-01,7.543021339295872263e-01,nan,8.356155105317386589e-01,9.776905793848061910e-01,9.824889811252627281e-01
nan,9.885601434228761253e-01,9.949166943535043828e-01,nan,9.958890527898545120e-01,nan,nan,nan,8.420338379791426631e-01,9.979646086906688307e-01
9.941156344683774737e-01,9.962842394336662855e-01,9.973093718257740603e-01,9.394243865038965913e-01,9.975032930840601608e-01,9.458900894113166924e-01,9.893457382465281613e-01,9.951576651788068828e-01,9.562032882758786378e-01,9.973682275782731477e-01
9.674062962214481365e-01,9.939181496741420485e-01,9.972066117613375136e-01,8.383358886201259796e-01,9.970440797243095288e-01,9.137617662823872555e-01,8.989857674404917454e-01,9.617508217147804350e-01,9.830153056919901378e-01,9.984651951237007994e-01
9.790807972581511143e-01,9.925317551146761730e-01,9.740014263647115422e-01,8.925555664380050436e-01,9.942558131872492044e-01,8.835301311734338192e-01,9.980368487498590957e-01,9.521693560966248970e-01,9.925077438415970121e-01,9.933153969064890676e-01
nan,9.765362902035283899e-01,9.477518581793875629e-01,nan,9.898243966898299107e-01,nan,nan,nan,8.476991997839974369e-01,9.852122489781393044e-01
8.976019396340133571e-01,9.849095208473929164e-01,9.562434279839571172e-01,7.588106065705477743e-01,9.879935130263430842e-01,6.483381176815677938e-01,9.020774957073648403e-01,7.697358708232828750e-01,nan,9.900516587018176606e-01
nan,9.811952530335220635e-01,9.835279833856234166e-01,nan,9.895060748657582561e-01,nan,nan,nan,8.331493414826994792e-01,9.901302107544894815e-01
9.765211340293167286e-01,9.823768664203306189e-01,9.970569325734532917e-01,7.953602350349188166e-01,9.904459593951315810e-01,8.108649658291128270e-01,9.836122506443650826e-01,9.781539526654619010e-01,9.874514360040881344e-01,9.966285347499599379e-01
9.554110676107175903e-01,9.789698838437543849e-01,9.956484820086454191e-01,6.564950193022068836e-01,9.876938760999222078e-01,7.686458401891448355e-01,8.442027595755561276e-01,9.463670101690131453e-01,9.798579098992807879e-01,9.947481649860827613e-01
nan,9.666216038108929043e-01,9.876612214461724104e-01,nan,9.820471260600313057e-01,nan,nan,nan,nan,9.834499740135216328e-01
8.759765107146254559e-01,9.604613028347777082e-01,9.719668415317892496e-01,nan,9.764727098235680414e-01,5.950345540935365607e-01,nan,7.800493346489918434e-01,nan,9.889631813112904624e-01
nan,9.527853072163312564e-01,9.628551215364760107e-01,nan,9.740281395666008368e-01,nan,nan,nan,8.438012981833492576e-01,9.762939621452338956e-01
9.595891197357675484e-01,9.570154006684585823e-01,9.791223058711060467e-01,5.540096189075304212e-01,9.748364735281235260e-01,6.081165384116464789e-01,8.589962393185901490e-01,9.704539859264088575e-01,9.717213458828666273e-01,9.888021711457642970e-01
9.611724294790634504e-01,9.523080619694967996e-01,9.927260416194763071e-01,6.172570680313222979e-01,9.737795827852597785e-01,6.304577810194904597e-01,9.836557189351855524e-01,9.755664953013796215e-01,9.705974308763195557e-01,9.900737596322247702e-01
9.594778383097679608e-01,9.458997963380288976e-01,9.831753519656643014e-01,5.799510039841406783e-01,9.673779589772042442e-01,5.977085361368856820e-01,9.660608718318586252e-01,9.657954668773779394e-01,8.752896034329478159e-01,9.856518159575983207e-01
nan,9.325192062021598893e-01,9.704406284065610899e-01,nan,9.593110431314689768e-01,nan,nan,nan,nan,9.796064381033813273e-01
8.789329494120394770e-01,9.287450868858315722e-01,9.708590278012643182e-01,5.590162562431502113e-01,9.527148449060099944e-01,4.888963338859353969e-01,9.834149484334726576e-01,7.639792452843213733e-01,9.373770074491433180e-01,9.659792719890619717e-01
nan,9.204045774084086418e-01,9.773241494666838891e-01,nan,9.483469243474199617e-01,nan,nan,nan,8.711222607495127113e-01,9.753541758229476999e-01
9.104236864077247526e-01,9.171348843025752817e-01,9.810351803268637649e-01,5.340273013744265551e-01,9.473503962123478450e-01,4.989035294608917259e-01,9.605290493093916471e-01,9.059389137067760389e-01,8.606176506167947382e-01,9.782486316569937168e-01
9.388123125163797544e-01,9.150667572346453671e-01,9.836921111172630683e-01,5.445989815513236909e-01,9.436742343322688242e-01,5.370402150921790296e-01,9.754085667410110627e-01,9.595437437460511143e-01,9.416188520490914593e-01,9.802222455999459738e-01
8.534607826421013455e-01,8.962997033125550406e-01,9.686869374251142473e-01,4.807047184572687537e-01,9.328638157653531549e-01,4.815393804090861152e-01,8.591090874065948624e-01,8.710067194199406782e-01,9.092291953632329893e-01,9.754043309293811692e-01
8.296698407087652605e-01,8.805214401145217140e-01,9.398785285238684395e-01,nan,9.216764476030320230e-01,4.774399674581275566e-01,nan,7.519349700009488879e-01,9.041332118028684306e-01,9.574005883324862021e-01
nan,8.670411769521911838e-01,9.333859767370343841e-01,nan,9.147654992285991771e-01,nan,nan,nan,nan,9.594245732187206555e-01
8.884493394268893063e-01,8.555250157000857669e-01,9.516804388313904184e-01,nan,9.093730892448345093e-01,5.012625099504240955e-01,nan,9.035009199602164198e-01,nan,9.587820929196880781e-01
8.529219768829447990e-01,8.485821737255045960e-01,9.687446615051953369e-01,5.195978312650294528e-01,9.041179580723849307e-01,5.489930226597065088e-01,8.085753072751891146e-01,8.605501116361922165e-01,8.887540708120889033e-01,9.652764260100493710e-01
9.055394979462937366e-01,8.314976989753857239e-01,9.683053516709541064e-01,6.395139715295865557e-01,8.970445738577149664e-01,6.204669512811277210e-01,9.505948316355160577e-01,9.290364056400185477e-01,9.072870545413961318e-01,9.634006926521586633e-01
nan,8.221593312584959401e-01,9.597486727797895911e-01,nan,8.834690293697291530e-01,nan,nan,nan,8.262066980508444569e-01,9.497678636278877873e-01
8.304474141914289786e-01,8.017878897919388237e-01,9.437400213614003386e-01,6.246065815977190905e-01,8.694638157966687597e-01,6.469133262651305394e-01,8.510196450697089521e-01,7.672591154194088325e-01,nan,9.429549609355017958e-01
nan,7.947432092380126711e-01,9.257501161429892989e-01,nan,8.615132396368780920e-01,nan,nan,nan,nan,9.323923036414603072e-01
7.990797788232126830e-01,7.865453474080634777e-01,9.314611740323834876e-01,7.427289261987501945e-01,8.536397392705810105e-01,6.239911320377967696e-01,9.440211637746122042e-01,7.915189241549236421e-01,8.640808477293336898e-01,9.351526027719959666e-01
8.261511471482962943e-01,7.874684219340186697e-01,9.472202282088602043e-01,6.898787461956749079e-01,8.439509606387314289e-01,7.321663376898968068e-01,8.318723630213599174e-01,8.837358965135168054e-01,8.736396447750879313e-01,9.406780266667347234e-01
8.189160924377567596e-01,7.731247682504800434e-01,9.425950930776503256e-01,7.954461232359252287e-01,8.337736739767044325e-01,7.498104129590227318e-01,9.280670046359801306e-01,8.810180516075324375e-01,8.458558622020025952e-01,9.347718495203618527e-01
7.436178242655162585e-01,7.586244430101288794e-01,9.243451562893284512e-01,nan,8.188419493920955361e-01,6.895699725332586905e-01,nan,7.475035792833687465e-01,nan,9.223391682999018126e-01
nan,7.512971885079496870e-01,9.195029488480498392e-01,nan,8.029448828271116279e-01,nan,nan,nan,7.520871261886082904e-01,9.057212675148750280e-01
7.407944580475892549e-01,7.276863395171611071e-01,9.273816736650759562e-01,nan,7.931670795704883759e-01,7.489644050578510015e-01,nan,8.010877025173944732e-01,8.442156040635859782e-01,9.019525354827808705e-01
nan,7.298817376112375355e-01,9.246087083209113544e-01,nan,7.832943248002530723e-01,nan,nan,nan,7.585459911677516764e-01,9.089459287994962056e-01
7.629618421267420070e-01,7.045281665171045926e-01,9.212810975600117525e-01,8.271600155301642721e-01,7.692306183636397066e-01,8.021498630605630176e-01,8.917055450520698923e-01,8.695414767914700915e-01,8.387691973474807883e-01,9.105328729721461345e-01
6.933275198472080847e-01,7.015309153932325348e-01,9.111811747230665892e-01,inf,7.555504263427301748e-01,7.204274153114641477e-01,7.259417412558281102e-01,7.873144401346842125e-01,8.077659782228205909e-01,9.028614503125139690e-01
7.178848744849606334e-01,6.717017407694726439e-01,8.797985512749652015e-01,nan,7.407959049272847540e-01,7.056337095896854095e-01,nan,7.677269028443064469e-01,8.282919807887163532e-01,8.829708541290405277e-01
nan,6.667410833415567950e-01,8.529279068807302799e-01,nan,7.235532380765782312e-01,nan,nan,nan,7.027778312490667867e-01,8.678247335135220730e-01
6.399234015943209286e-01,6.538945797027275741e-01,8.589982004883085498e-01,6.560523052226031604e-01,7.097382153534568250e-01,6.481649254659268555e-01,7.909634794743783948e-01,6.728965863760941746e-01,nan,8.697686653020096914e-01
6.314290143777668840e-01,6.532307736648054197e-01,8.818311431585603710e-01,nan,6.983940359192690739e-01,6.269382365048788985e-01,nan,7.312767695121193956e-01,7.388509641198418576e-01,8.715862958321550780e-01
6.944608669608646201e-01,6.521949285151044107e-01,8.847454055802069783e-01,6.744883131658817588e-01,6.824274280794037084e-01,6.767599308648309941e-01,8.624836015282663082e-01,8.024061467749544763e-01,8.188175650260416383e-01,8.714818832850489416e-01
6.339380065071492654e-01,6.420893112600003505e-01,8.761447689665822214e-01,nan,6.660196493273485840e-01,5.849232255847144346e-01,nan,7.186569367385536866e-01,8.045596149166162059e-01,8.559879838182821166e-01
nan,6.515635478207880693e-01,8.692509491844396807e-01,5.437545445524835097e-01,6.521182255803447125e-01,nan,7.825597365572432018e-01,nan,nan,8.351529472767694751e-01
5.839685062614353717e-01,6.283466250231726224e-01,8.513661190553314384e-01,nan,6.351354957853946326e-01,5.101738660928637481e-01,nan,6.417398253299826383e-01,nan,8.230481008523060638e-01
nan,6.515031242387799848e-01,8.376603629228644987e-01,nan,6.187458792898520299e-01,nan,inf,nan,7.105281645416808844e-01,8.150170708254701468e-01
6.207654912928421975e-01,6.290559349607474093e-01,8.408951459059367251e-01,nan,6.066948102969006440e-01,4.836916745154906105e-01,6.283474175527974381e-01,7.235117797012294849e-01,8.043164262810610365e-01,8.231024284635362065e-01
6.115848022390737437e-01,6.400016508520389724e-01,8.396889466567312166e-01,4.198860521573560267e-01,5.917020038067190013e-01,4.561167990761977320e-01,8.018616732719275886e-01,7.070802256383097451e-01,8.010839960936038118e-01,8.171120531544749932e-01
5.894573464386994033e-01,6.162920802481061111e-01,8.149569809022733091e-01,nan,5.740401809703361558e-01,3.836047987581929775e-01,nan,6.697075017078163439e-01,6.684826729747002094e-01,8.007536567159145857e-01
nan,6.130625518660322015e-01,7.924083720101030570e-01,nan,5.599465853945714278e-01,nan,nan,nan,nan,7.788039284185278577e-01
5.205042017808697574e-01,5.996894313954406197e-01,7.961304932568455950e-01,nan,5.449403200449561835e-01,3.203240085580270069e-01,nan,5.316538800851343671e-01,7.755641286397209067e-01,7.646515421563830905e-01
nan,5.886705455402756471e-01,8.015241552348123522e-01,nan,5.279352876541109074e-01,nan,nan,nan,7.378917082474796274e-01,7.678481851222804799e-01
5.435160947324695346e-01,5.980502875393745033e-01,7.969104114395494376e-01,3.084518493182815679e-01,5.152256979683289551e-01,3.052540238048880306e-01,7.502326407467405645e-01,6.436134208482510166e-01,7.573493136944837723e-01,7.714891014639245759e-01
5.212230153993566706e-01,5.803185383703763911e-01,7.881688834879830852e-01,2.776835485338458587e-01,5.024945881972698869e-01,2.910478240037175368e-01,6.815665549903031639e-01,6.386872534766051546e-01,7.703713648986411089e-01,7.656679392103371562e-01
nan,6.005874192639966136e-01,7.689343905487721065e-01,2.996671880651594622e-01,4.853624220845477732e-01,nan,7.374485178497670601e-01,nan,7.417364123771968965e-01,7.429750021659287107e-01
4.577862449089585839e-01,5.762898580612891841e-01,7.396379959705817742e-01,nan,4.712259188275637611e-01,2.045956969647890478e-01,nan,5.199610479289602516e-01,7.519663614444704880e-01,7.167280648835910872e-01
nan,6.127186156731929678e-01,7.228886889896400936e-01,2.729049178762494865e-01,4.600182794670806818e-01,nan,6.552536180394649135e-01,nan,nan,7.129975395355218071e-01
4.655005056699693111e-01,5.990673030519203524e-01,7.314537647496012207e-01,nan,4.458281350665300735e-01,2.556571165446617222e-01,nan,6.178913669131242958e-01,nan,7.122122031701343392e-01
4.641147019386538952e-01,6.232856248221063655e-01,7.389416556123166169e-01,3.248078086567893208e-01,4.336981956651313475e-01,2.612303313218982681e-01,6.850998204962460703e-01,6.053215728961475195e-01,7.529152686954991847e-01,7.150308974496205616e-01
4.529831755965487150e-01,6.209684231712684355e-01,7.282815501256781898e-01,2.926000248253035618e-01,4.243464706881737158e-01,2.660712072574296094e-01,5.855100054115869312e-01,6.072548544388610692e-01,7.530683113221764424e-01,6.989236586693331477e-01
nan,6.189968366852846016e-01,7.142488807178934973e-01,nan,4.110918517823510254e-01,nan,nan,nan,6.657964285033906027e-01,6.761888931661576008e-01
3.938508168337809812e-01,6.198909124510142421e-01,7.020266980343924379e-01,nan,3.980504749921390806e-01,2.277545132642156411e-01,nan,4.740441921820900961e-01,nan,6.518158962036827431e-01
nan,5.950864008393871307e-01,6.902709410119036715e-01,nan,3.899834026832824652e-01,nan,nan,nan,nan,6.445848739703465835e-01
3.812856148343093388e-01,6.121781521793124847e-01,6.831205216159692561e-01,3.297930228105657724e-01,3.810452407431648703e-01,2.851702983386087409e-01,5.437654327993982628e-01,5.216236723977180079e-01,7.155851757633914234e-01,6.471071241080216252e-01
3.872250632433936746e-01,5.746145275812598596e-01,6.783442478315711011e-01,3.933297419113714888e-01,3.705568630932770668e-01,3.099368782104786613e-01,6.185457077131979453e-01,5.428935941281162192e-01,7.192075803427507852e-01,6.438445289846970176e-01
3.641749943104229392e-01,5.895455630579105044e-01,6.618351955556115440e-01,3.924409673392427189e-01,3.630048516181574314e-01,2.912334862431557592e-01,6.014524119270857616e-01,4.999250490408719272e-01,6.588031236184981321e-01,6.309736475420077984e-01
3.266124784439209394e-01,5.501846183564672588e-01,6.347228272425183837e-01,nan,3.539596688157282678e-01,2.433016708557280972e-01,nan,4.161735234702049757e-01,nan,6.049126083692878408e-01
nan,5.669511294347295838e-01,6.218337003702674171e-01,3.978009477763051471e-01,3.430698828092184627e-01,nan,5.899927726132336847e-01,nan,5.979831155290344924e-01,5.857728188802737712e-01
3.360213684948388235e-01,5.508133844708815730e-01,6.239483842752892029e-01,nan,3.374751601139561741e-01,2.885196683468759238e-01,nan,4.456037744752969210e-01,6.754214207216135968e-01,5.815321435639300152e-01
3.059534485189700503e-01,5.586993908777349027e-01,6.226641000413519755e-01,3.996881192889011336e-01,3.331970818077835128e-01,2.924593357719879050e-01,5.600888978449356514e-01,3.843299834822869743e-01,6.330813944247483116e-01,5.862371384748922276e-01
3.228881678350286610e-01,5.722991545979175809e-01,6.143515536596766413e-01,3.999650813156481188e-01,3.248007424708745927e-01,3.232230262112207320e-01,5.564495290892031987e-01,4.257156528775307702e-01,6.641414558234023380e-01,5.862234278061894122e-01
inf,5.582947610818957962e-01,5.997772455100921496e-01,3.532210274542800788e-01,3.182255937100654242e-01,nan,4.893023243221159557e-01,nan,6.020198687881958000e-01,5.622256381287747962e-01
2.961471698825892673e-01,5.811620185464724253e-01,5.776003066832152699e-01,nan,3.134135871695118980e-01,2.478102196990154271e-01,nan,3.289737217045384798e-01,6.335349906780640694e-01,5.410169477673345551e-01
nan,5.475977114081556074e-01,5.568484045004018501e-01,nan,3.058381968727086897e-01,nan,nan,nan,5.406670779969041662e-01,5.211405589757744927e-01
2.660519262242709293e-01,5.712814671538221090e-01,5.526039040640854383e-01,nan,3.015561218864260540e-01,2.514953741157806566e-01,nan,3.112362499607206900e-01,nan,5.230805306418015999e-01
2.671448868269891697e-01,5.308304817155979904e-01,5.568142678201860596e-01,3.106856295441736693e-01,3.012699137839632835e-01,2.708280335638878489e-01,4.181176496669807841e-01,3.220969803367012552e-01,5.716580053135890127e-01,5.261749513244118326e-01
2.795502980986776520e-01,5.377303710531077252e-01,5.486771450008433026e-01,3.706319220236031220e-01,2.963327343101422873e-01,2.741675090897912614e-01,4.902176835448460168e-01,3.304473594998084685e-01,5.898899462632817281e-01,5.131414581222214499e-01
2.412074017838657658e-01,4.958820860921068774e-01,5.337495110700612999e-01,nan,2.899092611924472540e-01,2.397290313981447762e-01,nan,2.818661030179919758e-01,5.664264833976332403e-01,4.952638387441520296e-01
nan,4.757859565309062178e-01,5.214530227573292986e-01,3.254035195671955427e-01,2.877207088422390480e-01,nan,4.164284988578038083e-01,nan,nan,4.657900238300314300e-01
2.237011507274208610e-01,4.554201962272650950e-01,5.087951088484540252e-01,nan,2.842479764375080986e-01,1.898877030189305981e-01,nan,2.808640419451621795e-01,nan,4.548306148746075195e-01
nan,4.240820275164203790e-01,4.992248608649869079e-01,3.614603520010674087e-01,2.801592813073638388e-01,nan,4.517746736852999434e-01,nan,4.883702138713330032e-01,4.547283712869140127e-01
2.170503569913542763e-01,4.316597897841293330e-01,4.934919645181614634e-01,3.115448522142100773e-01,2.805093326799850684e-01,2.396102156876290523e-01,3.834195761859633400e-01,2.975068069562613049e-01,5.251032299377825785e-01,4.534037880502908013e-01
2.156991305608561837e-01,3.938513594348498348e-01,4.824426382081518083e-01,3.548392597837584650e-01,2.781336056649714727e-01,2.235752280632052336e-01,4.312898113707783199e-01,2.815923064595791114e-01,5.038385302329433379e-01,4.484189422447321105e-01
1.927631792268954536e-01,4.141629116154311729e-01,4.596956443919710256e-01,nan,2.713216548116109683e-01,2.052290953969983234e-01,nan,2.617347703119233815e-01,nan,4.220627919915123094e-01
nan,3.806667067627711454e-01,4.425919721504635862e-01,nan,2.689551236746474672e-01,nan,nan,nan,nan,4.070430786539827595e-01
1.693636211515441581e-01,3.953429313376529142e-01,4.405247029772003109e-01,nan,2.678162961582187807e-01,1.559683739200979358e-01,nan,2.298000309739035296e-01,4.611134450518988848e-01,3.951396512966022234e-01
nan,3.760777946893711920e-01,4.385784567311233340e-01,nan,2.630085031803918727e-01,nan,nan,nan,4.422723431357464818e-01,3.989553915686346874e-01
1.650282863138718137e-01,3.756703565986805882e-01,4.311929386518155161e-01,3.110975580542772456e-01,2.611379365645623563e-01,1.955086563343321482e-01,3.765056163575439263e-01,2.621077373035261560e-01,4.463285822919336732e-01,4.037948299615522485e-01
1.562191413955310582e-01,3.612746823388807704e-01,4.203772321652771149e-01,2.517225411236133636e-01,2.603465900945185485e-01,1.814077735220398502e-01,3.092609611148117166e-01,2.422197164281946757e-01,4.127224030109774011e-01,3.851134206601145582e-01
nan,3.277271186679552306e-01,4.044863705659845765e-01,nan,2.538885195634881242e-01,nan,nan,nan,3.967469029252398971e-01,3.665851324111714660e-01
1.335083559521440810e-01,3.213929849377763492e-01,3.852005540266181804e-01,nan,2.492232150329360130e-01,1.227684454825959809e-01,nan,2.074599208560670149e-01,4.025052060406163479e-01,3.452080262717936443e-01
nan,2.735439748136115901e-01,3.733243656924019049e-01,2.297937676252345407e-01,2.490519506994931243e-01,nan,3.085668823428730501e-01,nan,nan,3.395815625491341860e-01
1.350911216743676257e-01,2.727661898502651838e-01,3.739072017682668059e-01,nan,2.448271511561518898e-01,1.409247103728365202e-01,nan,2.195153771331357917e-01,3.359286755314108697e-01,3.444335049201013299e-01
1.418418058654498937e-01,2.274022639788325639e-01,3.704505792547380660e-01,2.407098609137021672e-01,2.399370479053509475e-01,1.443237254977725315e-01,3.327996648718298811e-01,2.120259613671327537e-01,3.750526793058804875e-01,3.366580825757556350e-01
1.299097475444894179e-01,2.250775241409222749e-01,3.580156460589180023e-01,nan,2.389024550776805700e-01,1.364231754643418226e-01,nan,1.962541410080892168e-01,3.613066944907053490e-01,3.255487090645734494e-01
nan,1.945698170763509038e-01,3.469228668985354092e-01,2.022011054929333251e-01,2.337380073765271404e-01,nan,2.944803522313379496e-01,nan,3.009742287579385001e-01,3.002224282245076203e-01
1.170961491165704860e-01,1.856118112282263422e-01,3.394113088043204662e-01,nan,2.266404168389256069e-01,9.741957243114017506e-02,nan,1.537825484344255977e-01,nan,2.882990254913170847e-01
nan,1.765593129377204806e-01,3.317389748916289016e-01,nan,2.251276143116349993e-01,nan,2.243469159284556258e-01,nan,nan,2.865023108189962975e-01
1.182109218038153581e-01,1.641816943242493942e-01,3.221884849308387921e-01,nan,2.215884526468511473e-01,1.057847731119874596e-01,2.164240085375535305e-01,1.700687765310126831e-01,3.082554458604727654e-01,2.846117533703246272e-01
1.255433316381669162e-01,1.666710086442186600e-01,3.137166807090859266e-01,1.832911719596164446e-01,2.141533785726818240e-01,1.056754749182455683e-01,2.811490334990843221e-01,1.701848307506180491e-01,2.987921725394777628e-01,2.852559279519152335e-01
1.089520512149406289e-01,1.439675247769193200e-01,2.997245440692441476e-01,nan,2.110685228430664306e-01,9.169132296580782826e-02,nan,1.500407001838726939e-01,2.509135096471925563e-01,2.673163913548557979e-01
1.024113777528104507e-01,1.481625348769529393e-01,2.815652719111532698e-01,nan,2.075647712844270742e-01,7.961065143840569125e-02,nan,1.378790942564352973e-01,nan,2.515928192113787154e-01
nan,1.209277486477050856e-01,2.729833497394755226e-01,nan,1.996150631266526143e-01,nan,nan,nan,2.282687454632274238e-01,2.423872856695104827e-01
1.097677281129367938e-01,1.215048418078924497e-01,2.728478939239836754e-01,nan,1.954675265630191894e-01,6.996309330909467050e-02,nan,1.523747271742297016e-01,2.539036902982530486e-01,2.396133258465641125e-01
1.048317417077239411e-01,9.900904111439641497e-02,2.705846842121615303e-01,1.510975001978347720e-01,1.931183712818806963e-01,7.480182317036254691e-02,2.437237338570753531e-01,1.441324647149805904e-01,2.392716285448311386e-01,2.465181790098405767e-01
9.744441376306597902e-02,9.104907171356492468e-02,2.626422256362454521e-01,1.345733011056460815e-01,1.857342478620733484e-01,7.326846134536478539e-02,2.200814825982129741e-01,1.491011050426140627e-01,2.336525578336569320e-01,2.369357119676879508e-01
nan,7.613426020769541169e-02,2.540768426954302939e-01,1.404957803844867348e-01,1.802906817021751595e-01,nan,2.332938428788682572e-01,nan,2.020491263182684905e-01,2.229967871968125126e-01
9.129447559373100873e-02,6.309727518580933447e-02,2.442396004425675948e-01,nan,1.778438394613836848e-01,5.755555760146431610e-02,nan,1.183031730450867514e-01,2.184895320205877955e-01,2.079224591076163919e-01
nan,5.776467566643624096e-02,2.323282774914887105e-01,1.150804767010932678e-01,1.708595012047517958e-01,nan,2.034959365614810445e-01,nan,1.848855081380395005e-01,1.972950943506309451e-01
7.817638185807343487e-02,4.594350075561430546e-02,2.266172847948906555e-01,nan,1.646037159107092973e-01,4.580001274215383944e-02,nan,1.218399030650350739e-01,nan,2.022463596214559012e-01
7.934690886221562600e-02,4.629938141545262426e-02,2.240656154150919843e-01,1.136825260582013108e-01,1.624526886243502777e-01,4.929490124337529422e-02,2.055945577567154514e-01,1.219156080596412034e-01,1.951928927270846770e-01,1.979678956978080107e-01
6.908422270982750302e-02,3.696693194983913244e-02,2.161138247683916380e-01,9.450314558868308512e-02,1.563648337042446435e-01,4.584779028142924040e-02,1.749050067625126381e-01,1.146587712773091960e-01,1.893553955019431634e-01,1.921748749975547010e-01
6.133265991942098150e-02,3.841288842983998225e-02,2.053858151245480379e-01,nan,1.488537958810133288e-01,3.935910735853601072e-02,nan,9.473886788773702716e-02,1.779869113236763056e-01,1.769754189570264535e-01
nan,3.148603197475235982e-02,1.984139014963145764e-01,nan,1.458998949893048902e-01,nan,nan,nan,nan,1.629149157147065652e-01
5.078086337859288174e-02,3.202356522132907696e-02,1.947445987610443852e-01,nan,1.410307712298976002e-01,3.491946747365369530e-02,nan,8.944217316174825350e-02,nan,1.625150638811158066e-01
nan,2.846476819345068049e-02,1.894986065111492479e-01,7.514262191330137175e-02,1.338597373489056608e-01,nan,1.503074471720581284e-01,nan,1.528163152473227815e-01,1.599687807076690116e-01
4.569972426197842913e-02,2.616455590463831471e-02,1.839345921280126084e-01,8.361706936592606942e-02,1.308305505116296452e-01,4.006318061757667415e-02,1.702919976793064172e-01,8.125667038889457239e-02,1.569565540980044083e-01,1.621107595453370742e-01
4.192961517276400096e-02,2.498899182490724527e-02,1.767121126908803019e-01,7.999875683165837137e-02,1.271420572189403131e-01,3.648087474393774815e-02,1.656595951836607739e-01,6.875602995943326523e-02,1.451123188346696014e-01,1.542347199930334256e-01
3.691146195533686475e-02,2.061268974388944311e-02,1.661102644057457223e-01,nan,1.199101910024011897e-01,3.658689404892701003e-02,nan,6.122583523193911303e-02,nan,1.414337688257420178e-01
nan,2.128133817640507838e-02,1.577163462752033951e-01,7.285011784813864855e-02,1.160652463180991689e-01,nan,1.573126279657064974e-01,nan,nan,1.360702385132499248e-01
3.143907782545523472e-02,1.690921166316106464e-02,1.544404819496793257e-01,nan,1.137278835565386226e-01,3.491353802171753146e-02,nan,5.555227642015796857e-02,1.312679525543019865e-01,1.301793792851945741e-01
3.042708729657657082e-02,1.870784686514188194e-02,1.528370145261180313e-01,7.180284289354391114e-02,1.080157748773703935e-01,3.836025606600730609e-02,1.476569311323221168e-01,5.207795191750556885e-02,1.259315137159690012e-01,1.353290012039289059e-01
2.726796999007162492e-02,1.592563973590075885e-02,1.488404917599585042e-01,7.128367074405075887e-02,1.041539073236511792e-01,4.355400206255000822e-02,1.435552411673582385e-01,5.653416098196526601e-02,1.254979323521499823e-01,1.316764824147184654e-01
2.697081583717898107e-02,1.783638454491087363e-02,1.430783080695727238e-01,6.480496000679972224e-02,1.020016266546389522e-01,3.940196881771172721e-02,1.272425641604100488e-01,5.003197301261011476e-02,1.079717680286784165e-01,1.228357965651383360e-01
nan,1.724309686010279397e-02,1.370207025257351718e-01,nan,9.628054146150624715e-02,nan,nan,nan,1.070763491022539288e-01,1.139409044187694037e-01
2.247365822058646281e-02,1.921025595078856146e-02,1.306095803638185615e-01,nan,9.162254417231686932e-02,3.664202611801900544e-02,nan,4.834555213396958540e-02,1.107151984490282876e-01,1.036481369800448665e-01
nan,2.221561226754754231e-02,1.260442718677384222e-01,nan,9.026161689957953871e-02,nan,nan,nan,nan,1.058029024177803423e-01
2.533649721257380527e-02,2.329777980356770653e-02,1.233921510938408433e-01,5.735648122908652835e-02,8.621403438451119561e-02,4.003018059095603959e-02,1.013592216013154135e-01,5.393183776387588946e-02,1.007345297436360865e-01,1.041677588934182552e-01
2.643675109980848231e-02,2.987562481547935758e-02,1.195304513430259369e-01,6.900885012834669097e-02,8.128118097094132188e-02,4.044330951898839066e-02,1.192950602869421589e-01,5.448694388105711911e-02,1.043132040813292000e-01,1.014153452436041825e-01
2.366115579837415814e-02,2.816152159668211530e-02,1.136670073808542791e-01,nan,7.920378559294499743e-02,3.501515030854544797e-02,nan,5.188705689317285596e-02,1.009781999892549187e-01,9.484791663656168270e-02
nan,3.611306722641301203e-02,1.082721121472914466e-01,5.541747636640868141e-02,7.542024065816112233e-02,nan,9.717712579078975621e-02,nan,8.393878573823586320e-02,8.374732917635542562e-02
2.315083609906359169e-02,3.248449644396675384e-02,1.051778429341709981e-01,nan,7.040417805693775788e-02,3.105696057931315798e-02,nan,4.945566761186823840e-02,nan,8.285284873063887556e-02
nan,3.880079285407315309e-02,1.025054690948380559e-01,5.680303788434970524e-02,6.857897177883572060e-02,nan,1.044167202293776742e-01,nan,nan,8.025585446834369863e-02
2.264770133488334600e-02,3.569979056566297687e-02,9.920613165493259722e-02,4.382876977911791261e-02,6.628516846149214159e-02,3.001666554840664788e-02,8.550561904430103999e-02,5.430933915694891728e-02,9.005920639305990683e-02,8.223842338027373411e-02
2.601908284271032060e-02,3.672819385018595562e-02,9.543312631658837364e-02,4.688319697320457446e-02,6.160158990112179350e-02,2.841064715725667711e-02,9.814405433471391771e-02,5.158137295728314892e-02,8.696226996843563206e-02,7.962126616390464984e-02
nan,3.623893570251767587e-02,9.019946864888023219e-02,nan,5.881840015852989045e-02,nan,nan,nan,nan,7.173099253506766415e-02
1.737149264000763596e-02,3.289118542530442696e-02,8.451736362477541009e-02,nan,5.646203812207636202e-02,nan,nan,4.190102556464109229e-02,nan,6.816218033540710763e-02
nan,3.722800189416580752e-02,8.138888974980958146e-02,nan,5.219440636889469132e-02,nan,nan,nan,6.731638366038715515e-02,6.376554318956302592e-02
1.906025317146305825e-02,3.291305580995020075e-02,8.067286423376923699e-02,nan,4.956306212033586428e-02,2.045797032483965064e-02,nan,4.067922369117902420e-02,7.410717285603811433e-02,6.548333600709461966e-02
1.798152220330846707e-02,4.241895620809161410e-02,7.907478647696805640e-02,2.243060098315004941e-02,4.796967980031070083e-02,1.978176834333139275e-02,7.922449590315557011e-02,3.795455202865663513e-02,7.164055548217261593e-02,6.516654350769920945e-02
1.636205743419087699e-02,3.792244805213627890e-02,7.587051847355333334e-02,1.665421870708152716e-02,4.411029359467675409e-02,1.760003728849075799e-02,6.575636238168774961e-02,3.422652101065554869e-02,6.540415437981227098e-02,6.047373860551039787e-02
nan,4.869958203215310477e-02,7.293997896380584323e-02,nan,4.069030617207377437e-02,nan,nan,nan,5.533483044043725069e-02,5.629315648259003435e-02
1.298221452734112970e-02,4.654633213898626276e-02,6.978389188683788158e-02,nan,3.895160838594673158e-02,1.271410563701403686e-02,nan,2.473153826463917598e-02,6.265487359939501955e-02,4.926217465633991183e-02
nan,5.289515552954823091e-02,6.624371197661331478e-02,1.235112837288644683e-02,3.596667781718808354e-02,nan,6.056464444153482340e-02,nan,5.520867640148660604e-02,4.929325166588895135e-02
1.033337879783848522e-02,5.469128858801970000e-02,6.420926960121471627e-02,nan,3.290837204104648389e-02,1.196086553582576331e-02,nan,2.225221650685300229e-02,5.248767066063649706e-02,4.908701751473847075e-02
1.096636423071319262e-02,5.125315921643615324e-02,6.274472705425196417e-02,1.312697679797745522e-02,3.145300539383325683e-02,1.148120733934619372e-02,6.485973592631581741e-02,2.083971331467044524e-02,5.798073716215319806e-02,4.786563905721453321e-02
7.755051395932822771e-03,5.598027262095983669e-02,5.959713811817057144e-02,nan,2.913301817431830990e-02,9.311506488212885693e-03,nan,1.788623013881468146e-02,5.462183879896716915e-02,4.564864560904420554e-02
6.417354634974207876e-03,4.348599743177430921e-02,5.600760559916880682e-02,1.248509570469025221e-02,2.618243989105084948e-02,nan,5.574532338904530926e-02,1.562127906661230428e-02,5.220651586632996111e-02,3.990147965071247360e-02
nan,4.847175233568780384e-02,5.424531761031459870e-02,nan,2.471931596556170216e-02,nan,nan,nan,nan,3.822415501184323744e-02
4.879004668440826281e-03,3.580956279948319110e-02,5.335362688662167313e-02,nan,2.313728542786069181e-02,7.563245739997674806e-03,4.140747581833228996e-02,1.556502327282539497e-02,nan,3.710566919693536470e-02
4.369892868603381282e-03,4.015319664224834689e-02,5.164637964696091460e-02,nan,2.077862143676844145e-02,7.683972789933486529e-03,nan,1.454070798095359086e-02,4.640035323131721373e-02,3.756309661365758723e-02
4.588732152741608304e-03,3.199172178402739236e-02,4.985220600915251515e-02,1.787649191053641146e-02,1.945388426102125784e-02,8.106004495578621530e-03,4.932843319404926763e-02,1.590780552973341394e-02,4.638633724643304035e-02,3.751868809858904807e-02
nan,3.422325591533251221e-02,4.768788327512323011e-02,nan,1.829449108137671740e-02,nan,nan,nan,4.160002205126502733e-02,3.368641404059802974e-02
2.924677644676480694e-03,3.374660197595841932e-02,4.459917849279503022e-02,nan,1.631069810361832767e-02,5.987379057365034736e-03,nan,1.361140113987603997e-02,nan,3.173403375545266053e-02
nan,3.351673720036895537e-02,4.213276669920408557e-02,nan,1.501166373470599891e-02,nan,nan,nan,nan,2.908123381020025558e-02
2.706722337078092816e-03,4.031985379516934975e-02,4.133753888377193070e-02,nan,1.420726184033537995e-02,7.628656666979584562e-03,nan,1.426110280351846997e-02,3.705104556499515950e-02,2.928627162701225375e-02
2.729019130196879816e-03,3.508595380373095984e-02,4.099581222815944920e-02,2.307204616100019465e-02,1.272788274238137451e-02,8.795773981151553886e-03,3.884037708597108673e-02,1.412349002935031975e-02,3.552078945877852612e-02,2.978269632012273821e-02
2.345217452024504767e-03,4.511628431673832956e-02,3.972849082238057855e-02,2.180018721001541690e-02,1.152456805531270993e-02,9.368371957795312149e-03,3.445819074513539748e-02,1.457856694401353514e-02,3.351484974833801589e-02,2.778545096073463741e-02
2.510341032956193898e-03,3.500006491865303992e-02,3.810393289434670094e-02,2.368915280931294109e-02,1.088185275270307437e-02,8.480582034875743316e-03,3.574616650256434019e-02,1.292384985641013492e-02,nan,2.618245228301898861e-02
nan,4.240091553710755023e-02,3.679374874605043783e-02,nan,9.795429230412303415e-03,nan,nan,nan,2.658359556298961826e-02,2.271851846800726146e-02
2.051039791392456069e-03,3.226191936354357026e-02,3.538149826245096108e-02,2.107820364919781378e-02,8.767570827064963962e-03,7.725156349610143303e-03,3.013633189028828291e-02,1.238493437707649698e-02,2.751342894613784465e-02,2.164243930092975970e-02
nan,3.329990742772098028e-02,3.412376061060513888e-02,nan,8.305704518586724469e-03,nan,nan,nan,2.280608493213439128e-02,2.187159546576877486e-02
2.821794084809645716e-03,2.736494752239135991e-02,3.309544420214836913e-02,2.015137185231506700e-02,7.601435617348031339e-03,1.111829859029518988e-02,2.901170522724558914e-02,1.232410955846164995e-02,2.419680897172529072e-02,2.130895513490906751e-02
2.514447227515873712e-03,2.281417765665776087e-02,3.185302858136691145e-02,1.655570150177350722e-02,6.774280735306598307e-03,1.072202697052430237e-02,2.423935765498707456e-02,1.097537021548642376e-02,2.267420321583296997e-02,2.100419260329986632e-02
2.538103861718739654e-03,2.168908374425720584e-02,3.002912508422943272e-02,nan,6.415314609513172658e-03,9.317231100727511872e-03,nan,9.614672570909386928e-03,2.167101478299539308e-02,1.821189647739896583e-02
nan,1.574289562985831462e-02,2.842230399856159051e-02,nan,5.986396157731911465e-03,nan,nan,nan,1.724377132107512631e-02,1.703173862917679512e-02
2.391277503446374679e-03,1.872101377179104242e-02,2.790338012149268243e-02,nan,5.360247072158137380e-03,7.934697593355355405e-03,nan,8.253312613157514840e-03,nan,1.648307224659559603e-02
nan,1.383321267025466525e-02,2.767078910933641958e-02,1.232360938201368730e-02,5.090287417403574141e-03,nan,1.844417121453901035e-02,nan,1.577334684301637951e-02,1.645673233225611320e-02
2.352589361195048679e-03,1.850148978634436059e-02,2.700129090720794142e-02,1.412055926022677023e-02,4.870680609140893604e-03,9.888281225461320254e-03,2.047380392656559731e-02,7.526301206996621231e-03,1.688702566909327379e-02,1.707525113414137125e-02
2.622295696283639000e-03,1.495127580857684435e-02,2.600711737620994141e-02,1.435982648350962385e-02,4.394883157603366591e-03,9.148645257578922121e-03,1.972653388941761690e-02,6.597834404628436129e-03,1.564792763236448961e-02,1.542294197005113048e-02
nan,1.839043708493980425e-02,2.486301595766084865e-02,nan,4.138765513375149661e-03,nan,nan,nan,nan,1.444143706794068227e-02
1.538774057796905848e-03,1.643875893024018472e-02,2.362723226708347835e-02,1.485995173010648887e-02,4.031480821748691275e-03,nan,1.753196268349337811e-02,5.482478919424164238e-03,nan,1.317877551519998532e-02
nan,1.607590636211794766e-02,2.274958647198160530e-02,nan,3.696307963742145354e-03,nan,nan,nan,1.101991090594244688e-02,1.271388577081878496e-02
1.883404708032129869e-03,1.634688269110465622e-02,2.257543842524473154e-02,1.653085431987572074e-02,3.463901918753377329e-03,7.550879409460860975e-03,1.576985949291314845e-02,5.716842705656665670e-03,1.153072288516034972e-02,1.329366191786021320e-02
1.445388371021669041e-03,1.218299296075812249e-02,2.222729180697687046e-02,1.727072998654387292e-02,3.417877039185232470e-03,7.703751149169543906e-03,1.465428157656349477e-02,5.741617087281201438e-03,1.058012001361602512e-02,1.234270958714300294e-02
1.524818996216896570e-03,1.326462519600535295e-02,2.129501841665056364e-02,1.688287389999853713e-02,3.182216600296768321e-03,7.239926482540053748e-03,1.292082934878855879e-02,5.366964831865122035e-03,8.431285012393081521e-03,1.174359926890356128e-02
nan,8.137607437635996713e-03,2.049710670227274795e-02,nan,2.953141601545728866e-03,nan,nan,nan,nan,1.012175918481063655e-02
8.985204847586159352e-04,9.145815224232165669e-03,1.992144086379434714e-02,nan,2.932164151496481717e-03,5.294976893125108441e-03,nan,4.967387709265023640e-03,7.784303318612885436e-03,9.319022318511017630e-03
nan,5.557796206577858382e-03,1.939976109037343244e-02,nan,2.794772493065679920e-03,nan,nan,nan,6.621865085251693074e-03,9.356785435486023386e-03
8.553792583041458378e-04,5.968499704282744477e-03,1.893881532862591241e-02,1.647650680518842475e-02,2.599153804954335706e-03,6.991752423614352313e-03,8.901246104622360933e-03,4.944314489765994254e-03,6.179293051049031954e-03,9.055034003071373017e-03
7.606728950785040426e-04,4.602908401217088372e-03,1.848437274396002444e-02,2.027898114500103002e-02,2.591186328087203769e-03,6.965754380179301451e-03,1.031830768465908515e-02,4.689117294641242419e-03,6.063967133454474870e-03,9.228191576520945738e-03
5.363813615962279490e-04,4.667575870138251579e-03,1.759361557973454504e-02,nan,2.510079546368774138e-03,6.110616104853328415e-03,nan,3.749718400343199538e-03,5.416898535856416383e-03,8.134418146458327267e-03
nan,4.917225712744493528e-03,1.660948732716328521e-02,1.589290651656911565e-02,2.308717515882757147e-03,nan,7.751916550687291962e-03,nan,4.963426103089990486e-03,7.467368560201168709e-03
nan,4.326285072480586663e-03,1.624553823422397042e-02,nan,2.278162588895326409e-03,nan,nan,nan,nan,7.178020449492575339e-03
3.331408499328444807e-04,5.676212749482561007e-03,1.614311126806352442e-02,1.652787325398663229e-02,2.260624394702320881e-03,5.323752897611823583e-03,7.894473924430626607e-03,2.847139062021938633e-03,nan,6.955396359936056629e-03
2.990707800266956002e-04,4.181431994272147463e-03,1.585900717716336172e-02,1.246565546776085172e-02,2.091799049753904211e-03,6.269586327608226740e-03,6.096453408346439937e-03,2.523140102544305183e-03,4.134498121791903291e-03,7.377273773034300798e-03
3.352209311169100886e-04,5.674564624258831257e-03,1.545649239739643396e-02,1.385691235018378376e-02,2.028514408462100873e-03,6.177783585247363651e-03,7.054274622819252903e-03,2.203591990463515862e-03,3.992183422922989007e-03,6.711101667009925290e-03
nan,3.777169039382550532e-03,1.489336801148773842e-02,nan,2.017005585006407132e-03,nan,nan,nan,3.414129982961065530e-03,6.313042082551991764e-03
1.839058332810690054e-04,4.494180865705565790e-03,1.417175006115744228e-02,nan,1.857216474234544288e-03,4.507897093282487062e-03,nan,1.428843980108255576e-03,nan,5.699494947272940037e-03
nan,3.085704354574377983e-03,1.362885388606508048e-02,nan,1.763612410647574878e-03,nan,nan,nan,nan,5.277621027295227411e-03
2.246485363376987893e-04,2.830129121017898198e-03,1.351717206636779238e-02,nan,1.771857628850818153e-03,4.404542558939956824e-03,nan,1.055006567631942361e-03,3.244796753773443281e-03,5.537848144616324721e-03
2.302477286169923897e-04,2.297009662065329673e-03,1.335473826249922343e-02,7.697818037571781125e-03,1.656173708274329527e-03,5.087449856161677976e-03,4.788571684527125234e-03,9.122798086000224408e-04,3.116697295283120742e-03,5.192835895349599828e-03
2.262028375154455590e-04,1.596988701010060687e-03,1.290162678274415359e-02,6.376599772382262471e-03,1.544251206296802514e-03,4.816216567391290969e-03,3.950393319628661172e-03,7.624312498652046364e-04,2.832492713793448649e-03,5.073680879641674288e-03
2.261903626360415849e-04,1.639803085329037680e-03,1.245281103930809610e-02,nan,1.539618519066104745e-03,nan,nan,6.156220720008376062e-04,nan,4.418235714877181280e-03
nan,1.050690022249346853e-03,1.210561522058060079e-02,nan,1.441877376155949316e-03,nan,nan,nan,2.382702678639680039e-03,3.923599217334011735e-03
1.852774892424263514e-04,1.447890152917690951e-03,1.180908850904650864e-02,6.198488842125297708e-03,1.318322726438363917e-03,3.208573699293088867e-03,3.204929914463047411e-03,5.148165741822673504e-04,2.501699722268497638e-03,3.920204436257186675e-03
nan,1.041094578530808766e-03,1.151135863896893090e-02,nan,1.314509672958189554e-03,nan,nan,nan,2.201688271749699822e-03,3.736567918682638743e-03
2.854970476442818109e-04,1.566391414558612576e-03,1.121254025369412474e-02,6.948216420681674506e-03,1.257641904267668654e-03,4.063736042372762501e-03,3.315477850906561191e-03,5.700862823874817010e-04,2.309601816592107837e-03,3.900244688253538122e-03
1.985848886489639527e-04,1.298557703509504871e-03,1.076550040432486775e-02,nan,1.126942091154415097e-03,3.633133576028978618e-03,nan,5.278111731726288980e-04,2.085925427688421763e-03,3.520338569766867827e-03
1.964013431461447917e-04,1.587322728911010061e-03,1.014549324140692765e-02,5.784322243940688557e-03,1.088684480929801111e-03,3.244516385644424621e-03,2.678465414212061017e-03,5.620918658555646786e-04,2.052567356189053012e-03,3.180859494366882357e-03
nan,1.528312340962161486e-03,9.713574792554713691e-03,nan,1.045278338138067638e-03,nan,nan,nan,1.643452219134039364e-03,3.037487558155087426e-03
1.597461676370439201e-04,1.332913408207525097e-03,9.624839968102302801e-03,nan,9.298526214680254793e-04,2.538451581538013653e-03,1.884216166100448906e-03,6.322520418660133997e-04,nan,2.876753096971336032e-03
1.726012682476727009e-04,1.514294054522062009e-03,9.600976514287699881e-03,nan,8.812897665138056053e-04,2.815096533039373062e-03,nan,6.175594362392109338e-04,1.669117211170431962e-03,3.093228648746742474e-03
1.982783164405499529e-04,9.597434832346791490e-04,9.356580758774525608e-03,4.037950088100795976e-03,8.529068767468891282e-04,2.974122710332138212e-03,2.071671134013470215e-03,7.004443434820665105e-04,1.729181944373262524e-03,2.918879901664620663e-03
1.543069474725674943e-04,1.177054038511217730e-03,9.020732661029642538e-03,nan,7.529593039297476737e-04,2.569413811289212885e-03,nan,6.426378255829973043e-04,1.622508458528949989e-03,2.719843039987895807e-03
nan,6.363167029372722439e-04,8.706469684007260221e-03,nan,6.906943474900998975e-04,nan,nan,nan,nan,2.488914254190717143e-03
1.038664311880847471e-04,7.484325054899095258e-04,8.297346115368756797e-03,nan,6.723047460103979663e-04,nan,nan,5.443613257316945887e-04,nan,2.229888530636868395e-03
nan,4.594206429885255849e-04,7.984643773903688999e-03,nan,6.012810049682703207e-04,nan,nan,nan,1.391349558288382813e-03,2.329072225531567553e-03
1.090393711286353351e-04,5.146959342112258657e-04,7.892545792321755890e-03,1.515311449848885010e-03,5.416394602444405499e-04,2.164303749905962214e-03,1.389300234027414632e-03,5.400424238427357741e-04,1.479781734638742742e-03,2.177851827758654768e-03
8.244024847052498805e-05,4.746404752205111858e-04,7.698332574843061611e-03,1.094829251275703658e-03,5.297530675183488710e-04,2.141120345914679975e-03,1.190527481010704826e-03,4.853114851652065012e-04,1.430409363268508481e-03,2.134213572059478169e-03
8.693663286477482273e-05,4.847496313465897845e-04,7.287348304509094071e-03,9.086719479084133305e-04,4.811593770125449816e-04,1.842549408778143679e-03,1.203344459514532833e-03,4.092962254000854431e-04,nan,1.911966843834329638e-03
nan,6.531357784649868088e-04,7.000987888463008207e-03,nan,4.244986141204512022e-04,nan,nan,nan,nan,1.656059283739886928e-03
4.950031301770170105e-05,5.261954395926976644e-04,6.911971520111418604e-03,5.076624783766492529e-04,4.135673398496915671e-04,1.731159419931287352e-03,9.573430565482974426e-04,2.948142809427553471e-04,1.250409290449520624e-03,1.641742794745071473e-03
nan,8.434795304966456958e-04,6.734841498960295048e-03,nan,3.853361815441497880e-04,nan,nan,nan,1.149726190962098351e-03,1.544275876155451910e-03
7.847708083312185390e-05,5.576855683757927585e-04,6.481565828259008150e-03,3.378099946143628255e-04,3.366461026314184618e-04,1.946151158193654704e-03,8.658137620469776030e-04,2.030330009273142208e-04,1.164389386194539938e-03,1.620239219456331243e-03
5.731611079420106865e-05,8.428310286627753271e-04,6.268523297042076503e-03,2.485475921737977404e-04,3.232204870333920625e-04,1.848294528630463947e-03,7.025313050789861076e-04,1.574374490563899636e-04,1.102828790410573722e-03,1.534452863646459204e-03
nan,5.334142341737988001e-04,5.931580387996158304e-03,nan,3.067178309210237975e-04,nan,nan,nan,1.004962367884985799e-03,1.375502062456430237e-03
nan,6.112081291388804906e-04,5.547362561760599102e-03,nan,2.665377459896532556e-04,nan,nan,nan,9.466608188795182233e-04,1.336339735980742686e-03
nan,4.429176085296367030e-04,5.371577641146539281e-03,nan,2.508969760299786453e-04,nan,nan,nan,nan,1.217079675822813978e-03
5.380156314302749198e-05,3.456683347472007005e-04,5.335000945163597894e-03,-inf,2.427364437180091821e-04,1.476904423489036177e-03,4.664805791157192118e-04,6.881179668259285057e-05,7.355684027565026570e-04,1.305578792876668781e-03
5.840746207866644564e-05,3.120480208931699978e-04,5.213201446168012898e-03,1.893141630126314394e-04,2.126581807870469632e-04,1.545818155929426724e-03,5.063693337898290047e-04,6.590369417934548515e-05,8.208241172454113508e-04,1.257857176651192618e-03
6.154235182293569487e-05,1.803870849996431266e-04,5.018158365138285053e-03,1.910658561703394329e-04,1.964803015912039853e-04,1.332187531571322201e-03,4.860790032547046037e-04,6.047439463767153770e-05,7.651716521289174183e-04,1.177034139319928837e-03
nan,2.285210505577173039e-04,4.827544600756637598e-03,nan,1.937674085952091976e-04,nan,nan,nan,6.339044618209247308e-04,1.109848827680517958e-03
3.475199024188540436e-05,1.351460320961130632e-04,4.609075986557525581e-03,1.754532808698999855e-04,1.726746061924808900e-04,8.998222018802184800e-04,4.029178690140792617e-04,5.346450360599457481e-05,nan,9.514204099205931511e-04
nan,2.372026572941044224e-04,4.402359217722720715e-03,nan,1.564831480126295906e-04,nan,nan,nan,nan,9.874602244031823513e-04
4.389399233780878924e-05,1.735806305966738114e-04,4.271948710730690685e-03,1.559417081391606895e-04,1.567060645357526373e-04,7.985470051637788384e-04,3.497456561596183318e-04,4.992228759693529468e-05,5.987127149491862756e-04,9.376618519703374928e-04
3.154758401511940143e-05,2.790565555542223286e-04,4.125250866826760121e-03,1.408208312311696401e-04,1.438519364548900210e-04,7.661934300740334347e-04,3.096208750390691783e-04,4.929508288043012057e-05,5.729228336811523388e-04,9.122213067144991283e-04
3.593508423208018060e-05,2.443923106428963488e-04,3.915105751036880577e-03,1.247114144464080794e-04,1.278330538784408466e-04,5.936822778549250479e-04,2.735431155032577353e-04,4.300091732073100083e-05,5.005189509894822928e-04,8.680934935343449137e-04
nan,2.634260659127365674e-04,3.699064983512724558e-03,nan,1.268640568752794396e-04,nan,nan,nan,nan,7.245284489677850407e-04
nan,2.866807822009124259e-04,3.543613702793021840e-03,nan,1.187848478834115454e-04,nan,nan,nan,4.271404165458733216e-04,7.222576398073942599e-04
1.690006173939216736e-05,1.966296907318855925e-04,3.447467973966228047e-03,nan,1.039561633729386774e-04,3.303011899535305195e-04,nan,3.460366698021999696e-05,4.548083768883550110e-04,6.684802268096186632e-04
1.610484868841310894e-05,2.540499369968598825e-04,3.342707938567518293e-03,nan,1.015305125177625356e-04,3.052200636763761107e-04,1.642646865208044092e-04,3.426538136364066356e-05,4.247077427149945116e-04,7.035038466249012240e-04
1.267108472731848003e-05,1.256494002392972737e-04,3.202251267670515669e-03,7.638090040714032400e-05,9.660717959398361083e-05,2.770746148953354246e-04,1.874846052965670152e-04,3.406148198612717564e-05,4.207902029642250044e-04,6.990847551623553813e-04
nan,1.648298711442131254e-04,3.023642580194482732e-03,nan,8.301907593683018733e-05,nan,nan,nan,3.565263811841454678e-04,6.249403825076347684e-04
4.905374618433362928e-06,7.368049233900722246e-05,2.831255597110758811e-03,4.666797613177429331e-05,7.818199262773699407e-05,1.395426173432530014e-04,1.305127988821768825e-04,2.545372643875350982e-05,3.562054129023811320e-04,6.223598743303063521e-04
nan,8.610532903640542499e-05,2.668495460818656566e-03,nan,7.519669312262459255e-05,nan,nan,nan,2.890639512174695311e-04,5.549030379159763850e-04
2.719269194069728822e-06,5.330281084130413953e-05,2.573650527474510927e-03,4.264425592181813452e-05,6.469707491907549467e-05,1.112483186779669660e-04,1.257074197043670937e-04,1.823646246638034555e-05,nan,5.904849425517311699e-04
2.378387359648231727e-06,5.803888079495630748e-05,2.518185561291451727e-03,-inf,5.959647043583492357e-05,1.018864315276601153e-04,9.105427739248570320e-05,1.544252778029246728e-05,2.767216667715981216e-04,5.876403462027725635e-04
3.317203817124982207e-06,6.629262093997833087e-05,2.411994003921556426e-03,3.978730241372620578e-05,5.842466383442503324e-05,8.877507658385763961e-05,1.067235989243498948e-04,1.340127636213376718e-05,2.541653436902315921e-04,5.423230121692035159e-04
2.561724916052159161e-06,5.979107138435548911e-05,2.271059454256919592e-03,nan,5.061691808074053145e-05,nan,nan,1.025749413708828779e-05,2.246129435966299061e-04,5.349990774676820953e-04
nan,9.991721709599708920e-05,2.149453858235581948e-03,nan,4.483319366965584263e-05,nan,nan,nan,nan,4.519345591202072999e-04
4.423676879582735988e-06,6.483432780602251639e-05,2.029888242323020248e-03,nan,4.427073978214778017e-05,inf,nan,6.475585163544919121e-06,nan,4.670571565041916565e-04
nan,1.190338808107326159e-04,1.929472726048548541e-03,nan,3.965111382969193255e-05,nan,nan,nan,1.540439979711564534e-04,4.459264996343237407e-04
6.035723223038222087e-06,6.588506937858060902e-05,1.853500685663490508e-03,7.596316811778758564e-05,3.448865282526955648e-05,4.152987692170663795e-05,5.918961662273510970e-05,6.206527897860211587e-06,1.494671557032935445e-04,4.311731030665118410e-04
7.841292668265122877e-06,9.948062489708914182e-05,1.754273824407859023e-03,8.385437074811767221e-05,3.367245590297897551e-05,3.698601024727802335e-05,4.823714518941085385e-05,5.617688068536209058e-06,1.331375628236254832e-04,4.312689226022266634e-04
8.655697910898158399e-06,5.893304093528912080e-05,1.616265665706242494e-03,nan,3.048169292945494645e-05,2.747196930930391551e-05,nan,5.674941180708381659e-06,nan,3.584150334061493234e-04
nan,5.868528085433592030e-05,1.514116307735545626e-03,nan,2.575362385071006615e-05,nan,nan,nan,nan,3.626431535591278198e-04
6.937205692653516566e-06,4.315295022930614545e-05,1.463972147386386749e-03,1.375508530894771345e-04,2.468511925769036749e-05,2.629367844360397703e-05,3.390914320770133653e-05,5.888370607871191197e-06,9.425015091245123728e-05,3.327096071831847960e-04
9.934393749241902659e-06,2.578171418487370834e-05,1.393421252272752757e-03,nan,2.289514154913177400e-05,nan,nan,5.462010227451222399e-06,8.568989778843965938e-05,3.401821240675944311e-04
1.385524581328117172e-05,2.613317004413531278e-05,1.313990703551325178e-03,2.036041286217145948e-04,1.904438473692452190e-05,3.216500686209293990e-05,3.349118595027023200e-05,6.895661553054730693e-06,8.162120969081223664e-05,3.563267127570016028e-04
8.148200863265253906e-06,1.218027339264312090e-05,1.240209138886838374e-03,nan,1.765807540396576177e-05,2.886483665254321889e-05,nan,6.835380859237721430e-06,6.756673255612776104e-05,3.178110497230731356e-04
nan,2.055330185600855690e-05,1.140200855791256070e-03,2.049157930564333345e-04,1.660347093852662301e-05,nan,2.501401458257379058e-05,nan,6.100868392992642836e-05,3.323175313673264923e-04
nan,1.234553449550933455e-05,1.038301698130473290e-03,nan,1.371604357308757562e-05,nan,nan,nan,5.785031440831256666e-05,2.949862386080231080e-04
nan,2.700379970257192310e-05,9.816471444809198379e-04,-inf,1.232723647453823805e-05,nan,1.652774235296197242e-05,nan,nan,3.047265947463192602e-04
6.867633539690275009e-06,2.109308748356302293e-05,9.493077438866727837e-04,nan,1.189817876331940427e-05,2.746668537615502086e-05,nan,5.941009375559640784e-06,4.440732691485933613e-05,3.182791002745285146e-04
9.107393998962141202e-06,3.298287357353630011e-05,8.923038179635573450e-04,1.518743123540075167e-04,1.003727976580084148e-05,2.899195439807667634e-05,1.651939302869930647e-05,5.627187178800811166e-06,4.386898985222309033e-05,2.918420170754707594e-04
5.664580228957855143e-06,3.266170716023435953e-05,8.282302052131281780e-04,nan,8.729315010017056313e-06,2.483117749975049000e-05,nan,4.926377459747782324e-06,3.950444408297664291e-05,3.012743319186146390e-04
nan,2.946056088859654672e-05,7.745752198775131183e-04,nan,8.459053791332612706e-06,nan,nan,nan,3.057183934938391049e-05,2.524956666606917527e-04
3.748282563210627161e-06,3.774092460372843413e-05,7.140007844225858139e-04,nan,7.297929266787824610e-06,1.648844120615713493e-05,nan,3.637326932725223007e-06,nan,2.526580841713443252e-04
nan,2.030220149013965656e-05,6.590134658608600478e-04,nan,6.226512209098837039e-06,nan,nan,nan,nan,2.474169998983783737e-04
3.197546912509198737e-06,3.055749747516729443e-05,6.161254277097095826e-04,4.805529471783289499e-05,6.094916165991752719e-06,2.166887274814727701e-05,9.113385454396996535e-06,2.654409517335217582e-06,2.515400678748437602e-05,2.309024498784740522e-04
2.016648676911866395e-06,1.210116807287666944e-05,5.700423162531948439e-04,3.464545062038174565e-05,5.446508794998846448e-06,2.228881150486749236e-05,7.446767707245225638e-06,2.258412792339510368e-06,2.316622809305651527e-05,2.422297852833643508e-04
2.218982081846833855e-06,1.699949756474075963e-05,5.133262995909176505e-04,3.161047043347401975e-05,4.556811087069204522e-06,1.933332134821798983e-05,7.323707098981444358e-06,1.617149781959054958e-06,1.774191708176052286e-05,2.035992570344944644e-04
nan,7.210571316404151364e-06,4.617682975234659753e-04,nan,4.419602573897477061e-06,nan,nan,nan,nan,2.027714769764509851e-04
nan,8.211499208700559512e-06,4.285870192587670205e-04,2.595199180506899391e-05,4.116100438673510167e-06,nan,5.411106864666302452e-06,nan,1.481125170171861173e-05,1.909557127265757326e-04
8.473164618756454223e-07,6.534907629429098777e-06,4.032946320701828735e-04,nan,3.456765507898064151e-06,1.519018038431715354e-05,nan,8.968563594421280368e-07,1.568961998139679941e-05,1.869769737429928882e-04
8.273297786035626699e-07,7.337799966285120982e-06,3.760366356585727104e-04,2.948420223800134041e-05,3.343292282947405916e-06,1.666123635351981976e-05,4.556564930843351077e-06,8.479167723242334408e-07,1.458334473230440315e-05,2.069014202852538953e-04
3.633945751184370165e-07,1.222069246939815233e-05,3.441765200183358121e-04,2.637817984849049124e-05,3.278609467827411403e-06,1.623638187343716375e-05,3.541558688394991966e-06,8.145517256042401731e-07,1.347462630886739377e-05,1.833082565542868217e-04
nan,9.599395499069855470e-06,3.109752796246816010e-04,nan,2.802396814159876765e-06,nan,nan,nan,1.158155392863591248e-05,1.943906679897121424e-04
2.239004203411748405e-07,2.087279935466389793e-05,2.793076958083222155e-04,nan,2.660671228668537717e-06,1.071266042817444555e-05,nan,9.026724661224047520e-07,1.282882564923340170e-05,1.756865441540855994e-04
nan,1.147209034281145983e-05,2.507450252454286577e-04,nan,2.722416794841432907e-06,nan,nan,nan,1.118122317906735617e-05,1.718120605151354384e-04
1.753790519891182753e-07,2.424233661321752707e-05,2.314729026193526151e-04,-inf,2.418044052019191755e-06,1.063922924280892887e-05,1.995942897034012070e-06,1.215003758880368869e-06,1.043515187468057252e-05,1.840005202520188742e-04
2.480639359758960328e-07,1.277802003310657244e-05,2.163763875017842714e-04,2.249866866484430644e-05,2.262799227603256456e-06,1.162647775156054338e-05,2.104555496047196742e-06,1.527826465906090815e-06,1.210803630111988928e-05,1.620935876235443955e-04
3.143288318077518249e-07,1.909173153649721145e-05,1.956410046574657711e-04,2.191844834112996788e-05,2.374275505688403425e-06,1.059827530138273343e-05,2.007404028376397555e-06,1.775104120653260260e-06,1.192327735333711250e-05,1.709362163003033566e-04
nan,1.239175361869074751e-05,1.741250553752207839e-04,nan,2.173005867475280765e-06,nan,nan,inf,1.144452779677727375e-05,1.457806582606337219e-04
nan,9.878479561215512526e-06,1.587240290081199149e-04,1.714114282554976155e-05,1.982378228200634231e-06,nan,1.540180085792399490e-06,nan,nan,1.382955578941825418e-04
5.758200085221638429e-07,8.615644491995517684e-06,1.460748125664035921e-04,nan,2.101838941794193817e-06,6.810872999505601034e-06,nan,2.096563380920159532e-06,nan,1.406276228631601313e-04
5.632381591547337538e-07,3.803036976008675452e-06,1.319355732671096619e-04,1.412289908680876166e-05,1.997807314351905150e-06,nan,1.301265328384841741e-06,2.408195965168624519e-06,1.077604146508240677e-05,1.245059048666855830e-04
4.308497404124767027e-07,4.977675580045464217e-06,1.191877161932557383e-04,1.198866638219136540e-05,1.779891764206793861e-06,7.706748156357689342e-06,1.099134081927950273e-06,2.811873336210125551e-06,1.121387617222181746e-05,1.356830413077114239e-04
7.463811482518184210e-07,2.146294691924194691e-06,1.070020099334734263e-04,1.089448849828596344e-05,1.871934298209801519e-06,nan,9.887270603482699470e-07,2.493035694647074077e-06,1.020057226070006168e-05,1.150850671704146028e-04
6.980244281017805592e-07,5.608835535470226350e-06,9.326342863105379158e-05,nan,1.849486016349223982e-06,5.463403378345115359e-06,nan,2.715700637473337026e-06,nan,1.127774181246723854e-04
nan,3.848604327143001196e-06,8.279235579387847943e-05,nan,1.625754130406331666e-06,nan,nan,nan,nan,1.101105298218241506e-04
6.442297994626726936e-07,9.452325666669841959e-06,7.670409329043508580e-05,nan,1.679038218922176284e-06,4.935337719340852965e-06,nan,2.120439481296547529e-06,9.441724278064760683e-06,9.872855846274538878e-05
7.610222377910817455e-07,8.375931181342415673e-06,7.045371749563737772e-05,-inf,1.742995931514434066e-06,5.887800154843987980e-06,5.561101624011490599e-07,1.784905037269615043e-06,9.074009651861503903e-06,1.121895879192728418e-04
7.853529786677004330e-07,1.129238932591595581e-05,6.326484090010171682e-05,7.251599870693570809e-06,1.553029110130983830e-06,5.786050122017045352e-06,6.402657868821719125e-07,1.627020048445908143e-06,8.882653032065592936e-06,9.935148048892833992e-05
5.712958008810837230e-07,1.367893237080145063e-05,5.677205268764445379e-05,nan,1.549807575516778424e-06,5.221289488989981906e-06,nan,1.205585964455762232e-06,7.628161517216137536e-06,1.023415887517193756e-04
nan,9.165787197765497149e-06,5.060536956586019462e-05,5.847078498575491153e-06,1.651235672049353200e-06,nan,4.404693218424049691e-07,nan,7.885816599758768434e-06,9.667709728429570051e-05
nan,1.471100604010654419e-05,4.466015172778775978e-05,nan,1.497580039305548689e-06,nan,nan,nan,8.195869841666308231e-06,8.666107827969272124e-05
nan,5.644867943169611801e-06,4.036142084734142740e-05,1.028592009101102434e-05,1.448232869305354183e-06,nan,4.307851873209815662e-07,nan,6.898124794771327701e-06,9.609644160511277098e-05
4.198560330746970414e-07,9.920098705066436994e-06,3.695715371889265501e-05,inf,1.575001716509224388e-06,4.789502854208647114e-06,3.051985584405533934e-07,3.853403120059387085e-07,7.962283668691888305e-06,8.190015545952602876e-05
5.960694580901431082e-07,3.184994619948541866e-06,3.297360828503013150e-05,1.943871826778500409e-05,1.453488656754428604e-06,4.538772619653748871e-06,3.825358537457735741e-07,2.948669958482672837e-07,8.251018654678046887e-06,8.548538309877623889e-05
2.608456539203783413e-07,4.177593015572219248e-06,2.917693693058440280e-05,nan,1.336191395860057807e-06,3.743404722905844985e-06,nan,2.495389255552686514e-07,8.064082123732423522e-06,7.574668904290460497e-05
nan,1.727376194071272751e-06,2.608728573769235660e-05,nan,1.445629395387631695e-06,nan,nan,nan,6.508599240715696707e-06,6.702258710026914000e-05
2.556174554836097965e-07,1.850070457808558976e-06,2.334930651210661616e-05,nan,1.369276112899695018e-06,2.926662354342056354e-06,nan,2.139520552887832540e-07,nan,6.909113293545944047e-05
nan,2.274308505817467492e-06,2.108234720205564208e-05,nan,1.210379417734741014e-06,nan,nan,nan,6.342798000680348738e-06,5.823085715566258625e-05
1.169052897816249867e-07,2.319050269285536792e-06,1.906492206515192223e-05,4.883725018140430024e-05,1.289944673488730896e-06,3.680386015195392012e-06,2.334185456561956809e-07,2.575963502921774225e-07,7.146495617886164789e-06,6.338773573229157250e-05
1.092992856592051578e-07,5.325794979419498575e-06,1.691594283124545591e-05,4.970398189309014540e-05,1.269416627120572957e-06,3.693022487439236545e-06,2.017338310376937544e-07,2.802372680741977728e-07,6.660250309732927076e-06,5.498795634377486990e-05
nan,3.101454729128828070e-06,1.476054398948313465e-05,nan,1.097755853058772171e-06,nan,nan,nan,nan,5.076944699828545357e-05
nan,8.339373158410524236e-06,1.306443003314916315e-05,nan,1.130407499855812023e-06,nan,nan,nan,nan,5.175201077391182100e-05
nan,3.603698108704490671e-06,1.184194203941100389e-05,4.711469625698106204e-05,1.155480587516491660e-06,nan,1.542774131253487414e-07,nan,4.897293443079896101e-06,4.440172967078306150e-05
2.731437826045468736e-08,7.958114660606476767e-06,1.082168781157073844e-05,nan,1.006654871673019894e-06,3.139747961884640366e-06,nan,3.834921039513451674e-07,4.960340739738471534e-06,4.990989185696372758e-05
2.849483928793443069e-08,4.064506898765694109e-06,9.869322851876982007e-06,4.858045405380460445e-05,1.007014802813439797e-06,3.501538302205997653e-06,1.710764094120191833e-07,4.195516553109013154e-07,4.523515567607273716e-06,4.478270432915101813e-05
1.116852487998697029e-08,4.865914158329952555e-06,8.831108865656992109e-06,nan,1.062117484025794340e-06,3.591441852621546237e-06,nan,4.051845952783921199e-07,3.906930228804602299e-06,4.473053660838394857e-05
nan,3.349858829893061930e-06,7.813537026964892583e-06,3.030686099787967608e-05,9.270916443345249224e-07,nan,1.404234342306940013e-07,nan,nan,4.451030850033157576e-05
1.201494618814297450e-08,1.796548311559262706e-06,6.947973653650513092e-06,nan,8.789220510507204521e-07,3.064433029258661523e-06,nan,3.012275506887709933e-07,3.491483467046072879e-06,3.703320480452116395e-05
nan,1.750424758750554652e-06,6.195637708528319451e-06,-inf,9.458358041315372058e-07,nan,1.046162166397445343e-07,nan,2.912796697451548677e-06,4.120764771054572092e-05
1.086241054145631046e-08,4.958997983145428216e-07,5.605707225953082974e-06,nan,8.477983942296187262e-07,3.486569088030726007e-06,nan,2.021841511596658935e-07,2.775079884482532853e-06,3.432818515077261682e-05
2.304239807324171136e-08,8.948819422169768403e-07,5.091171994121081144e-06,6.773052646308344517e-06,7.647620050847074182e-07,3.469821574705215832e-06,1.152166192480093408e-07,1.731668331606001544e-07,2.916717545398606898e-06,3.425585672634662711e-05
1.489865905405230284e-08,4.249946218964979540e-07,4.523009962097833227e-06,nan,8.205445387214538656e-07,3.072033020290356446e-06,nan,1.345436322994465075e-07,2.605461105463244989e-06,3.149819841789326306e-05
nan,1.602250894767891328e-06,3.999768311356828030e-06,nan,7.538365753573258210e-07,nan,nan,nan,2.328877646326093143e-06,2.616619626426489037e-05
nan,1.157399184204080445e-06,3.634749736024658937e-06,nan,6.493213920369948660e-07,nan,nan,nan,nan,2.757610086417211528e-05
2.587430199401227208e-08,2.524656139096754429e-06,3.332990883490753277e-06,nan,6.924785814804180876e-07,2.238591372518093298e-06,nan,6.675273467121033816e-08,nan,2.272156974131988251e-05
2.256442612253714253e-08,2.493679921451047431e-06,2.983039905956787541e-06,2.224413157406920996e-06,6.763143173357234562e-07,2.178271784299921763e-06,8.762923378302141826e-08,5.778106690627518026e-08,1.974430473722014273e-06,2.369107979576328313e-05
1.817624934662226687e-08,2.401792976238259738e-06,2.685914000479131333e-06,2.185542408493742038e-06,5.800852445243478127e-07,1.897403380889913582e-06,7.589223364935992906e-08,4.749240057076800428e-08,1.829262827245603286e-06,2.198960741009346745e-05
nan,3.433526239556420844e-06,2.409102332765397535e-06,2.639826452501700939e-06,6.064147697756601810e-07,nan,8.135878601219825259e-08,nan,1.545165330880590975e-06,1.910963052464897816e-05
2.918582484337911271e-08,1.477662721525812042e-06,2.094844305847844334e-06,nan,6.221128910232156992e-07,9.952592174357283576e-07,nan,3.185899272569445023e-08,nan,2.014405276423150695e-05
nan,2.819743724657426824e-06,1.863912341303794760e-06,2.338988707923098812e-06,5.413792202684295294e-07,nan,6.902741017952523673e-08,nan,nan,1.657161089536736084e-05
2.523435962594906443e-08,7.714659961068058184e-07,1.735313464801033829e-06,nan,5.609962038330916301e-07,8.809163296067910577e-07,nan,3.124230956593233042e-08,1.199073335747878877e-06,1.819716801881322686e-05
3.178792257397849767e-08,1.391571571509007556e-06,1.595140506710174192e-06,1.854129900370137094e-06,6.137096935268219411e-07,8.357565200337552588e-07,6.763472218955543253e-08,3.825085783012231193e-08,1.058708472042461283e-06,1.666849885644041630e-05
1.731507922688891728e-08,3.641276884059458833e-07,1.430322566482537944e-06,1.257856413906536191e-06,5.482825853005895898e-07,7.525291599728722871e-07,5.596111172215285451e-08,4.822232201270493506e-08,9.387063245776856540e-07,1.557137799972027026e-05
2.079100574945233864e-08,3.706061925484182167e-07,1.300897749359570458e-06,nan,5.452976796398112506e-07,nan,nan,5.211950973644019488e-08,nan,1.608522349666908431e-05
nan,1.814072364825942029e-07,1.181110245540302208e-06,nan,6.188225658085486593e-07,nan,nan,nan,6.490934747874653550e-07,1.313000546798501048e-05
1.394699285558727180e-08,2.162321026203162671e-07,1.043048068680129227e-06,nan,5.745649102927371819e-07,nan,nan,6.006150250619066668e-08,6.124674656929367897e-07,1.397563772189084954e-05
nan,4.625812941723109985e-07,9.444213744417947468e-07,nan,5.478800777029876041e-07,nan,nan,nan,5.110224320762572251e-07,1.199347797418041756e-05
1.826689355757502793e-08,3.640240935270398587e-07,8.719073317929290186e-07,2.006847492227330999e-07,6.316646957653763943e-07,3.655810099276359434e-07,4.743395035219317972e-08,8.276184262698473889e-08,5.221023578916816654e-07,1.122577669212184558e-05
1.755406726740290930e-08,1.100823366697659919e-06,7.819322400957282099e-07,1.403643035947726516e-07,6.119811903615474177e-07,3.094266177774440512e-07,5.001117287526466013e-08,7.430466406132582205e-08,4.451722090014054143e-07,1.091039523262847075e-05
7.941202083643632990e-09,4.508533224305481944e-07,6.939661827282344392e-07,nan,5.591181240806819701e-07,2.083937323947729007e-07,nan,7.367398275576620866e-08,3.912504092593956485e-07,8.481883361909578015e-06
nan,1.408840235338394864e-06,6.290125815307795756e-07,4.937835802426251313e-08,6.387774892721704300e-07,nan,4.339946216714945715e-08,nan,2.972920862056844088e-07,9.000403233366288832e-06
1.217438861429921994e-08,5.659336321220859084e-07,5.790014368666503405e-07,nan,6.530690227919391814e-07,1.263353787252871224e-07,nan,5.240915357038242658e-08,nan,7.403148784388141245e-06
7.718425050664459985e-09,1.146189971699414238e-06,5.327909720749201441e-07,2.131021631748783697e-08,5.881756199434867129e-07,nan,4.307447463781376912e-08,4.241541845785286050e-08,2.658425570510964301e-07,7.374912236485107018e-06
3.842724763933681236e-09,6.288561671366325025e-07,4.908739098070565320e-07,1.263264756896151479e-08,6.597380473097319567e-07,1.047919998855040448e-07,3.773433599337119312e-08,4.096990406863093531e-08,2.583210226249422332e-07,7.015841581792200885e-06
6.148716558902619000e-09,5.324713234540576603e-07,4.469157187219302698e-07,8.747750360508248369e-09,7.060060875488066758e-07,7.153251844567093262e-08,3.775320793823172451e-08,3.223895303282693717e-08,2.283886181698124888e-07,5.857016034639096026e-06
nan,4.388665795550423631e-07,4.001708573237222293e-07,nan,6.293492864450004169e-07,nan,nan,nan,nan,6.256265533484372343e-06
nan,1.453829858508731274e-07,3.617183496431426197e-07,nan,6.818776188347925837e-07,nan,nan,nan,nan,5.033869672917364090e-06
nan,1.596090437849588595e-07,3.329659422622144475e-07,nan,7.648472818036907543e-07,nan,nan,nan,1.428548582731849657e-07,5.110907256332318676e-06
3.268848712229936843e-09,3.104915084131459851e-08,3.134865732587896282e-07,-inf,6.832407158784363449e-07,2.458638607518504642e-08,2.710442102935986023e-08,1.798779752024563457e-08,1.353917704801504052e-07,4.811530769155601358e-06
3.245028785732635706e-09,1.144522396170784755e-07,2.955287518402963575e-07,9.163836623046538358e-09,6.953185629095264360e-07,2.262679349488022192e-08,3.348201307036516021e-08,1.654425127077716627e-08,1.185388521544431099e-07,4.088589951209305004e-06
2.507634638699265461e-09,7.207321954675869533e-08,2.709219277186680642e-07,nan,8.015945302929351626e-07,1.753193769772015730e-08,nan,1.419679843897014949e-08,8.625826951261875481e-08,4.320410482969332515e-06
nan,2.918241027227948985e-07,2.480948584706829608e-07,1.649859051951594800e-08,7.305970055409654060e-07,nan,2.591771435645325779e-08,nan,nan,3.309425088301327714e-06
3.334151407127374597e-09,2.378558865856194347e-07,2.317809187810086312e-07,nan,6.898041542473567851e-07,1.191128584829455959e-08,nan,5.843644176155373188e-09,6.324332794481153317e-08,3.386124145965452273e-06
nan,3.937024841711560791e-07,2.171073633026523693e-07,3.555351617960256310e-08,7.902624001286602360e-07,nan,2.890532679331178289e-08,nan,5.052866260642353094e-08,2.848892916024007963e-06
3.857140715762775669e-09,4.787283401010657077e-07,2.026599974301190742e-07,-inf,7.461165388426814230e-07,1.528743486612125084e-08,2.099875814023454372e-08,2.696978344608356756e-09,4.492453575219448735e-08,2.381167412614791881e-06
1.012050005558215099e-08,2.867674271892706271e-07,1.910409443395232359e-07,6.608059967136232001e-08,6.725263666582954254e-07,1.570655045485357763e-08,2.941343769009765443e-08,2.376118294772966854e-09,3.845462665048518792e-08,2.319019817793953145e-06
3.574581332861504156e-09,5.236949136862949268e-07,1.779177010265949215e-07,nan,7.622231890548736857e-07,inf,nan,2.162159323146332190e-09,3.165654349947879870e-08,1.680593881670424446e-06
nan,1.458496105084152614e-07,1.624697206954360346e-07,nan,7.439212775021131707e-07,nan,2.065394518884873838e-08,nan,2.847539755218257432e-08,1.636807254939041685e-06
nan,3.496156181408215727e-07,1.542061754256552822e-07,nan,6.382813735664920083e-07,nan,nan,nan,nan,1.320590271344084767e-06
6.217418460161715037e-09,7.227327045353369480e-08,1.505611238709700621e-07,nan,7.036081527593086617e-07,2.025079253883010343e-08,nan,2.555471413000578172e-09,nan,1.165605239151709061e-06
3.700590724637933287e-09,1.142675829303854828e-07,1.434822578844958842e-07,2.639533088209780154e-07,7.228160054078942449e-07,2.184417587338555486e-08,2.333516979633152152e-08,2.799847651175501901e-09,2.743065448493640905e-08,1.141813188817502204e-06
6.288014123640104066e-09,2.610854470848847237e-08,1.356660386473867497e-07,3.005968110702781691e-07,6.034854528930034161e-07,1.843924000055841403e-08,2.186767540662823143e-08,2.827515814219238946e-09,2.933771517522871297e-08,8.699249818282896036e-07
nan,1.857012767588620237e-08,1.287434142179357240e-07,nan,6.220168235010820040e-07,nan,nan,nan,2.938920782625872221e-08,9.282516015865902755e-07
4.008048093059160405e-09,1.974933282564768837e-08,1.200321793580453133e-07,nan,6.568820111566695223e-07,1.319232722853547460e-08,nan,2.529553380235631888e-09,nan,7.380066367527163599e-07
nan,2.650641859372633501e-08,1.133944822719230178e-07,2.782303093640123891e-07,5.441472970583037667e-07,nan,1.923802305900501060e-08,nan,nan,7.122256009721078897e-07
4.929999695798138426e-09,8.666041295137942116e-08,1.122011643839572814e-07,nan,5.215875269870029972e-07,1.510429217750072171e-08,nan,2.074754665562738926e-09,4.420404627769119349e-08,6.834661493459004342e-07
5.635972529728792115e-09,4.248119250382822348e-08,1.105688635778556655e-07,2.659938061481903766e-07,5.630320939119975175e-07,1.753965879174247828e-08,2.446802409084813048e-08,1.855562819189327948e-09,5.129882477075469729e-08,5.481148745409355171e-07
2.645762174922424564e-09,1.663109826246777992e-07,1.055926335676470739e-07,nan,4.724459108182679848e-07,1.530681847889544229e-08,nan,1.493661685578004601e-09,5.360710452484448228e-08,5.907551193047977715e-07
nan,5.172319219661135641e-08,1.021704418746334688e-07,1.187704541714577756e-07,4.192903404463894406e-07,nan,2.203872317932273540e-08,nan,nan,4.495822565527312546e-07
nan,1.769519905700358874e-07,9.917793406984955479e-08,nan,4.553887692037533368e-07,nan,nan,nan,5.796334935581626322e-08,4.416122457668614238e-07
1.936257248827254805e-09,7.050496666128553462e-08,9.524847191715632497e-08,inf,3.996738754042445212e-07,nan,1.819178459376629663e-08,5.461230578551797690e-10,6.981858900407273563e-08,3.934504994949966605e-07
2.416617728775994269e-09,1.031373477359656929e-07,9.377939959267318868e-08,nan,3.411603013524638550e-07,nan,nan,4.281331035659235651e-10,7.214000092331231017e-08,3.113851382427785716e-07
5.769809736928588671e-09,6.362808560955447197e-08,9.281887401209573477e-08,9.431736180346332876e-08,3.750281346515792985e-07,1.743065628736345659e-08,2.132301147857922212e-08,3.141009798157856400e-10,8.065392688318358389e-08,3.221474171858687376e-07
2.864830435690489735e-09,3.296636577527120364e-08,8.837431793099653694e-08,nan,3.471195140744449693e-07,nan,nan,1.725369075540741743e-10,7.816320228530373995e-08,2.352480779488070839e-07
1.609729582224551063e-09,3.086843452027736994e-08,8.391757291980686154e-08,nan,2.848085981007132931e-07,1.482497572253509080e-08,nan,1.235758040832525323e-10,8.559505289595890356e-08,2.394853520774491555e-07
nan,4.849866850931413799e-09,8.287010306214872970e-08,nan,3.091800002512331152e-07,nan,nan,nan,7.695416777005303034e-08,2.059702986730476217e-07
3.134777484579839056e-09,5.848580541536132722e-09,8.301221548896274049e-08,nan,3.080839530932438049e-07,1.499237555878434637e-08,nan,6.013371113814092654e-11,nan,1.773485134637542864e-07
2.082119023805175182e-09,1.435591379206606146e-09,8.283257371987113096e-08,6.471541194348218562e-07,2.510757000626420186e-07,2.107480950185365445e-08,1.851459515042541883e-08,5.555856490381980567e-11,9.279619643081067356e-08,1.935983389450785125e-07
1.604768948281740632e-09,1.128654339544851192e-08,8.296671211610893902e-08,6.400241349352576729e-07,2.617322800027340245e-07,2.083606653076795080e-08,1.608731909039525306e-08,5.203977044212295649e-11,1.029798034635077046e-07,1.496115894647391531e-07
2.382851115965175846e-09,7.546308988409399117e-09,8.113697579704843042e-08,7.899867740958456352e-07,2.766364156994284429e-07,-inf,1.781096549360127197e-08,4.891560111061621807e-11,1.065451503701326526e-07,1.687322739517106713e-07
nan,2.429378390539173988e-08,7.787995315758723213e-08,nan,2.269164966672650449e-07,nan,nan,nan,nan,1.441586593455707493e-07
nan,2.210607621466592949e-08,7.660441501073189307e-08,6.601635078714000929e-07,2.229574848405634797e-07,nan,1.534881705895906690e-08,nan,nan,1.342263026094679829e-07
nan,2.175919799748280014e-08,7.709222815325080540e-08,nan,2.486279885664524670e-07,nan,nan,nan,1.181636559564384534e-07,1.451208914648803693e-07
1.736200446829621646e-09,3.077640595640185182e-08,7.784310196533578913e-08,4.571156371980644225e-07,2.136237505344699024e-07,1.549153392792232795e-08,1.539514980107900217e-08,1.778432160751517353e-10,1.390133667800518645e-07,1.142080931933370098e-07
7.454566246337041463e-10,1.035607162228483785e-08,7.772199353640880033e-08,2.886600040992718974e-07,1.996533049793281236e-07,1.402545974747664087e-08,1.252520078195894349e-08,3.113483728970226576e-10,1.454577385359062120e-07,1.315538447978426251e-07
1.115396475282394093e-09,2.519183733729365061e-08,7.635790951946852670e-08,nan,2.302780589181645418e-07,1.186174199818424699e-08,nan,7.695772893537955126e-10,nan,1.093357593986735860e-07
nan,4.517581102942340960e-09,7.554266852139094896e-08,nan,2.083376342118516404e-07,nan,nan,nan,nan,1.057229997667707351e-07
5.228999519260983366e-10,1.141744064381574589e-08,7.638118748984933522e-08,nan,1.866315048436519629e-07,1.079745514513703761e-08,nan,8.929715645100633129e-09,1.571887947803641083e-07,1.056876145319641293e-07
nan,1.943550929976992985e-09,7.699968219840605859e-08,nan,2.221168517580287552e-07,nan,nan,nan,1.553220307437965939e-07,8.272622754793630810e-08
1.048962191532844567e-09,2.065509693136628247e-09,7.626139150548161456e-08,2.875024912444145103e-08,2.165630611519107414e-07,1.516647349433008918e-08,9.972244358583200778e-09,2.205331540746640216e-09,1.634324981922638634e-07,9.397264161295208208e-08
1.537276419460045929e-09,4.284114769341370523e-10,7.577302427953437946e-08,1.583796394756217320e-08,1.857333062254483915e-07,1.700528798245950100e-08,1.062373788095445148e-08,5.021223814120454608e-10,1.611193010958005728e-07,7.246106294647387681e-08
inf,3.651215654802748352e-10,7.437091352696750602e-08,nan,2.155354641830644859e-07,nan,nan,1.559100658149218345e-10,1.580335030418906708e-07,7.257127381923533049e-08
nan,1.171678262946167466e-09,7.214630795742179304e-08,1.950644782049097181e-09,2.237011187761242760e-07,nan,8.583605317380961443e-09,nan,1.555575336398751010e-07,6.915787226492603352e-08
nan,1.071141789064301352e-09,7.365306987677729335e-08,nan,1.865583486755843074e-07,nan,nan,nan,nan,5.789995255459662240e-08
1.860951931268228336e-09,4.473904555489464433e-09,7.699370477819567089e-08,1.687604601092556192e-10,2.032860101981584292e-07,3.525937047407345862e-08,8.201878917367364068e-09,3.346938674133559809e-11,1.285481920468425919e-07,6.901599018725573509e-08
8.384644369484506353e-10,1.323507177346224438e-09,7.736230257653685186e-08,2.375092599850402852e-10,2.199075435375754383e-07,4.295029985384782046e-08,6.732672783999719410e-09,2.367067443514439266e-11,1.396538824326523160e-07,5.585822723404203835e-08
1.507409342218733348e-09,6.869168814390168501e-09,7.697224362356207517e-08,7.111125615483676118e-10,1.809800207774640300e-07,5.013881734353691728e-08,6.791927289861069081e-09,1.577351679132582078e-11,1.298985251010776739e-07,6.298565988277692980e-08
nan,2.039635438137143511e-09,7.812702011378981236e-08,nan,1.802972468641804233e-07,nan,nan,nan,1.049153898526074349e-07,6.090419948184624067e-08
6.948706460754651591e-10,5.861885392723051950e-09,7.763641565078312048e-08,nan,1.981256365485193062e-07,6.381587643608479548e-08,nan,6.098758347796101671e-12,nan,5.365572965631130686e-08
nan,2.701010297899775660e-09,7.660160849980902971e-08,nan,1.635201289021087092e-07,nan,nan,nan,nan,6.463516115803784338e-08
2.160824513905797980e-09,2.682191418092138044e-09,7.906657501282416755e-08,nan,1.506458671903513370e-07,9.982752966384450743e-08,3.974468594247770506e-09,4.499828638814225853e-12,1.072873175869311106e-07,5.059933050560437013e-08
1.896911210788924368e-09,2.170279939025143885e-09,8.090847822582489886e-08,7.207930386782746589e-09,1.705787791449056592e-07,1.102861938902414985e-07,4.647263770859017532e-09,8.277982264603407941e-12,1.030016114277482931e-07,5.994776732703391890e-08
1.318536250874844747e-09,6.270636925916997560e-10,7.939716961550842613e-08,nan,1.456875345879982061e-07,9.942891974075407609e-08,nan,2.828495622558003507e-12,8.914087314173128989e-08,5.374482459239634687e-08
