1.000000000077967632e+00,1.000000000276817014e+00,1.000000000141863632e+00,1.000000000090785379e+00,1.000000000188711935e+00,1.000000000149826596e+00,1.000000000079014573e+00,1.000000000169524395e+00,1.000000000172553971e+00,1.000000000202133421e+00
8.794759747685462203e-01,9.960480076510822567e-01,9.974119135963502858e-01,nan,9.996672054978845701e-01,nan,8.059064833979497910e-01,8.498166492277838824e-01,9.466286950128266486e-01,9.955725735294012058e-01
9.657980799129156635e-01,9.965554678673084199e-01,9.797064012660079424e-01,8.169975130028181987e-01,9.974453958078628446e-01,8.526370780450599485e-01,8.285583540208746323e-01,9.008648569046471266e-01,nan,9.935584159184307484e-01
nan,9.832393925405591428e-01,9.568024043202885132e-01,nan,9.954489800179483483e-01,nan,nan,nan,nan,9.897029480602906881e-01
9.087351467304395358e-01,9.948381292444977708e-01,9.617483658433780835e-01,nan,9.969560909439515450e-01,7.939643634866709876e-01,nan,8.092713716167467819e-01,9.742161326219003215e-01,9.910717361673943016e-01
9.519736860433769543e-01,9.973787833798106739e-01,9.902609062744269774e-01,8.113377207031556848e-01,9.993555504538924605e-01,9.354511912989718070e-01,8.195780831604985162e-01,9.482198243209940536e-01,9.829053546899355620e-01,9.987149987014755093e-01
9.945203301681934116e-01,9.988749114630631754e-01,9.992746654165531872e-01,nan,9.997409330947992778e-01,9.909942612974673715e-01,nan,9.952150439622052813e-01,9.956325644011584375e-01,9.996116297475949874e-01
9.396653453530873223e-01,9.948710156936172444e-01,9.886706395442366180e-01,9.573779845718931591e-01,9.985045810071598860e-01,9.193804116601702603e-01,9.722507718550732481e-01,8.883500589295710848e-01,8.521139303808498155e-01,9.963393309810341103e-01
nan,9.855036425222608587e-01,9.874832442354518625e-01,nan,9.958503093543382700e-01,nan,7.639730180371719914e-01,nan,8.918090138043990311e-01,9.924559632271183762e-01
9.406631875509180452e-01,9.911184324242748866e-01,9.939726338669385708e-01,9.729585712708440637e-01,9.941802495481235624e-01,7.613500037960639899e-01,9.913160706546849665e-01,8.418352018349014587e-01,9.765051557003832094e-01,9.824474594719898590e-01
nan,9.885588578777187996e-01,9.948536406810516430e-01,9.148427801403720139e-01,9.958834487515418887e-01,nan,9.453005660805252619e-01,nan,8.322361957978875457e-01,9.979707200944324397e-01
9.935298891385094811e-01,9.962958846652272271e-01,9.972660169509199868e-01,nan,9.974979877245110371e-01,9.454013101570283295e-01,nan,9.954838237541432377e-01,9.474589102701723720e-01,9.972401839073681273e-01
9.619123311492656647e-01,9.938930665773026973e-01,9.972555912751095430e-01,9.104028341923566803e-01,9.970285030750416500e-01,9.112789462052266476e-01,9.718000551849997892e-01,9.625185861704835810e-01,9.868036226572092229e-01,9.983741578783510429e-01
9.720727636712138686e-01,9.925324734343267119e-01,9.741596716818736734e-01,nan,9.942707014893955586e-01,8.804910811875460430e-01,nan,9.495084122877742727e-01,9.932415519145730842e-01,9.932784950725148665e-01
nan,9.765314613978395286e-01,9.478864705282359360e-01,nan,9.898309610155401339e-01,nan,7.736599503296917035e-01,nan,8.465835686467995114e-01,9.851764159861259307e-01
8.743735491937850712e-01,9.848735334410892994e-01,9.562619594541785784e-01,nan,9.879520081657924280e-01,6.376806154393912518e-01,nan,7.549825424539735597e-01,nan,9.899217243281613898e-01
8.503930081843597000e-01,9.812067020750872004e-01,9.835104299404077155e-01,nan,9.895190813387327866e-01,nan,nan,nan,8.190640128489299343e-01,9.897871539782917560e-01
9.634574869072224379e-01,9.823346535415971026e-01,9.970168930154630349e-01,7.565269771143768862e-01,9.903947806714229474e-01,8.086793567727238452e-01,9.240939083789061481e-01,9.765868687314263052e-01,9.867637532447861570e-01,9.964498022765783114e-01
9.562596783187018445e-01,9.790195791402103165e-01,9.956598379906699270e-01,7.543249848269484303e-01,9.876994056824229817e-01,7.674529986451735786e-01,9.696977854108378425e-01,9.502449340360535901e-01,9.813424343762744417e-01,9.947474815109097479e-01
nan,9.666439282996599491e-01,9.876328249901697998e-01,7.476351040558512073e-01,9.820656189493864874e-01,nan,9.938465306597912274e-01,nan,nan,9.833770421431135000e-01
8.922203704025981619e-01,9.604973858169747469e-01,9.718091803952022545e-01,nan,9.764511457553466389e-01,6.098486174271069427e-01,nan,7.966432546354165201e-01,nan,9.888123793312980636e-01
nan,9.527940249814321749e-01,9.625517512168184631e-01,nan,9.739912458850049637e-01,nan,nan,nan,8.429948314264951170e-01,9.756901627518528297e-01
9.518113163704154944e-01,9.570419724488851143e-01,9.787976338477766269e-01,nan,9.748260164775355285e-01,6.069212466728193256e-01,nan,9.713428006862575570e-01,9.712874119711986109e-01,9.884962420432287233e-01
9.476161225958794621e-01,9.523324204645312596e-01,9.926586488827625621e-01,nan,9.737484682489923049e-01,6.264141248611815316e-01,nan,9.747144789544476273e-01,9.674424913897164968e-01,9.899540556824918403e-01
9.370878917274073627e-01,9.459360067139295225e-01,9.833832406949518656e-01,5.189148821573731363e-01,9.673671568262145470e-01,5.956549543158038418e-01,8.587388989424565855e-01,9.631911500777021740e-01,8.986828415656413771e-01,9.854681441665762431e-01
nan,9.325392534276870649e-01,9.707072868322448311e-01,nan,9.593027722417826197e-01,nan,nan,nan,nan,9.795399464019064473e-01
8.244102165598368170e-01,9.286886927885811271e-01,9.709723224172964740e-01,5.531414879815647057e-01,9.526917514489900984e-01,4.761521254895367816e-01,9.677402687069976972e-01,7.412643664473338445e-01,9.401422669437865531e-01,9.652835993364312639e-01
nan,9.204378797264000100e-01,9.773123717489011764e-01,5.278939472956595269e-01,9.483425440659736250e-01,nan,9.420238545783927719e-01,nan,8.579287481768838042e-01,9.750070797373050491e-01
8.670938763557926032e-01,9.170884691832452695e-01,9.809560450794999609e-01,5.432906487178624788e-01,9.473462718749388056e-01,4.903149754833636131e-01,9.782073392741331697e-01,8.940259825683474215e-01,8.317379833916781484e-01,9.778989427009677771e-01
9.320146481758804224e-01,9.149718588501603023e-01,9.836547315825928672e-01,4.739426603555405570e-01,9.436211552510328504e-01,5.294462401297412857e-01,8.414364513822620850e-01,9.590900356131006887e-01,9.424827230034045211e-01,9.793495435261727611e-01
8.098622343443582228e-01,8.962344615894276556e-01,9.689153635678912080e-01,nan,9.328456638037384563e-01,4.750512735201827264e-01,nan,8.589090663869737297e-01,9.178173826506521582e-01,9.752570026313883700e-01
8.372347261992779677e-01,8.804993709617761066e-01,9.401136060908494851e-01,5.293526506621327732e-01,9.216364700726137338e-01,4.892294877976140488e-01,9.362911289154621786e-01,7.773063922875879106e-01,9.016557816871139108e-01,9.568879096809308482e-01
nan,8.670954257286259681e-01,9.333997390629066304e-01,nan,9.148046286959348183e-01,nan,-7.409334967677420059e-01,nan,nan,9.590509854504537524e-01
8.641643836646508703e-01,8.555865376777703757e-01,9.515305404304191805e-01,nan,9.093436095052355173e-01,5.083812434895239596e-01,7.108829279201733797e-01,9.109188601653076534e-01,nan,9.580891176067005688e-01
8.399125577329645820e-01,8.486773155793778667e-01,9.686638173279135122e-01,nan,9.040352422520504527e-01,5.464349274295348113e-01,nan,8.570098959385857862e-01,8.775718788009306826e-01,9.642492874657985213e-01
8.548224307183419635e-01,8.315932466334882145e-01,9.682807517501942352e-01,nan,8.970360444235664366e-01,6.131347761568292087e-01,nan,9.294826876099612223e-01,9.076124317475849912e-01,9.634884231886309269e-01
nan,8.222753753142140187e-01,9.596491277589233038e-01,6.713430059693071827e-01,8.834348511657369452e-01,nan,9.598821712105901627e-01,nan,8.391426780405620844e-01,9.491360246104377785e-01
7.535884482499065617e-01,8.018370170123567675e-01,9.435374655523471876e-01,6.849737067664235513e-01,8.694344858422864419e-01,6.246162616362258557e-01,9.295468630664699416e-01,7.449178614391989139e-01,nan,9.425154599266597488e-01
nan,7.948223167801956590e-01,9.253060882774190032e-01,7.257345574697502411e-01,8.614970583301490015e-01,nan,9.634136240887132274e-01,nan,nan,9.313966459067531956e-01
7.285758663975454574e-01,7.865022781110057037e-01,9.309104367428060467e-01,nan,8.536272872969665748e-01,5.958717758335264625e-01,nan,7.608930756637468651e-01,8.641628923895268155e-01,9.333130564981549915e-01
8.017970196980893638e-01,7.874554190113223218e-01,9.469243600517240900e-01,nan,8.438864921819857479e-01,7.297254415602101307e-01,nan,8.846600146087346683e-01,8.676156876369813808e-01,9.404353584476264905e-01
7.744175260213014278e-01,7.731126773915270034e-01,9.428604196779409863e-01,nan,8.338171167845401799e-01,7.415102881887420949e-01,nan,8.737102587117095975e-01,8.623969697738428364e-01,9.341456439202401318e-01
7.193873031351054603e-01,7.585273365978020266e-01,9.248365942310721177e-01,nan,8.188069193810116886e-01,6.889479119597018419e-01,nan,7.721588574999411758e-01,7.140442636186039582e-01,9.218107631214532693e-01
nan,7.512359432462579756e-01,9.198950468648144918e-01,7.583058227495467207e-01,8.029005571759263438e-01,nan,8.385990920281989336e-01,nan,7.681997838632290687e-01,9.049459946641795760e-01
7.025788048321944812e-01,7.275704144695538389e-01,9.274671101410084662e-01,nan,7.930961016910262895e-01,7.705648529327080443e-01,nan,8.193490325257445361e-01,8.386629220066311730e-01,9.002306283253964647e-01
nan,7.299429268170041230e-01,9.245614087261394554e-01,8.528190945390997646e-01,7.833443055949166345e-01,nan,9.145969246083310855e-01,nan,7.223593194267819984e-01,9.084899783388432626e-01
6.954661075967483175e-01,7.045018178590448654e-01,9.212401143509315604e-01,8.439234622944612463e-01,7.692211604666118197e-01,7.810187589612503922e-01,9.026470619725467381e-01,8.704837819308640645e-01,8.185617532494101622e-01,9.090065605071883104e-01
6.766058262752332464e-01,7.016198564237530189e-01,9.112267866769353519e-01,7.577508882515444633e-01,7.554847868873691974e-01,7.052926010639068988e-01,8.322809713716643465e-01,7.908588731252620407e-01,8.262817384599323578e-01,9.021192465967541319e-01
6.383555678093542074e-01,6.717907111601896242e-01,8.800007749700120563e-01,nan,7.408181045516930574e-01,6.832876154734973673e-01,6.533080223284820631e-01,7.530791535585534824e-01,8.291751350343805615e-01,8.825171313125785844e-01
nan,6.668891393029224846e-01,8.529048997625198192e-01,nan,7.234517554835665498e-01,nan,nan,nan,6.947416862847621832e-01,8.660900039637654535e-01
5.626065989993331851e-01,6.540265819099488898e-01,8.586664258953915496e-01,6.953744884024818385e-01,7.096840067642692373e-01,nan,8.045952646015596121e-01,nan,nan,8.689342029884721263e-01
5.968728553626725386e-01,6.534149444363483994e-01,8.814583649841085666e-01,nan,6.984505533978230263e-01,6.497822796984472626e-01,nan,7.432074220527211672e-01,7.023843956295819924e-01,8.695095070195495435e-01
6.583988418179748114e-01,6.523528380763754519e-01,8.846678788221273848e-01,nan,6.823783291214190472e-01,6.524345382006273564e-01,6.067591686609803414e-01,7.986796139004933570e-01,8.171249093950143649e-01,8.703695749737271337e-01
5.740235642695166174e-01,6.420891739728621372e-01,8.762341558973010258e-01,nan,6.659555829505261482e-01,5.642526300309027576e-01,nan,7.313609563805519853e-01,8.064694141993754561e-01,8.558443255813176220e-01
nan,6.516250465015014370e-01,8.691349025254835325e-01,4.872254704461128627e-01,6.521538631555977572e-01,nan,6.913941593380016348e-01,nan,nan,8.337002220451105172e-01
5.338722382499244690e-01,6.281949369396140348e-01,8.509421521242260811e-01,5.582520482615523916e-01,6.351274074819182047e-01,5.208887639903038158e-01,8.610827140379972988e-01,6.683833927960765031e-01,nan,8.221756561532986840e-01
nan,6.514690265043229234e-01,8.369049591505750563e-01,4.072009385659532965e-01,6.186545914950238867e-01,nan,6.801468469877842704e-01,nan,7.039629016068150724e-01,8.122680220667344297e-01
5.507662076986362676e-01,6.288259988720824589e-01,8.403302280274765890e-01,4.616287530267219053e-01,6.066924422000511408e-01,4.767496523357933613e-01,8.147009379364965609e-01,7.236802248493542367e-01,8.025396707061593915e-01,8.214457104400021414e-01
5.737476278865150103e-01,6.399366316541235111e-01,8.397519877592752868e-01,nan,5.916545729194532255e-01,4.423566682041518705e-01,nan,7.064199325011149000e-01,8.003657888094627415e-01,8.167348375930083559e-01
5.271250528580562200e-01,6.162696114799549596e-01,8.156292611554055716e-01,nan,5.740267230113577090e-01,3.677118445561425308e-01,nan,6.637540666862519201e-01,7.224342848029772224e-01,7.992791289476799399e-01
nan,6.131351881276035920e-01,7.930414947409539783e-01,nan,5.599599767052522159e-01,nan,nan,nan,nan,7.781720338022899419e-01
nan,5.997597183708665014e-01,7.963661747446688643e-01,nan,5.448989593094815120e-01,nan,nan,nan,7.796266763572484715e-01,7.621273433377698803e-01
nan,5.887855346397827816e-01,8.015422204663320560e-01,3.134950924537563410e-01,5.278727183107868592e-01,nan,7.337279656496211722e-01,nan,7.117767614876805427e-01,7.658029731738418278e-01
5.218113706723286338e-01,5.982999175636447564e-01,7.967726347079086002e-01,nan,5.151571085798073435e-01,2.834941450295313525e-01,nan,6.325010199177101278e-01,7.119982602662243698e-01,7.703524313713910887e-01
4.462864311449428190e-01,5.804835848128276909e-01,7.881973108909262615e-01,3.153003724501650673e-01,5.025417009272874491e-01,2.807407879971496878e-01,7.695785794893587051e-01,6.391973570241641367e-01,7.843412742897878376e-01,7.634323294630230849e-01
nan,6.009698034601352878e-01,7.690139684011053633e-01,2.728416518976148897e-01,4.853219424604190424e-01,nan,6.550955918007572709e-01,nan,7.579872075518477859e-01,7.428639877490624821e-01
4.208176970265865013e-01,5.763278775415565658e-01,7.394845899347468610e-01,nan,4.711787044738667829e-01,2.067399090154511399e-01,nan,5.500505502917770739e-01,7.455459628082521384e-01,7.149608703570062840e-01
nan,6.128984593614316134e-01,7.223826132736361760e-01,nan,4.600415688395931846e-01,nan,nan,nan,nan,7.108222181470996714e-01
4.208147249116140354e-01,5.989777318292800468e-01,7.308843821555374154e-01,nan,4.457984945200141880e-01,2.525659078715736250e-01,nan,6.189204331529113423e-01,nan,7.105736694599833481e-01
4.134353226346931254e-01,6.232351389553906218e-01,7.386867089293742694e-01,3.046654083450074380e-01,4.336434191159953544e-01,2.456901126573123595e-01,6.006664508890480203e-01,6.021946609662115479e-01,7.368524486800505091e-01,7.120176080439120092e-01
4.202102334612625723e-01,6.207594591060241473e-01,7.283203414109357121e-01,nan,4.243773123928543667e-01,2.506850146818349057e-01,nan,6.039397108487697396e-01,7.513435408151938333e-01,6.986249318010587794e-01
nan,6.187728568197601309e-01,7.142961616373275646e-01,nan,4.110748289398879485e-01,nan,4.754282357438665563e-01,nan,6.850653875854775254e-01,6.748682327791671876e-01
3.471701127320302449e-01,6.197811747640856739e-01,7.018373289610048138e-01,nan,3.979809156471426079e-01,nan,5.596260006483004812e-01,nan,nan,6.498835029727433321e-01
nan,5.948695788648438176e-01,6.898053618552876243e-01,3.585856572698816747e-01,3.900161171374783575e-01,nan,6.075788949339258060e-01,nan,nan,6.426633739647231724e-01
3.534825074580121296e-01,6.122492116690645414e-01,6.824990766184125812e-01,3.950085953334341871e-01,3.810261764073725743e-01,2.579550530926037477e-01,6.394960048841845657e-01,4.934018689155629800e-01,7.127175548170784358e-01,6.432547515981877906e-01
3.313272802123757299e-01,5.745760403601530841e-01,6.780705338459404041e-01,nan,3.704809759908422317e-01,3.029744397806825584e-01,nan,5.393209531642912946e-01,7.108522230302245504e-01,6.433983517121066864e-01
3.293671520310391121e-01,5.898908955436740209e-01,6.622333818024297436e-01,3.885689631082608897e-01,3.630034537113180360e-01,2.708714954799258390e-01,5.732185012014683334e-01,4.886198038039992197e-01,6.933596603811584824e-01,6.297977640707170810e-01
3.029317657873947800e-01,5.503886095092482833e-01,6.354120013212524176e-01,nan,3.539843954382359548e-01,2.415053829390306772e-01,nan,4.414451175027838681e-01,nan,6.032623960528473717e-01
nan,5.673801058115661711e-01,6.222352725034748788e-01,nan,3.430254858416056929e-01,nan,nan,nan,6.177883937983044138e-01,5.846052755397057599e-01
3.142145597271793767e-01,5.510947661263636554e-01,6.239983390059760104e-01,nan,3.374486987308555896e-01,2.796194487098019876e-01,nan,4.528859527144407648e-01,6.667657631601338064e-01,5.777189525431811745e-01
2.629537383695118025e-01,5.589020495491228147e-01,6.225679342079025735e-01,nan,3.332247937947047101e-01,2.687755150755224420e-01,nan,3.807850413458508942e-01,5.846808806262410174e-01,5.848150452890644724e-01
3.055009525935278858e-01,5.724335157947988417e-01,6.141925922293225426e-01,4.035350371617041909e-01,3.247352013773959767e-01,3.119258379117316737e-01,5.515004626182735681e-01,4.245481153743694835e-01,6.510999690480553381e-01,5.841964007922402224e-01
2.285591123161591909e-01,5.581830011175347162e-01,5.997032267560690189e-01,3.583267937099076650e-01,3.181886872499207763e-01,nan,4.940977706268543934e-01,3.521899753048459702e-01,6.333105516815586977e-01,5.605809295093949762e-01
2.680820452293767309e-01,5.811879382187589149e-01,5.774954633208945198e-01,3.967024663292044173e-01,3.134684463937068566e-01,2.313418209400738002e-01,5.509452644934036414e-01,3.099513771726829514e-01,6.351786140460905505e-01,5.406416736135875034e-01
nan,5.471805366419664196e-01,5.563650653886949016e-01,nan,3.057881597360506687e-01,nan,nan,nan,5.244936813308973544e-01,5.179005238122944554e-01
nan,5.710805689938666108e-01,5.517913194900784246e-01,nan,3.014789445832282699e-01,nan,nan,nan,nan,5.213542893804382627e-01
2.370237663519767224e-01,5.304711411280238487e-01,5.562801526015057618e-01,nan,3.012897643928576508e-01,2.596205140363979091e-01,nan,3.240912623037153772e-01,5.295472218923031882e-01,5.234104105153346564e-01
2.435227736524969433e-01,5.376497520229501781e-01,5.487302320618259177e-01,nan,2.963125312704465442e-01,2.485320043003804158e-01,nan,3.260712987977366639e-01,5.887126591695667210e-01,5.110089304432875457e-01
2.288438486573209363e-01,4.957780276950244369e-01,5.339649494864121548e-01,3.338159562661662250e-01,2.898016837340340324e-01,2.328797182801098931e-01,3.917832418253325844e-01,2.931687609773721559e-01,5.681771266125209552e-01,4.954830629193672231e-01
nan,4.758260171779668535e-01,5.214813201509064244e-01,nan,2.877276212336566386e-01,nan,nan,nan,nan,4.632554053116845760e-01
2.240008553842754713e-01,4.556477825220563438e-01,5.084749675723729823e-01,2.945547576551293956e-01,2.841948923128597149e-01,1.913536202150875332e-01,3.458747287891434374e-01,2.916813498872319887e-01,nan,4.532128850057252079e-01
nan,4.242758364546405647e-01,4.987861314093467446e-01,3.491991681729655905e-01,2.800851813889699282e-01,nan,4.366120854872668766e-01,nan,4.765621271310228058e-01,4.515719575004939479e-01
2.046438070624881922e-01,4.321276650878180248e-01,4.931930027756970536e-01,3.566150028729299648e-01,2.805194061299501884e-01,2.271756601197562619e-01,4.333810071241539497e-01,2.958985785149810810e-01,5.222499223493677345e-01,4.507243031983297898e-01
1.773767562118422625e-01,3.940122358681772963e-01,4.825861831383085332e-01,3.412507351041187964e-01,2.780957848016425427e-01,1.981201239075262577e-01,3.872795538483899680e-01,2.808300873807359488e-01,5.101010562663974568e-01,4.484167159174118344e-01
1.694114858853907890e-01,4.145416059605061543e-01,4.602085188131418980e-01,nan,2.712249244157132200e-01,1.909826220657064311e-01,nan,2.540571066900670916e-01,4.362129169143940111e-01,4.199725758013468924e-01
nan,3.806643547374189973e-01,4.428980401459426952e-01,2.975617523244025175e-01,2.689064093417733448e-01,nan,3.327065080089683380e-01,nan,nan,4.060113625722859276e-01
nan,3.953733780649567042e-01,4.405150668213480003e-01,nan,2.678243148481237457e-01,nan,nan,nan,4.634816671610323402e-01,3.924474352481538975e-01
1.513520301896134901e-01,3.759130892933982837e-01,4.384778015126700179e-01,nan,2.629076362779725895e-01,1.655294350092774425e-01,nan,2.341102764970783012e-01,4.186354508622951442e-01,3.957470115980500358e-01
1.370146292744190974e-01,3.754246105023159030e-01,4.311217466318272296e-01,nan,2.610598557480585669e-01,1.770285301093650343e-01,nan,2.566758921986000419e-01,4.160831406816361544e-01,4.030729589973458538e-01
1.463626958027715586e-01,3.610778286533085080e-01,4.202284220749133437e-01,nan,2.603511082657776754e-01,1.695714244841189933e-01,nan,2.442567642951732343e-01,4.349625763301120385e-01,3.827251265804231806e-01
nan,3.274021469653116689e-01,4.042330828266770260e-01,2.997333156817597044e-01,2.538188577921068889e-01,nan,3.628300433014559623e-01,nan,4.123080479266150178e-01,3.663721421566102920e-01
1.327331359209366068e-01,3.213251412907842108e-01,3.847757011212065148e-01,2.623575488717512783e-01,2.491221457350361046e-01,1.292968994274150407e-01,3.356215764529070777e-01,2.198428227987763162e-01,3.963095288113478998e-01,3.434431088269058185e-01
nan,2.733061645428438990e-01,3.726691005756315733e-01,2.641964729592150563e-01,2.490318711081997149e-01,nan,3.439132973728133424e-01,nan,nan,3.366528367645243991e-01
1.236433357541122657e-01,2.728779268975242145e-01,3.733270101988944156e-01,nan,2.447447525675625069e-01,1.256494778541196733e-01,nan,2.175530385009335488e-01,nan,3.430466873245801018e-01
1.214797757115659571e-01,2.274355931290900634e-01,3.702666721776709524e-01,nan,2.398153780237737565e-01,1.243465688702420358e-01,nan,2.103235373166792432e-01,3.667319167027832116e-01,3.337063180053082001e-01
1.111440548159869368e-01,2.253252349681259259e-01,3.582086734661084071e-01,nan,2.389188744941035947e-01,1.299709499170412508e-01,nan,1.942103342520191123e-01,3.609308818846986289e-01,3.252842345213136088e-01
nan,1.947442887734586736e-01,3.471452848440629291e-01,nan,2.336971622888504019e-01,nan,nan,nan,3.125086257188094963e-01,2.993290529072227257e-01
nan,1.857794836301169539e-01,3.394330818063979738e-01,1.824112664508507897e-01,2.265035062397772747e-01,nan,2.349439435557264533e-01,nan,nan,2.858502484184528014e-01
nan,1.767337345445877117e-01,3.315340533773326603e-01,nan,2.250955810089253217e-01,nan,nan,nan,nan,2.850312282241512785e-01
9.576191341109521749e-02,1.641984455755552130e-01,3.218858638498900415e-01,1.675725882907127817e-01,2.215400919186164552e-01,9.213683175605474895e-02,2.379450214900599159e-01,1.605355462801466571e-01,3.050458948286818850e-01,2.813142584872780905e-01
1.171448040118935469e-01,1.667527133499543124e-01,3.136190890631399553e-01,1.854760717277982862e-01,2.140206175671229838e-01,9.217125231405738639e-02,2.791941412329594363e-01,1.677800998560908807e-01,2.962440253474283303e-01,2.847181831420877440e-01
nan,1.438306289043462804e-01,2.999295637609716847e-01,1.620278127430507253e-01,2.109979861693511705e-01,nan,2.554904681548827994e-01,nan,2.754050754592444750e-01,2.666690007934989781e-01
9.984521150256737976e-02,1.481347695811813525e-01,2.818216092512002002e-01,1.439555979925968010e-01,2.075460979836465381e-01,8.080272828940938956e-02,2.098060294848899110e-01,1.473138146430691686e-01,nan,2.498727088934452611e-01
nan,1.207355946959165205e-01,2.729925675306458244e-01,nan,1.994773168903715421e-01,nan,nan,nan,2.365198315176988419e-01,2.415117039726006054e-01
9.717942119809466761e-02,1.214232482148967091e-01,2.726498333121923912e-01,1.251551080809477634e-01,1.953679542156223636e-01,6.617169085566067255e-02,1.734313336385607529e-01,1.517089097180989998e-01,2.490201075226504690e-01,2.363799978144979497e-01
9.550879500517693577e-02,9.890277635286676139e-02,2.703898128045557625e-01,nan,1.930984064179522841e-01,6.756726145549181439e-02,nan,1.430754681448954957e-01,2.176236559520474956e-01,2.451857709416996878e-01
8.000699041897882391e-02,9.101564951863583275e-02,2.625387962645314155e-01,nan,1.856219952867413370e-01,6.726579505187102459e-02,nan,1.479170690920400544e-01,2.350929024970705161e-01,2.359786660537788738e-01
nan,7.614429979788034375e-02,2.539726731345141597e-01,nan,1.801695173639348002e-01,nan,nan,nan,2.205301468553156063e-01,2.214517438488999290e-01
nan,6.310664098440045555e-02,2.439848544877588898e-01,nan,1.778233580646798040e-01,nan,nan,nan,2.196602711905387140e-01,2.078639954380461508e-01
nan,5.785766847187002321e-02,2.318449056051237744e-01,1.264509389012236362e-01,1.707798526240905668e-01,nan,2.181199036096255484e-01,nan,1.749097893241315926e-01,1.947739902585313432e-01
nan,4.597599618263007587e-02,2.260627950624143345e-01,1.033740113301008789e-01,1.644839196206286103e-01,nan,1.823482699280990493e-01,nan,nan,2.007589904076665654e-01
7.222830208463028312e-02,4.640088314499319494e-02,2.238061565500679972e-01,1.101203732911012201e-01,1.624412305128153655e-01,4.266364586264596859e-02,1.945902951339968101e-01,1.203197836081491834e-01,1.787669015458202559e-01,1.964553761207744609e-01
5.688419377102879593e-02,3.698713858921801739e-02,2.162304014295805266e-01,nan,1.562966699824547556e-01,4.156437897264377013e-02,nan,1.119946019152553152e-01,1.898794955022382602e-01,1.905836060135750465e-01
5.549160001868885805e-02,3.846724013587128621e-02,2.056326622388075231e-01,nan,1.487304249411738610e-01,3.758147356072223666e-02,nan,1.000447908654439333e-01,1.788683373305634261e-01,1.773152288515183195e-01
nan,3.148137652154502086e-02,1.985079374648522355e-01,nan,1.458594577355253330e-01,nan,nan,nan,nan,1.611578675278876605e-01
4.372651797469555984e-02,3.202025647375238843e-02,1.946869927647414122e-01,nan,1.409723641460715327e-01,3.565023578936288295e-02,nan,9.071743499555243173e-02,nan,1.611458775749609051e-01
nan,2.844560876363705360e-02,1.893899292615571495e-01,7.810250922883632541e-02,1.337259670090834296e-01,nan,1.358751789383287056e-01,nan,1.462764779136743742e-01,1.583035139231147581e-01
3.817201341608485177e-02,2.613735993438835031e-02,1.838315319988935437e-01,nan,1.307694557698846349e-01,3.328626558247625711e-02,nan,8.007417701346507266e-02,1.559548480540094983e-01,1.601912213368894555e-01
3.728202898885254329e-02,2.497862920094855860e-02,1.767297264619624164e-01,7.738978052128323015e-02,1.271082953082296185e-01,3.127783561712779020e-02,1.511187924266169380e-01,6.845552536591185955e-02,1.500242963492284809e-01,1.545106439640017149e-01
2.809114979992446276e-02,2.058013815890312459e-02,1.661812880076251608e-01,7.263258211734681391e-02,1.197981876988073874e-01,3.386478427615256803e-02,1.456448368619202849e-01,5.655181495981079220e-02,1.227603038409990771e-01,1.401977545480000420e-01
nan,2.128701284405321373e-02,1.576724977849858211e-01,nan,1.159863979369406273e-01,nan,nan,nan,nan,1.352658274850224718e-01
nan,1.689873804252279427e-02,1.542699060538125222e-01,5.712097689540401868e-02,1.136993619388676352e-01,nan,1.018864867740584129e-01,nan,1.313690171412069119e-01,1.287957242694446891e-01
2.858056658741436537e-02,1.873983584839114883e-02,1.527033553388328635e-01,nan,1.079228221476031258e-01,3.737749834056774273e-02,nan,5.335280762371218122e-02,1.176029496571794619e-01,1.332648048122066498e-01
2.416739810321188661e-02,1.594367543481775909e-02,1.487530535380771346e-01,5.081285899631621944e-02,1.040744262195009151e-01,3.655860206070093293e-02,8.164238957175631861e-02,5.517105521545646180e-02,1.184911352408857116e-01,1.314956933326164590e-01
2.335571799631960127e-02,1.787880398021651079e-02,1.429610148614912646e-01,nan,1.019853730903272360e-01,3.423261709738132513e-02,nan,5.116699534798017229e-02,1.198620203354275743e-01,1.216830398657187673e-01
nan,1.728080195832247534e-02,1.368920063491589345e-01,nan,9.621368280062612965e-02,nan,nan,nan,1.131476606295386544e-01,1.135757968346950419e-01
1.990658056105747142e-02,1.924420437588924074e-02,1.303967264962860861e-01,6.347811033440564632e-02,9.152932359355404890e-02,3.629543957863727577e-02,1.185665221524534740e-01,5.024122306808165989e-02,1.079469025860908676e-01,1.028437282250738438e-01
nan,2.225398237158703746e-02,1.257441475767054895e-01,5.849696286881363866e-02,9.024236323646166180e-02,nan,1.054168044052985059e-01,nan,nan,1.039715509924829806e-01
2.130964285718439655e-02,2.329867058342955863e-02,1.231363602703313964e-01,7.018913051989478236e-02,8.615972886990283519e-02,3.399954927547465394e-02,1.177456979903716422e-01,5.257220985894535403e-02,nan,1.035865978438446910e-01
2.413374555264691246e-02,2.989403221384458187e-02,1.194874914854253400e-01,nan,8.118074416027706852e-02,3.322673102575086912e-02,nan,5.353199440567654732e-02,1.030246486297180519e-01,1.001005269572326911e-01
1.947963796901176076e-02,2.811522889805826916e-02,1.138189446332885379e-01,5.677597386392439077e-02,7.916745895149897294e-02,3.153991496123852156e-02,9.440086671634582982e-02,5.006740917897020693e-02,1.009407878615433407e-01,9.464207807032520847e-02
nan,3.609406889087213299e-02,1.084265080560510436e-01,nan,7.537709520626979798e-02,nan,nan,nan,8.714969787238187326e-02,8.348603280894814627e-02
nan,3.241981228589042169e-02,1.052223891821804092e-01,nan,7.031527104686843832e-02,nan,nan,nan,nan,8.146687185869048997e-02
1.951928112149060521e-02,3.877342343199766117e-02,1.024421510276199154e-01,nan,6.853236511245078266e-02,2.817665069908562026e-02,nan,4.644203827296101289e-02,nan,7.965051455947094738e-02
2.113612522315141962e-02,3.566562101326671563e-02,9.912080845739977553e-02,nan,6.625764336846570735e-02,2.458226064952524423e-02,nan,5.143820299506153548e-02,8.848904425240844418e-02,8.081973508107513637e-02
2.195929263664822204e-02,3.671590220661213877e-02,9.539158157408014760e-02,4.092047642711509753e-02,6.152851782484575205e-02,2.265806943137030349e-02,7.572909017445618451e-02,5.094347787366533542e-02,8.642892738200358416e-02,7.924469822300886368e-02
nan,3.628138807773181873e-02,9.022133694649366042e-02,3.578413106864398313e-02,5.877869730549335758e-02,nan,8.534134734074183548e-02,nan,7.928745475082163430e-02,7.164097033994674957e-02
1.593030149445618521e-02,3.291978366568800579e-02,8.450197677868567792e-02,3.425944782077963019e-02,5.644286583497726967e-02,1.959590161011042636e-02,8.545748136305711395e-02,4.430168963330843868e-02,nan,6.718866961649004599e-02
nan,3.733645225659520256e-02,8.124845917006875973e-02,2.368722521069990122e-02,5.213003426640210741e-02,nan,6.244025562441832267e-02,nan,6.911727070584669508e-02,6.337418860583853009e-02
1.700636100975920495e-02,3.296202468745284414e-02,8.049325631447513951e-02,nan,4.950776199904821651e-02,1.805491604118447668e-02,nan,3.941792510648745029e-02,7.208300124336679271e-02,6.411752056550648615e-02
1.659803574103240961e-02,4.254956991340883010e-02,7.899266583325138813e-02,1.581332412834811699e-02,4.795287508766341716e-02,1.633008901912444064e-02,4.433196736936324128e-02,3.739112813311710332e-02,6.505552276028610248e-02,6.456135761607234569e-02
1.442195446313322346e-02,3.795750016404691313e-02,7.587856356164386640e-02,nan,4.406613292853161362e-02,1.445060866264090589e-02,-1.679947818545344043e-02,3.369918298327350542e-02,6.888302729257377022e-02,6.031349052746789313e-02
nan,4.874813446511205850e-02,7.290778059701778779e-02,1.033339914852717846e-02,4.063809748113957065e-02,nan,3.538700990053296469e-02,nan,6.315922577305652097e-02,5.558479031474843762e-02
nan,4.652221338326863187e-02,6.967329116965387259e-02,nan,3.893317879141698634e-02,nan,nan,nan,6.285682977276936534e-02,4.924083655016557592e-02
nan,5.283897231468868971e-02,6.607449971139611744e-02,nan,3.592489769050408177e-02,nan,nan,nan,nan,4.830137028335598770e-02
9.685128534785916385e-03,5.463161036321081965e-02,6.405244105464021065e-02,1.333892287095747586e-02,3.285247239790860946e-02,nan,6.320565581336176630e-02,1.975249876576868138e-02,nan,4.838061704006758196e-02
9.685597008624008408e-03,5.112120364029802688e-02,6.269488803247443010e-02,1.189014279765104182e-02,3.143450726433430487e-02,9.112037438321061653e-03,5.948622338449183200e-02,2.027513390353873415e-02,5.340939555210276468e-02,4.749217820421203218e-02
6.838252488928124942e-03,5.593160678451402495e-02,5.966970464365721483e-02,1.252493005861840883e-02,2.911047430773557043e-02,7.662754628259030656e-03,5.321026009860709005e-02,1.732467949230513671e-02,5.537471329502439282e-02,4.498707213139383626e-02
5.934648495518159324e-03,4.337876042269090543e-02,5.610291686487693663e-02,nan,2.614398818069179481e-02,7.044443250186276269e-03,nan,1.648414903716318575e-02,5.221205240004211240e-02,4.003181150258671578e-02
nan,4.849278253922048587e-02,5.427765425768250190e-02,nan,2.470530742241486624e-02,nan,3.663560868167007462e-02,nan,nan,3.757173584830050123e-02
4.652015207351150802e-03,3.578908858151098882e-02,5.334200659049605914e-02,nan,2.312406144823001344e-02,6.450058049903456200e-03,nan,1.519072519011218508e-02,nan,3.651434364656435533e-02
4.314226205533153863e-03,4.023441202755081297e-02,5.161860764437089383e-02,nan,2.074458214211083798e-02,6.524098005085071997e-03,nan,1.451826634465795338e-02,4.362339896664909483e-02,3.712003023518174738e-02
4.174397065179457147e-03,3.206446426524232896e-02,4.981809641124284455e-02,nan,1.943714035583930105e-02,6.283702104111451615e-03,3.038035602097133303e-02,1.554283939188282233e-02,4.599124406720631747e-02,3.682048096129723197e-02
3.069089531067270126e-03,3.432225540689247401e-02,4.765325711617591359e-02,nan,1.828676283830599561e-02,nan,nan,1.346773847276783002e-02,4.400866793829345813e-02,3.382350664444096905e-02
nan,3.385445323127682371e-02,4.455940866621539709e-02,1.830153882209044694e-02,1.628532442509952882e-02,nan,3.621007487263049052e-02,nan,nan,3.133481273107456555e-02
nan,3.355085832460506789e-02,4.205759677230239829e-02,1.993240826990225548e-02,1.499324884389896875e-02,nan,4.080461656631913236e-02,nan,nan,2.868338890688369724e-02
nan,4.038295639308264739e-02,4.122794176809278094e-02,2.225241752424118175e-02,1.420044793139416291e-02,nan,3.863037457792693058e-02,nan,3.672160685657479412e-02,2.889918223829659322e-02
2.569874742274204978e-03,3.502705083507078737e-02,4.092218670953452070e-02,nan,1.270918924567695195e-02,7.018580974264316749e-03,nan,1.403693428964491660e-02,3.283829966336778566e-02,2.905926176095361552e-02
2.231446344805496865e-03,4.510846382798550103e-02,3.970180259491970509e-02,nan,1.150427180658893621e-02,7.703097129462474491e-03,nan,1.420180405292010076e-02,3.254283651098036079e-02,2.776999797387868368e-02
2.314655956983881994e-03,3.488833430480087205e-02,3.810398138872396478e-02,1.476485360167836824e-02,1.087586440237724855e-02,7.115902760596438600e-03,1.665874027352633874e-02,1.333524268601225977e-02,3.093324600424329079e-02,2.586928267952865249e-02
nan,4.234105717656171108e-02,3.678219751527637971e-02,nan,9.782945940895300396e-03,nan,-4.881488923506526259e-03,nan,2.853781005497387294e-02,2.251425422343853247e-02
2.039278517815626152e-03,3.216507496772064850e-02,3.533096593382952649e-02,1.258331786352310383e-02,8.751416430588023279e-03,7.778203311674086740e-03,1.389314978525733706e-02,1.239001932796637839e-02,2.648183030273629224e-02,2.145260430261414220e-02
nan,3.323609654456449042e-02,3.403690136920292653e-02,nan,8.300925793124608321e-03,nan,nan,nan,nan,2.125299553095212970e-02
2.770819058589522876e-03,2.734123962945811045e-02,3.302602381100861600e-02,nan,7.594471107702002906e-03,8.154531696056082149e-03,1.805432521643656960e-02,1.181503319123489854e-02,nan,2.116694565952762994e-02
2.289703582701010844e-03,2.279652940868524130e-02,3.186118906489135427e-02,1.950108373762542840e-02,6.762331310961358123e-03,8.294754283041454526e-03,2.593640142221297074e-02,1.063818829993136775e-02,2.292385061207432434e-02,2.066636841152495394e-02
2.293202676911082136e-03,2.174646288360783039e-02,3.008902098171218828e-02,1.563495416316586575e-02,6.410775852387400747e-03,8.138986005165259677e-03,2.436035257421084385e-02,8.761749502809640378e-03,2.170810254447224155e-02,1.808641717341927940e-02
nan,1.576235187880064073e-02,2.846403394657813501e-02,1.464157096078344371e-02,5.981832881061670097e-03,nan,1.923134736583559726e-02,nan,1.768315670427801287e-02,1.698124980984192650e-02
nan,1.881051253062492046e-02,2.789783430633828790e-02,nan,5.349143267808040281e-03,nan,nan,nan,nan,1.601948836651236052e-02
2.397492770826186500e-03,1.385557818153738269e-02,2.764281930009283156e-02,nan,5.084283313331210141e-03,7.603183502682936412e-03,nan,7.098498809778376259e-03,nan,1.628535765416231837e-02
2.324871489346523861e-03,1.856079647100486105e-02,2.697665344394143544e-02,nan,4.867336097911720283e-03,7.648230696579555107e-03,nan,7.175681710824068603e-03,1.654425785177603830e-02,1.671375656970295817e-02
2.467998144045014958e-03,1.495213913336773150e-02,2.599193032150626248e-02,nan,4.385575294942017054e-03,6.663727096166786705e-03,nan,6.576138577573444402e-03,1.562086776008496554e-02,1.528451579273637159e-02
nan,1.838950388270967420e-02,2.484382906684327527e-02,1.166650659670440474e-02,4.131969051362990343e-03,nan,1.297765445503818761e-02,nan,1.340217894389176753e-02,1.447011211266646322e-02
1.541029921509035495e-03,1.641405656434677049e-02,2.357490671602176582e-02,nan,4.028663181810262194e-03,6.954106294191877286e-03,nan,5.630517825915623033e-03,nan,1.285110699427171460e-02
nan,1.602737433049703994e-02,2.266401249600802359e-02,1.463061757326353240e-02,3.689079282062613339e-03,nan,1.363191504132090469e-02,nan,1.113804004452956069e-02,1.258899445464560334e-02
1.823287288002208278e-03,1.631587480689429895e-02,2.250679434231232096e-02,1.481875060908059184e-02,3.456838134475552059e-03,5.393751178109573545e-03,1.430821695974508583e-02,5.370744524639508265e-03,1.116241419578839315e-02,1.293985398254348523e-02
1.386397609343059450e-03,1.212654837682828821e-02,2.221480451595589725e-02,1.672527096297473509e-02,3.415424600039958930e-03,6.676321020719181397e-03,1.286743506486273843e-02,5.542199750840807321e-03,9.655384831864181200e-03,1.214925757126050429e-02
1.459561921141372225e-03,1.325074958374249795e-02,2.131273526861688500e-02,nan,3.177266241061555904e-03,5.486102487210391468e-03,nan,5.123963239452115730e-03,9.435174166894847933e-03,1.174388857279055724e-02
nan,8.107784197341200497e-03,2.049838885574302091e-02,nan,2.947069952361489227e-03,nan,nan,nan,8.131139109852582661e-03,9.904812777282332933e-03
nan,9.153123372894705553e-03,1.989808274090948750e-02,1.168304240440703502e-02,2.930386323486459076e-03,nan,5.366504020146212195e-03,nan,7.808669558421969976e-03,9.292648351885453642e-03
8.813504081826914601e-04,5.556887337424441624e-03,1.936611739084328696e-02,nan,2.791122659256505770e-03,5.494507354906498324e-03,nan,4.163685725028669349e-03,nan,9.108803786847207568e-03
8.545476436534839076e-04,5.989427266751788485e-03,1.891016868135631315e-02,1.139180216572513275e-02,2.593021230986138244e-03,4.628701851793953770e-03,4.960750579044785960e-03,4.453520571318836732e-03,nan,8.848079064973313201e-03
7.056780138802019485e-04,4.622314809350924585e-03,1.847683586982039675e-02,nan,2.588910225595551177e-03,5.058355365945491414e-03,nan,4.547152681670001313e-03,5.728338178656815390e-03,9.184798872593703117e-03
nan,4.684007399007175838e-03,1.761371177279812822e-02,1.531269900980053618e-02,2.507824303130972658e-03,nan,7.438155540811760072e-03,nan,5.590947976384149504e-03,7.950355937157913000e-03
4.337151461192796978e-04,4.934772753749167712e-03,1.662770011374063023e-02,1.755873247023756467e-02,2.302580772227997511e-03,5.022882262045594640e-03,7.562566119458791550e-03,3.569371395298128868e-03,4.938218115699478071e-03,7.490602207590292896e-03
nan,4.324413922570710840e-03,1.624527186261903386e-02,nan,2.274609630276829778e-03,nan,nan,nan,nan,7.014859282836995169e-03
3.418416698082670196e-04,5.682348153962647579e-03,1.613047614205295396e-02,1.331956505827082589e-02,2.258403611187868084e-03,5.365272588235220873e-03,5.188593810903666288e-03,2.662266819279942871e-03,nan,6.769904710511926403e-03
2.934582651359981934e-04,4.165571387754075233e-03,1.584814455247238879e-02,nan,2.086724925824481186e-03,4.597848600346203171e-03,nan,2.477656014090983544e-03,3.852194978159215709e-03,7.295428257669373320e-03
3.195537930761638040e-04,5.667146558876337212e-03,1.543860363940779794e-02,nan,2.025115306687381728e-03,4.022909896063269451e-03,nan,2.131285330299448506e-03,3.971414968061724032e-03,6.529961992247628605e-03
nan,3.758668917988298389e-03,1.486816099535587590e-02,nan,2.015933215567940369e-03,nan,nan,nan,3.689809630179357539e-03,6.344100361098137589e-03
nan,4.481923443517919943e-03,1.414615241242486374e-02,nan,1.853389164241342306e-03,nan,nan,nan,nan,5.603805883916012330e-03
nan,3.073926246135960400e-03,1.358745264361615676e-02,8.041961933893223419e-03,1.759576872137643463e-03,nan,4.094195666734096010e-03,nan,nan,5.144638802914536929e-03
nan,2.822049742028893277e-03,1.346502183952498662e-02,6.672337059635820994e-03,1.770754226614291386e-03,nan,4.707607930390755695e-03,nan,3.192636981485930722e-03,5.467986174031752751e-03
2.261626941367059261e-04,2.297443445241579424e-03,1.332459693456673755e-02,7.631649201040508791e-03,1.653433199459137734e-03,4.213909747142366262e-03,3.940083557878386322e-03,8.863036881153626111e-04,2.867537643667921778e-03,5.015793282945000924e-03
2.153667283354123644e-04,1.596525601627324029e-03,1.290692256673851672e-02,nan,1.540939495658265367e-03,3.499291287812683702e-03,3.733369182276896538e-03,7.425763379167796274e-04,2.863196247152674772e-03,5.073747225716905215e-03
2.171950772077901794e-04,1.648009653168229548e-03,1.247260857142317748e-02,nan,1.538920259473974903e-03,3.350350463563896240e-03,nan,6.346933531603605235e-04,2.721413217791070552e-03,4.352170842570233025e-03
nan,1.053356651156655806e-03,1.211559561470794411e-02,nan,1.439737697088031140e-03,nan,nan,nan,2.584314815901216263e-03,3.847606467047321767e-03
1.932533516166807868e-04,1.457155320405564836e-03,1.179961151681233229e-02,nan,1.314428788367257841e-03,3.813192254876790217e-03,nan,4.885561903332405042e-04,2.379207715275944313e-03,3.882393727800766310e-03
2.413976515706071132e-04,1.043140087802374655e-03,1.148731702359454161e-02,3.923861370137134326e-03,1.312919649445631887e-03,nan,1.531901653570067216e-03,nan,nan,3.589781802262901732e-03
2.764411191610343841e-04,1.570796460152713630e-03,1.119823561142832199e-02,nan,1.256015904510839141e-03,2.697801690109197324e-03,nan,5.390508786747729266e-04,1.922229264265919602e-03,3.868797511403196908e-03
1.879102653441810434e-04,1.298069511157626211e-03,1.077455362921544632e-02,3.866316512538524059e-03,1.123567153856393566e-03,3.814598495867228562e-03,1.602266448487222163e-03,5.116688746575059898e-04,2.181242234345051080e-03,3.458257007450274510e-03
nan,1.584595986995459161e-03,1.016236421432253553e-02,5.613912213828031218e-03,1.087131836029622996e-03,nan,2.446424121438933556e-03,nan,2.066734824341364893e-03,3.131228697663101558e-03
nan,1.525003599025686728e-03,9.715032728195543976e-03,4.861676062618109154e-03,1.044360164813022424e-03,nan,2.235727269367366373e-03,nan,1.655903826273702906e-03,3.030140678670271200e-03
nan,1.325822188103128931e-03,9.607268329300391180e-03,4.257653831445301629e-03,9.272608852322191883e-04,nan,1.731477597692225286e-03,nan,nan,2.760775675948857252e-03
1.793401095582458041e-04,1.511177133594091785e-03,9.584014534451484879e-03,nan,8.797502554922775062e-04,2.218956682198030064e-03,nan,6.279284250492800975e-04,nan,3.048333086364526066e-03
1.958413723710403177e-04,9.539558792393039053e-04,9.350228378926317765e-03,2.767417201665275071e-03,8.523605066923022966e-04,1.689664620720176006e-03,1.135911976357766853e-03,6.726418853136739056e-04,1.694021014861158076e-03,2.850980829988072549e-03
1.435355596442583991e-04,1.175823970334350299e-03,9.016192091986945101e-03,nan,7.512558953285232780e-04,2.234595238685915461e-03,nan,6.464381491090903566e-04,1.630256333310054753e-03,2.674051857070295149e-03
nan,6.338781252866547943e-04,8.689450367249109200e-03,nan,6.893126468081198438e-04,nan,nan,nan,1.431719834067530454e-03,2.499547981218980600e-03
1.070216609338698124e-04,7.499383778115661188e-04,8.266458917364877604e-03,nan,6.719909532125133925e-04,1.858184029189687480e-03,nan,5.352948454302483387e-04,nan,2.146439847723649944e-03
nan,4.609460649692113813e-04,7.950099074435692387e-03,nan,6.000617802489684486e-04,nan,nan,nan,1.371199521722894950e-03,2.295427510195524774e-03
1.112881790929367654e-04,5.178323066419623357e-04,7.871153539728273016e-03,1.400477027429075519e-03,5.402485550911810368e-04,2.292205149464091995e-03,9.976988128892715080e-04,4.949003569262855600e-04,1.420386093655916834e-03,2.114272675233667530e-03
8.097346500180713203e-05,4.781643318194429056e-04,7.699282589320707686e-03,1.068540298724547253e-03,5.293675782221225149e-04,1.389903073638832937e-03,1.333961431216708652e-03,4.565641078711759823e-04,1.333590745319831409e-03,2.083189523471667103e-03
8.085992392832510244e-05,4.864518026155823351e-04,7.301167783506199924e-03,8.521150883945094543e-04,4.802679006497415147e-04,1.236963223560442072e-03,8.635394904643338334e-04,3.677749229358000705e-04,1.366467608092440233e-03,1.917697672554908575e-03
nan,6.560227854470391433e-04,7.009844956012875085e-03,nan,4.231678741895110994e-04,nan,nan,nan,1.238462551173920593e-03,1.601900579743429113e-03
nan,5.249102320010966792e-04,6.912930664483755636e-03,nan,4.131129475899881771e-04,nan,nan,nan,1.246531399728753944e-03,1.625614414565570509e-03
6.657165044506918106e-05,8.439457765618223585e-04,6.731519780775910115e-03,nan,3.847979574252600944e-04,1.247962417065631843e-03,nan,2.119214076568690422e-04,nan,1.497613053368467700e-03
7.925411805488701662e-05,5.548177133668726101e-04,6.474708830700909128e-03,nan,3.355555792811347471e-04,1.389113145646430660e-03,nan,1.864385188647976505e-04,nan,1.565426156349918876e-03
5.536525579819908570e-05,8.412572191632647790e-04,6.263099382265596184e-03,1.606239214228912849e-04,3.228006594729907418e-04,1.807849513482080901e-03,3.883779714364662332e-04,1.538787150349827542e-04,1.085868194097696499e-03,1.532808632048846291e-03
nan,5.304563716510774310e-04,5.931139741776044437e-03,nan,3.064772474023444199e-04,nan,nan,nan,1.051789394710707501e-03,1.330037900570520343e-03
5.382435477505496734e-05,6.087467800636649912e-04,5.546942533411486007e-03,1.463183313011666127e-04,2.658119182514047298e-04,1.274525111950189447e-03,4.146632187201371189e-04,8.843378779771070460e-05,9.367814518765722135e-04,1.335993840911760093e-03
nan,4.417839537874590147e-04,5.363783073733973360e-03,2.030891985668413209e-04,2.505169130668362214e-04,nan,5.607074624092834138e-04,nan,nan,1.184471041477232331e-03
5.537147883622386816e-05,3.445562661038593108e-04,5.323194371516680977e-03,1.921110254649133718e-04,2.425745650910642590e-04,1.352818886349590934e-03,4.946216275837127469e-04,6.174309706869499570e-05,nan,1.255820477405877140e-03
5.783361635749257132e-05,3.129838756108442154e-04,5.204826956723300480e-03,1.368860012483687758e-04,2.120548929077745604e-04,7.588698746484414705e-04,3.402400785585635258e-04,6.251500239598834917e-05,7.596704042425569047e-04,1.246678856089567054e-03
5.835455478111243818e-05,1.806334988110394873e-04,5.012157600380011055e-03,nan,1.960422756782126299e-04,9.659891471555182366e-04,nan,5.658281849711387790e-05,7.583030029464554646e-04,1.134978583563534546e-03
nan,2.306598661760918452e-04,4.822541533293006610e-03,1.024613800572718615e-04,1.936677199839102878e-04,nan,2.259397349157722060e-04,nan,7.005918670725113121e-04,1.110240676577110277e-03
nan,1.357963558923105615e-04,4.601515396744374799e-03,nan,1.722203026920109971e-04,nan,nan,nan,nan,9.320033961841958431e-04
4.899063981752384896e-05,2.390999891461036164e-04,4.386058768353429463e-03,nan,1.559835889078221394e-04,6.274753618779337115e-04,nan,4.081115458296272203e-05,nan,9.476588927742733313e-04
4.396944915012288176e-05,1.739913524467178287e-04,4.252132447757585830e-03,nan,1.565621218776944157e-04,nan,nan,4.246139392812849886e-05,5.784909758480534861e-04,9.269083984429584734e-04
3.028257459687586355e-05,2.795558053979942440e-04,4.117314541571773928e-03,nan,1.435157922083127411e-04,4.238589967879469352e-04,nan,4.743615221062569986e-05,5.270603169699872434e-04,8.724073989925377505e-04
3.370677168205499967e-05,2.441666333466701189e-04,3.923223275768879074e-03,1.230630984039968081e-04,1.273704335770081946e-04,nan,1.905099762817731178e-04,4.211478393377994837e-05,5.353635415600499145e-04,8.665050554010827544e-04
2.632428088325713793e-05,2.623454995711926646e-04,3.709648152555046572e-03,1.079425890320396332e-04,1.267001543958469272e-04,5.397543408764497166e-04,2.896935521490456617e-04,3.992879398373950161e-05,4.921555147686620295e-04,7.125269871957569997e-04
nan,2.860624802105273348e-04,3.547479441519639509e-03,9.674193139220516990e-05,1.185695744412640563e-04,nan,1.516490241107835307e-04,nan,4.600480388507051615e-04,6.980181477502173451e-04
1.792566236817506395e-05,1.951311046587736171e-04,3.444121906058012113e-03,nan,1.035718609796553157e-04,2.121924670463281703e-04,nan,3.119726040539208024e-05,4.263833854179628581e-04,6.614003501647928085e-04
1.528683143018067021e-05,2.535028471199006614e-04,3.337262146256613719e-03,nan,1.013954649387923822e-04,2.080963989110890921e-04,nan,3.352203580452538923e-05,nan,6.696720713132773943e-04
1.235982711986834560e-05,1.246844291505003611e-04,3.199788558257241500e-03,nan,9.649703156593428201e-05,2.889458860503779582e-04,nan,3.180045961829209563e-05,3.632259251717222790e-04,6.896475317020798719e-04
6.996954390895934727e-06,1.646753125800642134e-04,3.024539273991544430e-03,nan,8.270625682941430711e-05,1.246771303268516724e-04,nan,2.503327035482975975e-05,3.864087056011828738e-04,6.137741823468622010e-04
nan,7.351205920192298315e-05,2.830040571696844191e-03,2.863981060388911463e-05,7.801674992969647349e-05,nan,8.094726098209083340e-05,nan,3.572173812282278108e-04,6.032756271320287213e-04
4.293557583182263532e-06,8.654201490451482307e-05,2.660355472684060828e-03,nan,7.509525407432325150e-05,nan,nan,1.607615821396399407e-05,2.825903721310343104e-04,5.534601074959296686e-04
nan,5.378204835621932552e-05,2.563019176503264409e-03,2.999292079686512733e-05,6.444297609183408614e-05,nan,8.266886915214329814e-05,nan,nan,5.605725106658685994e-04
2.412611044075207027e-06,5.854945112947094945e-05,2.512837498679956674e-03,3.485822844610323839e-05,5.941945420257371293e-05,4.547103166109308476e-05,1.026186845044261078e-04,1.517074922903578718e-05,nan,5.759830940082230448e-04
3.026975636136244948e-06,6.692948983462840729e-05,2.412037796618685635e-03,nan,5.836506103885949443e-05,7.167869867827535092e-05,7.551612803067056512e-05,1.295329419992297618e-05,2.482643285798652954e-04,5.304296587443443510e-04
2.363132451030021768e-06,5.988891650079270455e-05,2.270246248242827405e-03,1.846938893526792237e-05,5.044006690963522666e-05,7.469306221979628898e-05,6.108769303816417612e-05,1.037923137838871674e-05,2.262862486548246983e-04,5.192063451526597378e-04
nan,1.002972404392719593e-04,2.144597759339741515e-03,nan,4.466349824406598914e-05,nan,nan,nan,1.827487069478070630e-04,4.535975068687888309e-04
4.581797988148502471e-06,6.450352814003397365e-05,2.022981304462225047e-03,2.029482276944760352e-05,4.421039979387465367e-05,3.753791252116428647e-05,4.543857578737685782e-05,6.010364453113696168e-06,nan,4.443253761231376526e-04
nan,1.189405662965216756e-04,1.922725334824505273e-03,nan,3.953103841043815829e-05,nan,nan,nan,1.467672183016297427e-04,4.354442715760914765e-04
5.934125300670291420e-06,6.541866288468395514e-05,1.849385384859963391e-03,nan,3.434738963688792102e-05,2.429634141271134386e-05,nan,5.587881067556859297e-06,1.421471436528300755e-04,4.189101913803350134e-04
7.261873864742708072e-06,9.906546474392456539e-05,1.755100474677422041e-03,nan,3.362730850920137547e-05,1.586957891796024836e-05,nan,5.210055633334618449e-06,1.278074318404976513e-04,4.152143193026555635e-04
nan,5.858309658481516269e-05,1.620090452659599285e-03,7.970178377099736437e-05,3.041935463949049472e-05,nan,5.158488969379859316e-05,nan,1.176495880051112744e-04,3.601943569139368149e-04
nan,5.834588903152010489e-05,1.516358849050846542e-03,1.202761539528520113e-04,2.564838526453443613e-05,nan,2.569326955225023366e-05,nan,9.666516102932145226e-05,3.463836361819232971e-04
nan,4.308546663145416467e-05,1.463977814623915186e-03,nan,2.464431960901124349e-05,nan,4.296321901173341299e-05,nan,9.273437917982261483e-05,3.264682824285953275e-04
9.927820203339330469e-06,2.568000117214370613e-05,1.392306391801393685e-03,1.429193896457663950e-04,2.285168408319703941e-05,1.978085613513548590e-05,1.907090225619330345e-05,5.732096239127596354e-06,nan,3.301106685583101081e-04
1.312569378126754188e-05,2.630122986167903547e-05,1.311872810984062842e-03,nan,1.895348258563111718e-05,4.515134894780450491e-05,nan,6.468106575401872860e-06,nan,3.402024819532129137e-04
7.623537554347218716e-06,1.223641641021309515e-05,1.237740797834846560e-03,nan,1.761363470321733384e-05,1.319884578167580661e-05,nan,6.745881338482641844e-06,7.032176324625026575e-05,3.178773557910985069e-04
nan,2.083871626135022151e-05,1.138381268984248228e-03,nan,1.658138608398564967e-05,nan,nan,nan,6.496781791534395024e-05,3.178317966591171200e-04
9.022394208197569970e-06,1.242364784847764768e-05,1.036190519945125567e-03,nan,1.365620189537915609e-05,4.008570959702203784e-05,nan,5.546263613927428006e-06,5.647438294060582213e-05,2.913284458505074328e-04
nan,2.719319006926098126e-05,9.774649183534329499e-04,1.193909489528907343e-04,1.228582491649677332e-05,nan,1.095632242867502689e-05,nan,nan,2.963147046032291653e-04
6.931959977626687336e-06,2.111609572104146754e-05,9.450211892514325494e-04,nan,1.188353157727227144e-05,1.023974851148887765e-05,nan,5.162978939431910036e-06,nan,3.014248298803630572e-04
8.629779888551553806e-06,3.292677717176291483e-05,8.906577175473821828e-04,1.231298883331014753e-04,9.997451813797671259e-06,2.618852707599470057e-05,1.028608919864128405e-05,5.126570634882274769e-06,4.082908287340183766e-05,2.903065198296546313e-04
5.023417186560404968e-06,3.260313849629592654e-05,8.287137128665967179e-04,9.868433422227314061e-05,8.696177127479239800e-06,2.308942718580119004e-05,1.401537954726257526e-05,4.357425569534877473e-06,3.914583999382895493e-05,2.877573991207376292e-04
nan,2.924516626029912287e-05,7.748693543082827697e-04,nan,8.452343990535036053e-06,nan,nan,3.137889787258680438e-06,3.425809319647174245e-05,2.503014391068748043e-04
nan,3.764177267044881007e-05,7.128443836121740569e-04,3.584710251278159290e-05,7.276902558133800620e-06,nan,1.248702142925331596e-05,nan,nan,2.473944834844392891e-04
4.138283506911662337e-06,2.007775868541176412e-05,6.565213472208567469e-04,nan,6.200213813624915046e-06,3.174678367363761107e-05,nan,2.565820430210204627e-06,nan,2.334959110982775382e-04
3.024387523322340459e-06,3.045461354084698992e-05,6.136291718571169462e-04,1.970760703935005734e-05,6.087782989667468307e-06,1.113736649986843493e-05,1.274706929338157966e-05,2.348078173556413332e-06,2.395308264111366788e-05,2.284678274271272416e-04
1.878318984903915148e-06,1.198785600807049994e-05,5.696261141470011476e-04,nan,5.435000274090276339e-06,7.960297459154565763e-06,nan,2.180357863559786765e-06,2.131281002552317048e-05,2.296683149801759043e-04
nan,1.699493266271095437e-05,5.148337990551903097e-04,nan,4.537057405452948864e-06,nan,nan,nan,2.019775963886715622e-05,2.010253116034514502e-04
1.500023624346922432e-06,7.226769666442986233e-06,4.628543944051650050e-04,2.342190495187294709e-05,4.414100082909172865e-06,2.006662858770146940e-05,3.405462150678406441e-06,1.284213811527408814e-06,1.711404758475875410e-05,1.992428409865032836e-04
nan,8.294720155470258210e-06,4.282833610933779148e-04,2.286801509263249174e-05,4.109130589108726918e-06,nan,6.430101778326880977e-06,nan,1.587153524660044022e-05,1.807866479961806668e-04
8.369078243161463546e-07,6.637388138547218152e-06,4.024199857670114188e-04,2.210291727501234788e-05,3.439368208794104748e-06,1.396981845840985076e-05,2.594234023520324232e-06,7.705336340304592042e-07,1.444553232641085986e-05,1.852088004355291028e-04
8.061156771707292411e-07,7.405333365591506687e-06,3.754863383604897624e-04,nan,3.335287136596525061e-06,2.466254314244604309e-05,nan,7.884726666647719992e-07,nan,1.955124977547086063e-04
3.339720603972483147e-07,1.233950002288392425e-05,3.438942002744289558e-04,1.968040487053120967e-05,3.274903872952056820e-06,6.194839484625097653e-06,1.884985758979749416e-06,7.391636311431711720e-07,1.230066100914768881e-05,1.794671007080275509e-04
2.721629873063820401e-07,9.576169587779836769e-06,3.104383841304883887e-04,nan,2.790435374640720066e-06,7.890396198813080325e-06,nan,6.395030192915334097e-07,1.320025524521003095e-05,1.914278360682043691e-04
nan,2.092209141873764539e-05,2.781774676809571699e-04,nan,2.653318742444382794e-06,nan,nan,nan,1.293305642445851440e-05,1.668319994887513820e-04
1.568797409816952204e-07,1.138042019258232234e-05,2.492615085573822659e-04,nan,2.720409340933300957e-06,1.081977416758971888e-05,nan,7.856934030681229947e-07,nan,1.712169254137158405e-04
nan,2.417695822537452272e-05,2.302971267625047297e-04,nan,2.408567186804482125e-06,nan,nan,nan,nan,1.729426217252983723e-04
2.361418838310008075e-07,1.266992488086568553e-05,2.159056913545791495e-04,1.627249388057639860e-05,2.254606896447321918e-06,1.188333393412739277e-05,1.085674288123062396e-06,1.466586500709908704e-06,nan,1.574627390462677375e-04
3.039257195598703859e-07,1.897706525636920147e-05,1.956937961865479094e-04,2.073245819648798807e-05,2.372569228467577567e-06,1.227492396807963519e-05,2.262552254637906407e-06,1.719314766710868786e-06,1.179840999051071302e-05,1.673621445378113812e-04
2.306474424368013939e-07,1.232727247825995358e-05,1.741910622368342298e-04,1.595169679053615205e-05,2.165860903900216915e-06,4.371593210852311163e-06,9.292267505784361325e-07,1.904016504905902845e-06,1.161656519632479250e-05,1.387705731202347839e-04
nan,9.800540465243179933e-06,1.585315748822658459e-04,nan,1.974051664702081336e-06,nan,2.095169923994792894e-06,nan,9.699902614524416345e-06,1.383900049123287985e-04
5.700184293835341730e-07,8.612782216324676846e-06,1.457863306422423348e-04,nan,2.100318527295866498e-06,1.717508589846015614e-05,nan,1.844603024857461033e-06,nan,1.326685571198564170e-04
5.276370466336596931e-07,3.791609652807625279e-06,1.316476130115705500e-04,4.940335638423030116e-06,1.992782304170587328e-06,3.560601183878266867e-06,9.076174068590158324e-06,2.336538115500822922e-06,1.004567620267989056e-05,1.202199935518758313e-04
4.355938259116797226e-07,5.048993208905050674e-06,1.189365512870153201e-04,nan,1.770996146514991650e-06,2.401045903839061663e-06,8.244013265648864209e-08,2.505062938685015850e-06,1.060924539050349810e-05,1.324737919326703507e-04
6.347684216112469816e-07,2.171412652863309345e-06,1.069599220903188851e-04,4.168664848757424449e-06,1.868981145624201576e-06,1.309552143237069132e-05,5.394192915396552645e-06,2.341884094152582482e-06,1.008741058241751845e-05,1.088532175385632361e-04
nan,5.707757016256935315e-06,9.338244531510381057e-05,nan,1.845524706463359205e-06,nan,nan,nan,9.713087422018675088e-06,1.131536817499549842e-04
4.010511081771297337e-07,3.872673060689267447e-06,8.283966598735166293e-05,nan,1.617123117321871298e-06,2.971530679029817103e-06,1.134087475048510489e-06,1.774847683337887796e-06,8.839613411892123561e-06,1.038531172173684579e-04
nan,9.493515149537150639e-06,7.659402988911966797e-05,7.526613577682629445e-06,1.675538631953296133e-06,nan,4.052437527242030577e-07,nan,9.195644371139890681e-06,9.557734286173112247e-05
6.713527583571009233e-07,8.377408364359862681e-06,7.028832814833034211e-05,7.466257906179916120e-06,1.740879358768388700e-06,1.151173437402291204e-05,7.404475628699309875e-07,1.766176168306401542e-06,nan,1.091154942183015521e-04
7.376239256352425304e-07,1.124272390643301770e-05,6.309369049175730492e-05,4.841000083561822860e-06,1.545471146182823600e-06,1.956686555852929439e-06,3.230870390448439052e-07,1.544481704753625235e-06,nan,9.337868544429030215e-05
5.181134377910635502e-07,1.365358125899921640e-05,5.661921399200187436e-05,nan,1.545207692092339928e-06,2.461095634114623119e-06,nan,1.201093663880323265e-06,8.564769117118080022e-06,1.023125480920148269e-04
nan,9.067249984237941965e-06,5.047859809053517350e-05,nan,1.649506875636822979e-06,nan,2.761566024503915731e-07,nan,8.619843449718371604e-06,9.157612768327164890e-05
5.333651289929986142e-07,1.465488037985807249e-05,4.447194947905758027e-05,nan,1.490574030339636065e-06,4.298254174015905577e-06,nan,5.239808051150383167e-07,7.965192370927224572e-06,8.429890023652747942e-05
nan,5.564622717229192905e-06,4.007826777626808979e-05,nan,1.442511599358486149e-06,nan,nan,nan,nan,9.374519476104206943e-05
4.278187644749861578e-07,9.878385188490012157e-06,3.673459796241731768e-05,nan,1.573406449179155133e-06,5.487873477772675140e-06,nan,3.280819474017563351e-07,nan,7.626645010947846184e-05
4.940676909840546758e-07,3.160403631877567631e-06,3.293621721197045383e-05,nan,1.447520447759372940e-06,6.820752681805381549e-06,nan,2.613040267862698048e-07,7.865764593857614854e-06,8.510375930132861447e-05
nan,4.187605486074777060e-06,2.924626909080167787e-05,1.673899755352881968e-05,1.329965693128244743e-06,nan,1.342927637930636184e-07,nan,8.099331856198142230e-06,7.151589915075749358e-05
1.566427490509875697e-07,1.748219896770996083e-06,2.611407139454688828e-05,3.029751048731047872e-05,1.444642895138472910e-06,nan,4.237263321565640664e-07,1.577052987189013906e-07,7.296960816024001449e-06,6.539163090412348416e-05
nan,1.885245224555199084e-06,2.330417672215610695e-05,2.942275770047289430e-05,1.365035277468099437e-06,nan,1.116279945623129766e-07,nan,nan,6.760163584375741234e-05
1.800200654645795366e-07,2.322216841017143921e-06,2.100864192906981231e-05,nan,1.203383764979099110e-06,1.958483509484301856e-06,nan,1.990834395678925126e-07,nan,5.400004212416587490e-05
1.073961549112189140e-07,2.333600024859879121e-06,1.900960633871470775e-05,nan,1.287863609083811589e-06,1.026315864086346724e-06,nan,2.358976079149038341e-07,6.738368925000387489e-06,6.280761962928174582e-05
9.409918444565466587e-08,5.368697630403434200e-06,1.690930312510163574e-05,2.041927945454532882e-05,1.266823448712175797e-06,7.612295533132438412e-06,8.556918530130527205e-05,2.718411273785229201e-07,6.194497737549266447e-06,5.178456683334680489e-05
nan,3.082277135251036716e-06,1.477669116579302564e-05,nan,1.091947653154716964e-06,nan,nan,nan,6.071678410678681827e-06,4.940976104393135276e-05
5.333970219818396224e-08,8.337613719439780264e-06,1.304960168556059905e-05,2.394528525217271464e-05,1.128348115815333593e-06,1.335180861125493723e-06,1.185695871504189255e-06,2.720768535477797055e-07,5.389264750224748801e-06,5.081112877290543014e-05
nan,3.566858898661015490e-06,1.179625492779054062e-05,nan,1.153571762350496845e-06,nan,nan,nan,5.140999002146742499e-06,4.117256173645270735e-05
3.022636319161633137e-08,7.916807656259761272e-06,1.078395533123470464e-05,3.571487711039228913e-05,1.000874926555198244e-06,8.700381474143841531e-06,1.959039606980562025e-07,3.184420328608440285e-07,4.514665172298609213e-06,4.938976568976222262e-05
2.314483964744239308e-08,4.035258653737059246e-06,9.851415857307331141e-06,3.812496845721772334e-05,1.003980393397087951e-06,1.089318657868593021e-06,9.405773546249164828e-08,3.703599538109675853e-07,nan,4.200440729044544922e-05
1.062292057124418905e-08,4.822294129740392095e-06,8.814306053537726454e-06,3.630888247048839234e-05,1.060846069170929562e-06,1.186264628097256100e-06,1.264267368050037213e-07,3.517001538736654417e-07,3.814968362349235187e-06,4.320147000216406847e-05
1.000190448071456707e-08,3.334306250206016207e-06,7.783891072510821786e-06,1.854449336135179313e-05,9.221646657570993051e-07,nan,9.877356760818516662e-08,2.628783238374460565e-07,3.891697960960035354e-06,4.380125380327034120e-05
nan,1.776463409278536612e-06,6.907809264205467215e-06,nan,8.752930097652203189e-07,nan,nan,nan,3.548978596970785833e-06,3.444125194880490897e-05
8.344919040116440178e-09,1.754704279493515985e-06,6.154950950851043323e-06,nan,9.449925899931024703e-07,1.162469104121585477e-06,nan,1.966764321978782379e-07,nan,4.090676524681546378e-05
1.034399350076385110e-08,4.972413357640964538e-07,5.575339346153269776e-06,nan,8.438669400528727653e-07,nan,nan,1.762139371665692428e-07,nan,3.214817198958216054e-05
2.442285128061172385e-08,9.193727994482052029e-07,5.076131512875546139e-06,nan,7.610711309973243270e-07,7.378225483560652107e-06,nan,1.643442579049577039e-07,2.429339463947933078e-06,3.282823326796655255e-05
nan,4.323817111792094844e-07,4.522705050979581131e-06,2.434195895622552657e-06,8.202789194029450940e-07,nan,3.287779848514981369e-08,1.286553892554738632e-07,2.627016457600194722e-06,3.091278184604475245e-05
1.296470148924781316e-08,1.625219468443586092e-06,4.004585354185494050e-06,nan,7.516383168123330830e-07,2.175024816937466159e-06,nan,1.016897540949709888e-07,2.383883757723138291e-06,2.437182977430788289e-05
nan,1.161915719482084566e-06,3.634302155992169039e-06,1.399656677574053066e-06,6.458003346540651501e-07,nan,3.047403937646337780e-08,nan,nan,2.739147730569131142e-05
2.780036154688146232e-08,2.522313252223291626e-06,3.326833420542924995e-06,1.946103954864583932e-06,6.917277896100618094e-07,nan,1.589929289627507007e-07,5.600537028758281610e-08,nan,2.127848848794599426e-05
2.209783502894298421e-08,2.493831764999742166e-06,2.972931238008844689e-06,1.476566445158187547e-06,6.748709729466784718e-07,5.157263714681362016e-07,2.370967010296980764e-08,5.251609712472990253e-08,1.787856207263782499e-06,2.250496036568389588e-05
1.732150476780902122e-08,2.380252648819559082e-06,2.674796271525251823e-06,nan,5.769978656159771057e-07,3.606410158930615726e-06,nan,4.146906502209882142e-08,1.729894707128892913e-06,2.154720062102688033e-05
2.501394387658937766e-08,3.423949215288027905e-06,2.402972792111997760e-06,nan,6.057391278318111624e-07,1.827227276769405239e-06,nan,2.890292147633769184e-08,1.590235711813957036e-06,1.772270483522211281e-05
nan,1.452004324616721983e-06,2.092408578322336334e-06,8.580878875181675228e-07,6.213223297019782231e-07,nan,9.275505552387616873e-06,nan,1.459275690015260633e-06,2.008341587303062717e-05
1.531490598489369841e-08,2.803102936402809016e-06,1.858181619835644778e-06,nan,5.382925700681141974e-07,1.289155051610033954e-06,nan,2.198042399780050205e-08,1.224180718911081772e-06,1.552695601028963279e-05
nan,7.583422928569404823e-07,1.724474824812032393e-06,9.105350464557890395e-07,5.595868794153697681e-07,nan,2.039082879224468158e-07,nan,1.145949682468744141e-06,1.733566069053337942e-05
3.138014740645341606e-08,1.383524033285322845e-06,1.586327863495904884e-06,nan,6.132339535848374310e-07,2.330046718606161383e-07,nan,3.625001336073708275e-08,nan,1.626737248615226923e-05
1.616078933526974610e-08,3.621865679624768976e-07,1.425895644091142920e-06,1.044912813521016680e-06,5.453138527958901047e-07,2.030062768642153614e-07,5.423665866623998643e-08,4.549768721713878629e-08,nan,1.438973415478022118e-05
1.924477602457489014e-08,3.733334155914355891e-07,1.298229984294944966e-06,7.688467253376827447e-07,5.434925847922405644e-07,2.421768062164778213e-06,4.536026053001028056e-08,5.261501077888871802e-08,8.257970953144174058e-07,1.595481736461708722e-05
nan,1.868659229607981100e-07,1.177226830754264896e-06,nan,6.190249091541573098e-07,nan,nan,nan,7.159813469604402779e-07,1.233602811809488703e-05
1.265855581203601897e-08,2.211964875412558373e-07,1.035987283322685505e-06,2.214712555079435135e-07,5.722475485731290726e-07,nan,1.109198804965170732e-07,5.294498515577048443e-08,5.854759383101091459e-07,1.329298422405558567e-05
1.250725492850660527e-08,4.714985248545004950e-07,9.360230180744982177e-07,nan,5.454831502564401543e-07,nan,nan,6.739521295316453812e-08,nan,1.174481777671926468e-05
1.586077598233897290e-08,3.634565934773609049e-07,8.665433973712539750e-07,nan,6.316103899044143579e-07,6.504158638061230541e-07,nan,6.994419738839698624e-08,nan,1.028060216717100177e-05
1.716276623527715322e-08,1.105897266277441518e-06,7.817792558856832730e-07,nan,6.100066138212675185e-07,5.867704473483967871e-08,nan,6.573135981663335835e-08,4.363902991097950888e-07,1.082614038574797822e-05
nan,4.451596582320305152e-07,6.955906577726174480e-07,nan,5.559855991211224434e-07,nan,nan,nan,3.958932815605038005e-07,7.946855607095217194e-06
6.761069292306598972e-09,1.403984788481497051e-06,6.284262659592790803e-07,3.139630595552652547e-08,6.383274364241674075e-07,9.434286066854000527e-07,1.130115852994186756e-08,4.511051525569231410e-08,3.338428135703756981e-07,8.609681327266491437e-06
nan,5.593560221387195617e-07,5.766315292421249339e-07,2.858283202701892625e-08,6.515026441029711349e-07,nan,7.652301578275907263e-08,nan,nan,7.228738910092162094e-06
8.018165638790382614e-09,1.137106183166335850e-06,5.303568755634035270e-07,1.255556101181816508e-08,5.844414418225299223e-07,2.829977775061545522e-08,1.084662882651839490e-08,4.158257201604638248e-08,nan,6.729084838244633208e-06
3.679808570014986003e-09,6.242277988808407103e-07,4.890443249954650477e-07,nan,6.585796560411566241e-07,2.795224236200750804e-07,nan,3.817245635917618751e-08,2.404152047361458504e-07,6.898884671441068806e-06
4.545827850730524914e-09,5.249393143405277197e-07,4.454989872324532008e-07,nan,7.045505719752910459e-07,8.419420067068141914e-08,nan,3.149101510852716379e-08,2.162447907793458241e-07,5.492461229176402447e-06
nan,4.359830750132684017e-07,3.984707551575415436e-07,nan,6.250486363942146168e-07,nan,nan,nan,2.046074207961779248e-07,5.943489403205796531e-06
2.083064119149259827e-09,1.430712779160402153e-07,3.591450557977076166e-07,nan,6.799741242338463128e-07,nan,nan,1.701784997451272477e-08,1.645515215565113264e-07,4.947290170174355558e-06
nan,1.610133811095839541e-07,3.300730061642759411e-07,9.267027848122251554e-10,7.640667747188291996e-07,nan,4.068331346068749502e-07,nan,1.438082483730660392e-07,4.650346370207244017e-06
2.750867376799287430e-09,3.168253232415998165e-08,3.115095600756794890e-07,nan,6.789511468256559561e-07,4.885226310062457509e-09,nan,1.454606176689286347e-08,1.206585810091177910e-07,4.744629942274150522e-06
3.243802021278768504e-09,1.186836678757123734e-07,2.944164338703507483e-07,3.550564836437210102e-09,6.927078469943117889e-07,7.065643948237205356e-09,4.539815961735420808e-08,1.410625346359810442e-08,nan,3.828109904563325364e-06
2.079898205748618710e-09,7.304201780647455663e-08,2.698760852771639154e-07,1.264899344409466831e-08,8.015666189436830173e-07,nan,2.072981864961322054e-08,1.190210061513260618e-08,9.106197613293596202e-08,4.092334100517336604e-06
3.290388164689725216e-09,2.940338958378082165e-07,2.468160763766045489e-07,1.447451781536125093e-08,7.270291431863555408e-07,1.284031860449718758e-08,1.731659226882854521e-08,7.029638496690966191e-09,7.810691089542795332e-08,3.250967030385681550e-06
nan,2.382624457441364892e-07,2.303462836232660706e-07,1.525456709089733654e-08,6.861350209572889652e-07,nan,4.681124568684350243e-08,nan,6.320922321863095166e-08,3.080705128625053105e-06
2.565971562813158858e-09,3.919618490842534749e-07,2.155346141172067084e-07,nan,7.893466566807307900e-07,4.189929863347477788e-08,nan,3.014285267843596145e-09,nan,2.797057822586834135e-06
4.200664026667898749e-09,4.780302831758357488e-07,2.012359429865573699e-07,1.757478190797710004e-08,7.425670477713656873e-07,2.100865437577302011e-08,8.081814913529293583e-06,2.432599819047336171e-09,nan,2.225787448023129646e-06
8.163462170840421089e-09,2.824868145288867574e-07,1.901356656959097014e-07,nan,6.680402041026609662e-07,2.764198648773658432e-09,nan,2.253692651056838952e-09,3.336486546154027361e-08,2.171472522174555641e-06
nan,5.206612105801777055e-07,1.777206289400017293e-07,nan,7.611223700104342249e-07,nan,nan,nan,3.263305666385205668e-08,1.655116499452378558e-06
2.277890954672424580e-09,1.426201576517625009e-07,1.624829459116232317e-07,nan,7.408727582903472657e-07,nan,nan,1.988433103206765495e-09,2.946519862484933601e-08,1.491689326944121216e-06
nan,3.469537879493191035e-07,1.539010679171464710e-07,nan,6.332189038558069308e-07,nan,nan,nan,nan,1.299977072165030702e-06
6.517068593728250508e-09,7.106961835656282490e-08,1.498327980476055520e-07,1.267237479125749530e-07,7.018599135519124425e-07,nan,5.519580290268127627e-09,2.056028051388700365e-09,nan,1.089411346762257626e-06
4.138246908795651851e-09,1.132992666108320260e-07,1.425836361921640664e-07,3.372495203057787201e-07,7.206234399275672893e-07,2.300719348896275302e-07,4.527375558603108382e-08,2.402348046174805704e-09,2.430270037760885585e-08,1.063284876626984410e-06
5.881511277229853404e-09,2.613820789433384320e-08,1.348379435694217480e-07,1.890342571815741149e-07,5.986710173505531448e-07,1.488453208653164047e-08,6.004480883380996655e-09,2.414038402949039480e-09,2.790809942208439829e-08,8.543963723194026736e-07
4.233899365753159522e-09,1.907693586615864530e-08,1.280986500839484184e-07,nan,6.201153470381200619e-07,2.933072180645156497e-09,nan,1.998276913464133079e-09,3.168893292249401227e-08,8.437374792236465267e-07
nan,2.062998625841747580e-08,1.193977042664012121e-07,nan,6.560079306779940937e-07,nan,nan,nan,3.347044950870929595e-08,7.241432415371661949e-07
3.718847170070471903e-09,2.690722867609401619e-08,1.123444854954062004e-07,nan,5.403528542162143922e-07,7.183407572210851866e-08,nan,1.783104917217988498e-09,3.413382712931828781e-08,6.651163847345172478e-07
nan,8.780025764261604881e-08,1.109184998298286075e-07,nan,5.194029229536478897e-07,nan,nan,nan,4.093276951251461166e-08,6.345404579194673201e-07
4.642626231425591276e-09,4.214549928841616258e-08,1.097925468041285878e-07,1.125755897377766619e-07,5.626271982480001326e-07,5.805348995253167918e-09,6.288228483478185122e-08,1.709659454647841937e-09,nan,5.381069300158984111e-07
3.100297621536544528e-09,1.663559147045972003e-07,1.053745134378610254e-07,nan,4.695413727047870070e-07,nan,nan,1.366213828186285409e-09,4.820813367418144503e-08,5.365451701051044265e-07
4.145370815499000569e-09,5.102808483017952513e-08,1.020121929827485453e-07,6.124952077897051646e-08,4.167889906119224927e-07,8.700945521842310024e-09,1.605168060215157072e-08,1.020061499764863110e-09,5.943285018556909515e-08,4.415747128910680686e-07
nan,1.760271524710043574e-07,9.869171395215310999e-08,6.391039561688019692e-08,4.547108016468489596e-07,nan,2.204994237030283999e-08,nan,6.398602013548867158e-08,4.135950590366287431e-07
nan,7.001778833305509917e-08,9.446500730449810546e-08,3.131146533551545556e-08,3.972651391876629606e-07,nan,6.805586370521444762e-09,nan,6.540113249823284642e-08,3.651218737970153287e-07
2.325647165900019877e-09,1.019806440736406449e-07,9.301060146019008201e-08,nan,3.385697116369164761e-07,2.165949707898899394e-08,2.077479455547895083e-07,3.823692856627837014e-10,nan,3.051442429202351495e-07
5.670020370483265408e-09,6.316516743772631865e-08,9.241667666614860038e-08,nan,3.745120606066265124e-07,2.010615753458369888e-09,nan,2.635518124689963851e-10,nan,2.899669432348335022e-07
2.402998659279080975e-09,3.234767101120571374e-08,8.838817117869431432e-08,7.337553052702041615e-08,3.456316096702784185e-07,1.274442989202492463e-08,7.311286992288387845e-10,1.551471179314955438e-10,7.991597197410150779e-08,2.299472208168084476e-07
nan,3.062825951392333208e-08,8.389902183803967996e-08,nan,2.824132411843222075e-07,nan,nan,nan,8.763550700911103351e-08,2.240040804747081515e-07
2.196133311917253705e-09,4.768612795947452135e-09,8.257432573946897094e-08,nan,3.085591078076527392e-07,8.615983528098361472e-09,nan,5.653182913369228464e-11,8.491067036961731127e-08,1.913312610406226959e-07
nan,6.008364491103115312e-09,8.260706798226686395e-08,nan,3.072502864985839019e-07,nan,nan,nan,nan,1.736788164224228190e-07
2.054377405342200083e-09,1.493441432529697941e-09,8.252975812393178020e-08,nan,2.490476783031993785e-07,2.527325843315507353e-07,nan,5.128785136625274859e-11,nan,1.738439972205872257e-07
1.749357386275017726e-09,1.158052200445630595e-08,8.267708960730423828e-08,3.798892139917637725e-07,2.610672634990183623e-07,1.432350311238962719e-08,3.993279463742211580e-09,4.693715618728606731e-11,9.622325719122153255e-08,1.458708118746103273e-07
1.663654393655172008e-09,7.625394839256486972e-09,8.069677584326481761e-08,9.570739257037195025e-07,2.764020939829460364e-07,2.726575719268512881e-09,2.701811585046105608e-08,4.867752112907094658e-11,1.024003979822856210e-07,1.581527923174838967e-07
nan,2.433335491292625470e-08,7.728000549454604212e-08,3.661998255853522667e-07,2.253311354121717457e-07,nan,5.068880366453051363e-09,nan,1.087098415754287929e-07,1.333255295485001002e-07
nan,2.218265572778149808e-08,7.591731385440048083e-08,nan,2.220407633940475456e-07,nan,nan,nan,1.030286170291136764e-07,1.319453691786761704e-07
nan,2.155105892182855468e-08,7.641207620615967394e-08,nan,2.483196008863269324e-07,nan,nan,nan,1.152388765800423826e-07,1.293487163498000742e-07
1.676368971508277856e-09,3.072474309534771919e-08,7.734991836964915670e-08,nan,2.120599318908504601e-07,4.518552824466152465e-09,nan,1.433566829571288456e-10,1.218654129045715499e-07,1.112071066862541942e-07
6.556001269572581484e-10,1.014739896967326872e-08,7.743043424124469634e-08,nan,1.984029092555380816e-07,1.380118240961060755e-06,nan,2.630026976834383057e-10,nan,1.231354393114446194e-07
nan,2.502932405466599040e-08,7.621571444345981855e-08,1.019736515238648921e-07,2.300001675261569534e-07,nan,1.352095551042389663e-08,nan,1.396954500111441733e-07,1.008752404845523100e-07
1.171551978505440229e-09,4.414573615561137471e-09,7.542182489273326870e-08,nan,2.070463179910168470e-07,2.564682665600893011e-09,nan,1.861476086621110943e-09,1.519406426213021828e-07,1.040339620250668265e-07
nan,1.129238648962277297e-08,7.614185956666486887e-08,4.689590220385027804e-08,1.852117134177872178e-07,nan,4.648211094936702523e-09,nan,1.562127778870301961e-07,9.444504768488853516e-08
6.601235905954051820e-10,1.914493550339974507e-09,7.660323395603923117e-08,5.745347163417385178e-08,2.218568056862191961e-07,3.271546740589784299e-08,2.140637397740155803e-08,7.229954176980568922e-09,nan,8.026634768916305274e-08
1.092065874592558812e-09,2.036785847538564726e-09,7.580829182360929307e-08,nan,2.155468812793728630e-07,1.783217904904829608e-09,nan,2.008733862157051891e-09,nan,8.798725526670058315e-08
1.404697753944122918e-09,4.346283706944325016e-10,7.546077780965080407e-08,nan,1.841443186861308067e-07,1.423567790908585520e-08,nan,4.747479700188024291e-10,1.477682588528944016e-07,6.608683726192887750e-08
nan,3.770762217381111624e-10,7.432490758627808196e-08,nan,2.152245083835030725e-07,nan,nan,nan,1.674789590277929217e-07,7.160666120836800237e-08
nan,1.211406409228746713e-09,7.216833015656785373e-08,1.923457531457742051e-10,2.230664876600296588e-07,nan,-3.809327429392040700e-10,nan,1.592775549411410626e-07,6.156370148506572095e-08
nan,1.071940295547473307e-09,7.340512574719495187e-08,nan,1.849020322465230437e-07,nan,nan,nan,nan,5.607511969617477039e-08
nan,4.506938700967600052e-09,7.647918434190658149e-08,nan,2.026569934128940060e-07,nan,nan,2.593192914492742967e-11,nan,6.443196188775141748e-08
9.888172500915187002e-10,1.303453872126826065e-09,7.696945411611916276e-08,nan,2.194277920168589048e-07,4.402292368787311568e-08,nan,1.968169206085737510e-11,1.241379428666746066e-07,5.073177141420727421e-08
nan,6.857950333876498709e-09,7.672898934017844862e-08,5.721015147787366787e-10,1.793259685969002172e-07,5.754049734102251944e-09,1.487769205079724781e-08,1.330922886208227296e-11,1.240366742913751478e-07,6.214270392614837617e-08
1.342835511364135956e-09,2.019410140310103768e-09,7.782910432979679942e-08,7.215189534012685365e-10,1.793618950428018764e-07,1.319333058210211367e-07,1.956627969373011518e-09,7.074728594266797932e-12,1.159910306170598351e-07,5.448409642682731121e-08
nan,5.813580003341498756e-09,7.714488963909956840e-08,nan,1.976700038715803659e-07,nan,nan,nan,1.029392829891515068e-07,5.192166864723570905e-08
2.198054675285708303e-09,2.682339470758204896e-09,7.579488458741846148e-08,1.748412070969550061e-09,1.619280360257165463e-07,1.736101096858940702e-08,3.699480684679475143e-09,3.304199159223482177e-12,9.499388531917527908e-08,6.043603657922661731e-08
nan,2.634912417177732520e-09,7.826311913255500392e-08,nan,1.494735943325364417e-07,nan,nan,4.137215278790778627e-12,9.781605082649598818e-08,4.567906908276582640e-08
1.609584311289843106e-09,2.149756541686748367e-09,8.061602646924239624e-08,nan,1.702953474583027059e-07,9.058586361498774446e-06,nan,8.034702878948745500e-12,8.373500193183292818e-08,5.901570760747519475e-08
nan,6.094369495610201875e-10,7.957927522098331804e-08,nan,1.446087819427354092e-07,nan,nan,2.413352089457319764e-12,8.583782930339648724e-08,4.796602367025163722e-08
